Rocha Red rochare01 18 19520101 SYR 2
Jorgensen Noble jorgeno01 17 19520101 SYR 2
Schayes Dolph schaydo01 14 19520101 SYR 2
Ratkovicz George ratkoge01 9 19520101 SYR 2
Calabrese Gerry calabge01 6 19520101 SYR 2
Cervi Al cervial01 6 19520101 SYR 2
King George kingge01 4 19520101 SYR 2
Seymour Paul seymopa01 4 19520101 SYR 2
Osterkorn Wally osterwa01 2 19520101 SYR 2
Gabor Bill gaborbi01 0 19520101 SYR 2
Mikan George mikange01 37 19520101 MNL 1
Pollard Jim pollaji01 13 19520101 MNL 1
Mikkelsen Vern mikkeve01 13 19520101 MNL 1
Harrison Bob harribo02 9 19520101 MNL 1
Martin Slater martisl01 6 19520101 MNL 1
Schultz Howie schulho01 4 19520101 MNL 1
Skoog Whitey skoogwh01 0 19520101 MNL 1
Hitch Lew hitchle01 0 19520101 MNL 1
Pollard Jim pollaji01 21 19520104 MNL 1
Mikan George mikange01 21 19520104 MNL 1
Mikkelsen Vern mikkeve01 20 19520104 MNL 1
Martin Slater martisl01 9 19520104 MNL 1
Skoog Whitey skoogwh01 5 19520104 MNL 1
Harrison Bob harribo02 2 19520104 MNL 1
Hutton Joe huttojo01 1 19520104 MNL 1
Schultz Howie schulho01 0 19520104 MNL 1
Hitch Lew hitchle01 0 19520104 MNL 1
Foust Larry foustla01 15 19520104 FTW 2
Schaus Fred schaufr01 12 19520104 FTW 2
Brian Frankie brianfr01 12 19520104 FTW 2
Fendley Jake fendlja01 11 19520104 FTW 2
Kerris Jack kerrija01 8 19520104 FTW 2
Johnson Ralph johnsra01 3 19520104 FTW 2
Share Chuck sharech01 2 19520104 FTW 2
Kiley Jack kileyja01 1 19520104 FTW 2
Closs Bill clossbi01 0 19520104 FTW 2
Mikan George mikange01 20 19520105 MNL 1
Mikkelsen Vern mikkeve01 18 19520105 MNL 1
Martin Slater martisl01 13 19520105 MNL 1
Pollard Jim pollaji01 12 19520105 MNL 1
Schultz Howie schulho01 8 19520105 MNL 1
Skoog Whitey skoogwh01 7 19520105 MNL 1
Hutton Joe huttojo01 4 19520105 MNL 1
Hitch Lew hitchle01 3 19520105 MNL 1
Harrison Bob harribo02 1 19520105 MNL 1
Graboski Joe grabojo01 13 19520105 INO 2
Jones Wah_Wah joneswa01 10 19520105 INO 2
Holland Joe hollajo01 10 19520105 INO 2
Tosheff Bill toshebi01 8 19520105 INO 2
O'Brien Ralph obriera01 7 19520105 INO 2
Lavoy Bob lavoybo01 7 19520105 INO 2
Walther Paul walthpa01 5 19520105 INO 2
Lofgran Don lofgrdo01 3 19520105 INO 2
Barker Cliff barkecl01 1 19520105 INO 2
Barnhorst Leo barnhle01 1 19520105 INO 2
Zaslofsky Max zasloma01 18 19520106 NYK 2
Simmons Connie simmoco01 13 19520106 NYK 2
Gallatin Harry gallaha01 12 19520106 NYK 2
Clifton Nat cliftna01 12 19520106 NYK 2
Boryla Vince borylvi01 10 19520106 NYK 2
McGuire Dick mcguidi01 10 19520106 NYK 2
Vandeweghe Ernie vandeer01 9 19520106 NYK 2
McGuire Alfred mcguial01 4 19520106 NYK 2
Lumpp Ray lumppra01 4 19520106 NYK 2
Pollard Jim pollaji01 32 19520106 MNL 1
Mikan George mikange01 25 19520106 MNL 1
Mikkelsen Vern mikkeve01 17 19520106 MNL 1
Hutton Joe huttojo01 10 19520106 MNL 1
Harrison Bob harribo02 8 19520106 MNL 1
Martin Slater martisl01 7 19520106 MNL 1
Skoog Whitey skoogwh01 5 19520106 MNL 1
Hitch Lew hitchle01 2 19520106 MNL 1
Schultz Howie schulho01 1 19520106 MNL 1
Mikan George mikange01 27 19520108 MNL 0
Mikkelsen Vern mikkeve01 15 19520108 MNL 0
Pollard Jim pollaji01 11 19520108 MNL 0
Martin Slater martisl01 10 19520108 MNL 0
Harrison Bob harribo02 4 19520108 MNL 0
Hutton Joe huttojo01 4 19520108 MNL 0
Schultz Howie schulho01 2 19520108 MNL 0
Hitch Lew hitchle01 2 19520108 MNL 0
Graboski Joe grabojo01 23 19520108 INO 1
Barnhorst Leo barnhle01 20 19520108 INO 1
Lofgran Don lofgrdo01 14 19520108 INO 1
Jones Wah_Wah joneswa01 13 19520108 INO 1
Tosheff Bill toshebi01 10 19520108 INO 1
Holland Joe hollajo01 2 19520108 INO 1
O'Brien Ralph obriera01 0 19520108 INO 1
Lofgran Don lofgrdo01 17 19520109 INO 0
Barnhorst Leo barnhle01 14 19520109 INO 0
Holland Joe hollajo01 13 19520109 INO 0
Graboski Joe grabojo01 10 19520109 INO 0
Jones Wah_Wah joneswa01 9 19520109 INO 0
O'Brien Ralph obriera01 8 19520109 INO 0
Tosheff Bill toshebi01 3 19520109 INO 0
Mikan George mikange01 29 19520109 MNL 1
Pollard Jim pollaji01 27 19520109 MNL 1
Mikkelsen Vern mikkeve01 9 19520109 MNL 1
Harrison Bob harribo02 7 19520109 MNL 1
Schultz Howie schulho01 6 19520109 MNL 1
Martin Slater martisl01 6 19520109 MNL 1
Hitch Lew hitchle01 6 19520109 MNL 1
Hutton Joe huttojo01 1 19520109 MNL 1
Mikan George mikange01 18 19520111 MNL 1
Pollard Jim pollaji01 17 19520111 MNL 1
Mikkelsen Vern mikkeve01 15 19520111 MNL 1
Harrison Bob harribo02 10 19520111 MNL 1
Martin Slater martisl01 10 19520111 MNL 1
Schultz Howie schulho01 5 19520111 MNL 1
Hutton Joe huttojo01 0 19520111 MNL 1
Hitch Lew hitchle01 0 19520111 MNL 1
Eddleman Dike eddledi01 17 19520111 MLH 2
Hutchins Mel hutchme01 12 19520111 MLH 2
Otten Don ottendo01 8 19520111 MLH 2
Mehen Dick mehendi01 5 19520111 MLH 2
Boven Don bovendo01 4 19520111 MLH 2
Wilson Bob wilsobo01 4 19520111 MLH 2
Crocker Dillard crockdi01 4 19520111 MLH 2
Owens Red owensre01 3 19520111 MLH 2
O'Shea Kevin osheake01 3 19520111 MLH 2
Rehfeldt Don rehfedo01 3 19520111 MLH 2
Pollard Jim pollaji01 24 19520112 MNL 1
Mikan George mikange01 22 19520112 MNL 1
Mikkelsen Vern mikkeve01 19 19520112 MNL 1
Martin Slater martisl01 17 19520112 MNL 1
Harrison Bob harribo02 13 19520112 MNL 1
Schultz Howie schulho01 1 19520112 MNL 1
Hitch Lew hitchle01 0 19520112 MNL 1
Boven Don bovendo01 18 19520112 MLH 2
Owens Red owensre01 16 19520112 MLH 2
Eddleman Dike eddledi01 15 19520112 MLH 2
Otten Don ottendo01 12 19520112 MLH 2
Hutchins Mel hutchme01 11 19520112 MLH 2
Mehen Dick mehendi01 8 19520112 MLH 2
O'Shea Kevin osheake01 2 19520112 MLH 2
Crocker Dillard crockdi01 2 19520112 MLH 2
Wilson Bob wilsobo01 0 19520112 MLH 2
Rehfeldt Don rehfedo01 0 19520112 MLH 2
Arizin Paul arizipa01 27 19520113 PHW 1
Fulks Joe fulksjo01 27 19520113 PHW 1
Phillip Andy phillan01 11 19520113 PHW 1
Bobb Nelson bobbne01 11 19520113 PHW 1
Mikan Ed mikaned01 8 19520113 PHW 1
Johnston Neil johnsne01 3 19520113 PHW 1
Budko Walt budkowa01 1 19520113 PHW 1
Payton Mel paytome01 0 19520113 PHW 1
Senesky George senesge01 0 19520113 PHW 1
Mikan George mikange01 33 19520113 MNL 0
Mikkelsen Vern mikkeve01 24 19520113 MNL 0
Pollard Jim pollaji01 14 19520113 MNL 0
Martin Slater martisl01 10 19520113 MNL 0
Harrison Bob harribo02 0 19520113 MNL 0
Schultz Howie schulho01 0 19520113 MNL 0
Hutton Joe huttojo01 0 19520113 MNL 0
Arizin Paul arizipa01 22 19520115 PHW 0
Fulks Joe fulksjo01 19 19520115 PHW 0
Phillip Andy phillan01 6 19520115 PHW 0
Mikan Ed mikaned01 5 19520115 PHW 0
Johnston Neil johnsne01 5 19520115 PHW 0
Bobb Nelson bobbne01 4 19520115 PHW 0
Payton Mel paytome01 2 19520115 PHW 0
Senesky George senesge01 2 19520115 PHW 0
Brown Stan brownst01 2 19520115 PHW 0
Budko Walt budkowa01 1 19520115 PHW 0
O'Brien Ralph obriera01 26 19520115 INO 1
Lavoy Bob lavoybo01 22 19520115 INO 1
Graboski Joe grabojo01 17 19520115 INO 1
Lofgran Don lofgrdo01 15 19520115 INO 1
Tosheff Bill toshebi01 11 19520115 INO 1
Barnhorst Leo barnhle01 6 19520115 INO 1
Holland Joe hollajo01 2 19520115 INO 1
Walther Paul walthpa01 2 19520115 INO 1
Jones Wah_Wah joneswa01 0 19520115 INO 1
Lofgran Don lofgrdo01 16 19520118 INO 0
Barnhorst Leo barnhle01 15 19520118 INO 0
O'Brien Ralph obriera01 12 19520118 INO 0
Holland Joe hollajo01 11 19520118 INO 0
Tosheff Bill toshebi01 9 19520118 INO 0
Lavoy Bob lavoybo01 8 19520118 INO 0
Graboski Joe grabojo01 6 19520118 INO 0
Barker Cliff barkecl01 4 19520118 INO 0
Walther Paul walthpa01 2 19520118 INO 0
Jones Wah_Wah joneswa01 0 19520118 INO 0
Arizin Paul arizipa01 20 19520118 PHW 1
Fulks Joe fulksjo01 18 19520118 PHW 1
Mikan Ed mikaned01 15 19520118 PHW 1
Phillip Andy phillan01 14 19520118 PHW 1
Senesky George senesge01 10 19520118 PHW 1
Bobb Nelson bobbne01 7 19520118 PHW 1
Johnston Neil johnsne01 5 19520118 PHW 1
Brown Stan brownst01 5 19520118 PHW 1
Budko Walt budkowa01 4 19520118 PHW 1
Payton Mel paytome01 0 19520118 PHW 1
Arizin Paul arizipa01 29 19520119 PHW 0
Mikan Ed mikaned01 20 19520119 PHW 0
Fulks Joe fulksjo01 18 19520119 PHW 0
Phillip Andy phillan01 10 19520119 PHW 0
Bobb Nelson bobbne01 6 19520119 PHW 0
Budko Walt budkowa01 5 19520119 PHW 0
Senesky George senesge01 0 19520119 PHW 0
Vandeweghe Ernie vandeer01 20 19520119 NYK 1
Zaslofsky Max zasloma01 20 19520119 NYK 1
Clifton Nat cliftna01 18 19520119 NYK 1
McGuire Dick mcguidi01 14 19520119 NYK 1
Gallatin Harry gallaha01 8 19520119 NYK 1
Kaftan George kaftage01 6 19520119 NYK 1
Boryla Vince borylvi01 4 19520119 NYK 1
Simmons Connie simmoco01 4 19520119 NYK 1
Lumpp Ray lumppra01 0 19520119 NYK 1
McGuire Dick mcguidi01 22 19520121 NYK 1
Zaslofsky Max zasloma01 19 19520121 NYK 1
Clifton Nat cliftna01 15 19520121 NYK 1
Boryla Vince borylvi01 14 19520121 NYK 1
Gallatin Harry gallaha01 14 19520121 NYK 1
Simmons Connie simmoco01 10 19520121 NYK 1
Vandeweghe Ernie vandeer01 5 19520121 NYK 1
McGuire Alfred mcguial01 0 19520121 NYK 1
Kaftan George kaftage01 0 19520121 NYK 1
Miasek Stan miasest01 19 19520121 BLB 2
Slaughter Jim slaugji01 12 19520121 BLB 2
Calhoun Bill calhobi01 12 19520121 BLB 2
Scolari Fred scolafr01 11 19520121 BLB 2
Barksdale Don barksdo01 8 19520121 BLB 2
Kudelka Frank kudelfr01 8 19520121 BLB 2
Minor Dave minorda01 7 19520121 BLB 2
Saul Pep saulpe01 6 19520121 BLB 2
Simmons Connie simmoco01 17 19520122 NYK 1
Zaslofsky Max zasloma01 17 19520122 NYK 1
Clifton Nat cliftna01 13 19520122 NYK 1
Gallatin Harry gallaha01 11 19520122 NYK 1
McGuire Dick mcguidi01 9 19520122 NYK 1
Kaftan George kaftage01 6 19520122 NYK 1
Lumpp Ray lumppra01 5 19520122 NYK 1
Vandeweghe Ernie vandeer01 2 19520122 NYK 1
McGuire Alfred mcguial01 2 19520122 NYK 1
Fulks Joe fulksjo01 33 19520122 PHW 2
Arizin Paul arizipa01 24 19520122 PHW 2
Mikan Ed mikaned01 6 19520122 PHW 2
Bobb Nelson bobbne01 6 19520122 PHW 2
Johnston Neil johnsne01 5 19520122 PHW 2
Phillip Andy phillan01 3 19520122 PHW 2
Senesky George senesge01 1 19520122 PHW 2
Budko Walt budkowa01 0 19520122 PHW 2
Lofgran Don lofgrdo01 21 19520126 INO 2
Lavoy Bob lavoybo01 19 19520126 INO 2
Barnhorst Leo barnhle01 14 19520126 INO 2
O'Brien Ralph obriera01 12 19520126 INO 2
Graboski Joe grabojo01 9 19520126 INO 2
Jones Wah_Wah joneswa01 6 19520126 INO 2
Holland Joe hollajo01 5 19520126 INO 2
Tosheff Bill toshebi01 4 19520126 INO 2
Barker Cliff barkecl01 3 19520126 INO 2
Simmons Connie simmoco01 25 19520126 NYK 1
Zaslofsky Max zasloma01 21 19520126 NYK 1
Kaftan George kaftage01 17 19520126 NYK 1
Gallatin Harry gallaha01 9 19520126 NYK 1
Scherer Herb scherhe01 9 19520126 NYK 1
McGuire Dick mcguidi01 6 19520126 NYK 1
McGuire Alfred mcguial01 6 19520126 NYK 1
Lumpp Ray lumppra01 4 19520126 NYK 1
Vandeweghe Ernie vandeer01 2 19520126 NYK 1
Zaslofsky Max zasloma01 25 19520127 NYK 0
Gallatin Harry gallaha01 18 19520127 NYK 0
Kaftan George kaftage01 17 19520127 NYK 0
Scherer Herb scherhe01 12 19520127 NYK 0
McGuire Alfred mcguial01 9 19520127 NYK 0
Simmons Connie simmoco01 5 19520127 NYK 0
Lumpp Ray lumppra01 5 19520127 NYK 0
McGuire Dick mcguidi01 1 19520127 NYK 0
Foust Larry foustla01 29 19520127 FTW 1
Brian Frankie brianfr01 22 19520127 FTW 1
Schaus Fred schaufr01 17 19520127 FTW 1
Kerris Jack kerrija01 17 19520127 FTW 1
Johnson Ralph johnsra01 8 19520127 FTW 1
Closs Bill clossbi01 4 19520127 FTW 1
Share Chuck sharech01 2 19520127 FTW 1
Fendley Jake fendlja01 1 19520127 FTW 1
Brian Frankie brianfr01 18 19520130 FTW 1
Foust Larry foustla01 18 19520130 FTW 1
Schaus Fred schaufr01 15 19520130 FTW 1
Kerris Jack kerrija01 11 19520130 FTW 1
Closs Bill clossbi01 9 19520130 FTW 1
Kiley Jack kileyja01 6 19520130 FTW 1
Johnson Ralph johnsra01 4 19520130 FTW 1
Fendley Jake fendlja01 0 19520130 FTW 1
Share Chuck sharech01 0 19520130 FTW 1
Burris Art burriar01 0 19520130 FTW 1
Lofgran Don lofgrdo01 16 19520130 INO 2
Graboski Joe grabojo01 16 19520130 INO 2
O'Brien Ralph obriera01 14 19520130 INO 2
Barnhorst Leo barnhle01 12 19520130 INO 2
Lavoy Bob lavoybo01 12 19520130 INO 2
Walther Paul walthpa01 6 19520130 INO 2
Tosheff Bill toshebi01 1 19520130 INO 2
Jones Wah_Wah joneswa01 0 19520130 INO 2
Holland Joe hollajo01 0 19520130 INO 2
Pollard Jim pollaji01 23 19520131 MNL 1
Mikan George mikange01 23 19520131 MNL 1
Saul Pep saulpe01 9 19520131 MNL 1
Mikkelsen Vern mikkeve01 8 19520131 MNL 1
Hitch Lew hitchle01 8 19520131 MNL 1
Harrison Bob harribo02 6 19520131 MNL 1
Martin Slater martisl01 3 19520131 MNL 1
Hutton Joe huttojo01 3 19520131 MNL 1
Schultz Howie schulho01 2 19520131 MNL 1
Foust Larry foustla01 25 19520131 FTW 0
Schaus Fred schaufr01 18 19520131 FTW 0
Kerris Jack kerrija01 12 19520131 FTW 0
Johnson Ralph johnsra01 9 19520131 FTW 0
Brian Frankie brianfr01 7 19520131 FTW 0
Closs Bill clossbi01 6 19520131 FTW 0
Share Chuck sharech01 1 19520131 FTW 0
Kiley Jack kileyja01 0 19520131 FTW 0
Fendley Jake fendlja01 0 19520131 FTW 0
Burris Art burriar01 0 19520131 FTW 0
Mikan George mikange01 25 19520201 MNL 0
Mikkelsen Vern mikkeve01 17 19520201 MNL 0
Martin Slater martisl01 12 19520201 MNL 0
Pollard Jim pollaji01 10 19520201 MNL 0
Schultz Howie schulho01 6 19520201 MNL 0
Saul Pep saulpe01 3 19520201 MNL 0
Hitch Lew hitchle01 3 19520201 MNL 0
Harrison Bob harribo02 1 19520201 MNL 0
Hutton Joe huttojo01 0 19520201 MNL 0
Barnhorst Leo barnhle01 20 19520201 INO 1
Tosheff Bill toshebi01 19 19520201 INO 1
Walther Paul walthpa01 17 19520201 INO 1
Jones Wah_Wah joneswa01 14 19520201 INO 1
Graboski Joe grabojo01 6 19520201 INO 1
Lofgran Don lofgrdo01 5 19520201 INO 1
O'Brien Ralph obriera01 3 19520201 INO 1
Lavoy Bob lavoybo01 1 19520201 INO 1
O'Brien Ralph obriera01 14 19520203 INO 0
Lavoy Bob lavoybo01 12 19520203 INO 0
Lofgran Don lofgrdo01 9 19520203 INO 0
Holland Joe hollajo01 9 19520203 INO 0
Barker Cliff barkecl01 7 19520203 INO 0
Walther Paul walthpa01 6 19520203 INO 0
Graboski Joe grabojo01 6 19520203 INO 0
Jones Wah_Wah joneswa01 5 19520203 INO 0
Tosheff Bill toshebi01 2 19520203 INO 0
Barnhorst Leo barnhle01 0 19520203 INO 0
Schaus Fred schaufr01 21 19520203 FTW 1
Brian Frankie brianfr01 17 19520203 FTW 1
Kerris Jack kerrija01 15 19520203 FTW 1
Foust Larry foustla01 12 19520203 FTW 1
Johnson Ralph johnsra01 10 19520203 FTW 1
Closs Bill clossbi01 5 19520203 FTW 1
Share Chuck sharech01 3 19520203 FTW 1
Fendley Jake fendlja01 2 19520203 FTW 1
Kiley Jack kileyja01 0 19520203 FTW 1
Burris Art burriar01 0 19520203 FTW 1
Otten Don ottendo01 24 19520205 MLH 1
Boven Don bovendo01 15 19520205 MLH 1
Eddleman Dike eddledi01 11 19520205 MLH 1
Wilson Bob wilsobo01 9 19520205 MLH 1
Hutchins Mel hutchme01 9 19520205 MLH 1
Crocker Dillard crockdi01 4 19520205 MLH 1
Mehen Dick mehendi01 3 19520205 MLH 1
Foust Larry foustla01 15 19520205 FTW 0
Schaus Fred schaufr01 15 19520205 FTW 0
Brian Frankie brianfr01 11 19520205 FTW 0
Kerris Jack kerrija01 7 19520205 FTW 0
Johnson Ralph johnsra01 6 19520205 FTW 0
Share Chuck sharech01 4 19520205 FTW 0
Closs Bill clossbi01 4 19520205 FTW 0
Fendley Jake fendlja01 2 19520205 FTW 0
Kiley Jack kileyja01 0 19520205 FTW 0
Burris Art burriar01 0 19520205 FTW 0
Otten Don ottendo01 28 19520208 MLH 0
Eddleman Dike eddledi01 12 19520208 MLH 0
Hutchins Mel hutchme01 11 19520208 MLH 0
Mehen Dick mehendi01 9 19520208 MLH 0
Crocker Dillard crockdi01 8 19520208 MLH 0
Boven Don bovendo01 5 19520208 MLH 0
Wilson Bob wilsobo01 3 19520208 MLH 0
Rennicke John rennijo01 0 19520208 MLH 0
Barnhorst Leo barnhle01 20 19520208 INO 1
Walther Paul walthpa01 18 19520208 INO 1
Lavoy Bob lavoybo01 13 19520208 INO 1
O'Brien Ralph obriera01 11 19520208 INO 1
Graboski Joe grabojo01 9 19520208 INO 1
Lofgran Don lofgrdo01 5 19520208 INO 1
Tosheff Bill toshebi01 3 19520208 INO 1
Jones Wah_Wah joneswa01 1 19520208 INO 1
Tosheff Bill toshebi01 18 19520209 INO 0
Lofgran Don lofgrdo01 16 19520209 INO 0
Lavoy Bob lavoybo01 16 19520209 INO 0
Barnhorst Leo barnhle01 12 19520209 INO 0
Graboski Joe grabojo01 8 19520209 INO 0
Walther Paul walthpa01 8 19520209 INO 0
O'Brien Ralph obriera01 3 19520209 INO 0
Barker Cliff barkecl01 2 19520209 INO 0
Jones Wah_Wah joneswa01 0 19520209 INO 0
Otten Don ottendo01 27 19520209 MLH 1
Mehen Dick mehendi01 16 19520209 MLH 1
Crocker Dillard crockdi01 15 19520209 MLH 1
Wilson Bob wilsobo01 9 19520209 MLH 1
Kirk Walt kirkwa01 9 19520209 MLH 1
Hutchins Mel hutchme01 8 19520209 MLH 1
Eddleman Dike eddledi01 5 19520209 MLH 1
Boven Don bovendo01 1 19520209 MLH 1
Saul Pep saulpe01 14 19520210 MNL 2
Harrison Bob harribo02 11 19520210 MNL 2
Pollard Jim pollaji01 11 19520210 MNL 2
Mikkelsen Vern mikkeve01 11 19520210 MNL 2
Mikan George mikange01 8 19520210 MNL 2
Skoog Whitey skoogwh01 4 19520210 MNL 2
Hitch Lew hitchle01 4 19520210 MNL 2
Martin Slater martisl01 3 19520210 MNL 2
Schultz Howie schulho01 3 19520210 MNL 2
Hutton Joe huttojo01 0 19520210 MNL 2
Boven Don bovendo01 16 19520210 MLH 1
Otten Don ottendo01 14 19520210 MLH 1
Kirk Walt kirkwa01 11 19520210 MLH 1
Hutchins Mel hutchme01 10 19520210 MLH 1
Crocker Dillard crockdi01 10 19520210 MLH 1
Mehen Dick mehendi01 5 19520210 MLH 1
Eddleman Dike eddledi01 3 19520210 MLH 1
Wilson Bob wilsobo01 1 19520210 MLH 1
Rennicke John rennijo01 0 19520210 MLH 1
Pollard Jim pollaji01 25 19520214 MNL 1
Mikan George mikange01 16 19520214 MNL 1
Saul Pep saulpe01 15 19520214 MNL 1
Mikkelsen Vern mikkeve01 12 19520214 MNL 1
Harrison Bob harribo02 11 19520214 MNL 1
Martin Slater martisl01 9 19520214 MNL 1
Schultz Howie schulho01 9 19520214 MNL 1
Hitch Lew hitchle01 7 19520214 MNL 1
Hutton Joe huttojo01 3 19520214 MNL 1
Skoog Whitey skoogwh01 2 19520214 MNL 1
Otten Don ottendo01 16 19520214 MLH 0
Crocker Dillard crockdi01 12 19520214 MLH 0
Boven Don bovendo01 11 19520214 MLH 0
Hutchins Mel hutchme01 11 19520214 MLH 0
Mehen Dick mehendi01 9 19520214 MLH 0
Burris Art burriar01 9 19520214 MLH 0
Wilson Bob wilsobo01 6 19520214 MLH 0
DeLong Nate delonna01 0 19520214 MLH 0
Martin Slater martisl01 17 19520216 MNL 0
Mikkelsen Vern mikkeve01 15 19520216 MNL 0
Hitch Lew hitchle01 14 19520216 MNL 0
Pollard Jim pollaji01 9 19520216 MNL 0
Saul Pep saulpe01 7 19520216 MNL 0
Skoog Whitey skoogwh01 6 19520216 MNL 0
Harrison Bob harribo02 5 19520216 MNL 0
Schultz Howie schulho01 2 19520216 MNL 0
Hutton Joe huttojo01 0 19520216 MNL 0
Cousy Bob cousybo01 24 19520216 BOS 1
Macauley Ed macaued01 16 19520216 BOS 1
Sharman Bill sharmbi01 14 19520216 BOS 1
Harris Bob harribo01 10 19520216 BOS 1
Cooper Chuck coopech01 5 19520216 BOS 1
Brannum Bob brannbo01 4 19520216 BOS 1
Mahnken John mahnkjo01 2 19520216 BOS 1
Donham Bob donhabo01 2 19520216 BOS 1
McKinney Bones mckinbo01 0 19520216 BOS 1
Boven Don bovendo01 28 19520217 MLH 1
Kirk Walt kirkwa01 17 19520217 MLH 1
Otten Don ottendo01 15 19520217 MLH 1
Crocker Dillard crockdi01 14 19520217 MLH 1
Mehen Dick mehendi01 13 19520217 MLH 1
Hutchins Mel hutchme01 9 19520217 MLH 1
Vance Gene vancege01 1 19520217 MLH 1
Wilson Bob wilsobo01 0 19520217 MLH 1
Burris Art burriar01 0 19520217 MLH 1
Cousy Bob cousybo01 22 19520217 BOS 0
Macauley Ed macaued01 19 19520217 BOS 0
Cooper Chuck coopech01 16 19520217 BOS 0
Dickey Dick dickedi01 15 19520217 BOS 0
Harris Bob harribo01 6 19520217 BOS 0
Sharman Bill sharmbi01 6 19520217 BOS 0
Donham Bob donhabo01 5 19520217 BOS 0
Brannum Bob brannbo01 4 19520217 BOS 0
McKinney Bones mckinbo01 2 19520217 BOS 0
Mahnken John mahnkjo01 0 19520217 BOS 0
Mehen Dick mehendi01 19 19520218 MLH 0
Boven Don bovendo01 14 19520218 MLH 0
Kirk Walt kirkwa01 14 19520218 MLH 0
Hutchins Mel hutchme01 10 19520218 MLH 0
Burris Art burriar01 10 19520218 MLH 0
Otten Don ottendo01 8 19520218 MLH 0
Crocker Dillard crockdi01 4 19520218 MLH 0
Vance Gene vancege01 3 19520218 MLH 0
Wilson Bob wilsobo01 2 19520218 MLH 0
DeLong Nate delonna01 0 19520218 MLH 0
Cousy Bob cousybo01 31 19520218 BOS 1
Macauley Ed macaued01 14 19520218 BOS 1
Donham Bob donhabo01 11 19520218 BOS 1
Sharman Bill sharmbi01 11 19520218 BOS 1
Cooper Chuck coopech01 10 19520218 BOS 1
Brannum Bob brannbo01 7 19520218 BOS 1
Dickey Dick dickedi01 7 19520218 BOS 1
McKinney Bones mckinbo01 7 19520218 BOS 1
Harris Bob harribo01 6 19520218 BOS 1
Mahnken John mahnkjo01 2 19520218 BOS 1
Macauley Ed macaued01 27 19520219 BOS 0
Cooper Chuck coopech01 13 19520219 BOS 0
Sharman Bill sharmbi01 12 19520219 BOS 0
Cousy Bob cousybo01 10 19520219 BOS 0
Harris Bob harribo01 7 19520219 BOS 0
Donham Bob donhabo01 5 19520219 BOS 0
Dickey Dick dickedi01 3 19520219 BOS 0
Mahnken John mahnkjo01 2 19520219 BOS 0
Brannum Bob brannbo01 2 19520219 BOS 0
Graboski Joe grabojo01 27 19520219 INO 1
Tosheff Bill toshebi01 15 19520219 INO 1
Barnhorst Leo barnhle01 15 19520219 INO 1
Lavoy Bob lavoybo01 13 19520219 INO 1
Walther Paul walthpa01 6 19520219 INO 1
O'Brien Ralph obriera01 3 19520219 INO 1
Jones Wah_Wah joneswa01 3 19520219 INO 1
Barker Cliff barkecl01 0 19520219 INO 1
Lofgran Don lofgrdo01 0 19520219 INO 1
Holland Joe hollajo01 0 19520219 INO 1
Boven Don bovendo01 18 19520220 MLH 2
Crocker Dillard crockdi01 17 19520220 MLH 2
Hutchins Mel hutchme01 12 19520220 MLH 2
Mehen Dick mehendi01 11 19520220 MLH 2
Otten Don ottendo01 8 19520220 MLH 2
Burris Art burriar01 7 19520220 MLH 2
Vance Gene vancege01 4 19520220 MLH 2
Wilson Bob wilsobo01 3 19520220 MLH 2
DeLong Nate delonna01 0 19520220 MLH 2
Graboski Joe grabojo01 27 19520220 INO 1
Lavoy Bob lavoybo01 23 19520220 INO 1
Walther Paul walthpa01 11 19520220 INO 1
Tosheff Bill toshebi01 11 19520220 INO 1
Jones Wah_Wah joneswa01 10 19520220 INO 1
Barnhorst Leo barnhle01 10 19520220 INO 1
Lofgran Don lofgrdo01 3 19520220 INO 1
O'Brien Ralph obriera01 0 19520220 INO 1
Barker Cliff barkecl01 0 19520220 INO 1
Holland Joe hollajo01 0 19520220 INO 1
Mehen Dick mehendi01 15 19520222 MLH 2
Burris Art burriar01 13 19520222 MLH 2
Otten Don ottendo01 12 19520222 MLH 2
Crocker Dillard crockdi01 11 19520222 MLH 2
Hutchins Mel hutchme01 9 19520222 MLH 2
Vance Gene vancege01 6 19520222 MLH 2
Wilson Bob wilsobo01 5 19520222 MLH 2
Boven Don bovendo01 2 19520222 MLH 2
DeLong Nate delonna01 0 19520222 MLH 2
Lofgran Don lofgrdo01 20 19520222 INO 1
Walther Paul walthpa01 18 19520222 INO 1
Jones Wah_Wah joneswa01 10 19520222 INO 1
Graboski Joe grabojo01 9 19520222 INO 1
Lavoy Bob lavoybo01 7 19520222 INO 1
O'Brien Ralph obriera01 6 19520222 INO 1
Tosheff Bill toshebi01 6 19520222 INO 1
Holland Joe hollajo01 4 19520222 INO 1
Barker Cliff barkecl01 1 19520222 INO 1
Barnhorst Leo barnhle01 1 19520222 INO 1
Otten Don ottendo01 14 19520223 MLH 2
Mehen Dick mehendi01 12 19520223 MLH 2
Boven Don bovendo01 9 19520223 MLH 2
Crocker Dillard crockdi01 8 19520223 MLH 2
Kirk Walt kirkwa01 7 19520223 MLH 2
Hutchins Mel hutchme01 5 19520223 MLH 2
DeLong Nate delonna01 2 19520223 MLH 2
Burris Art burriar01 2 19520223 MLH 2
Wilson Bob wilsobo01 0 19520223 MLH 2
Walther Paul walthpa01 19 19520223 INO 1
O'Brien Ralph obriera01 15 19520223 INO 1
Lavoy Bob lavoybo01 13 19520223 INO 1
Lofgran Don lofgrdo01 12 19520223 INO 1
Jones Wah_Wah joneswa01 9 19520223 INO 1
Barnhorst Leo barnhle01 8 19520223 INO 1
Holland Joe hollajo01 5 19520223 INO 1
Tosheff Bill toshebi01 3 19520223 INO 1
Barker Cliff barkecl01 2 19520223 INO 1
Arizin Paul arizipa01 31 19520226 PHW 1
Phillip Andy phillan01 20 19520226 PHW 1
Johnston Neil johnsne01 10 19520226 PHW 1
Mikan Ed mikaned01 9 19520226 PHW 1
Fulks Joe fulksjo01 6 19520226 PHW 1
Budko Walt budkowa01 6 19520226 PHW 1
Bobb Nelson bobbne01 3 19520226 PHW 1
Senesky George senesge01 2 19520226 PHW 1
Gardner Vern gardnve01 1 19520226 PHW 1
Barnhorst Leo barnhle01 24 19520226 INO 0
Walther Paul walthpa01 19 19520226 INO 0
O'Brien Ralph obriera01 16 19520226 INO 0
Graboski Joe grabojo01 13 19520226 INO 0
Lavoy Bob lavoybo01 12 19520226 INO 0
Lofgran Don lofgrdo01 2 19520226 INO 0
Barker Cliff barkecl01 0 19520226 INO 0
Holland Joe hollajo01 0 19520226 INO 0
Barnhorst Leo barnhle01 21 19520227 INO 2
O'Brien Ralph obriera01 17 19520227 INO 2
Graboski Joe grabojo01 14 19520227 INO 2
Jones Wah_Wah joneswa01 13 19520227 INO 2
Walther Paul walthpa01 11 19520227 INO 2
Lavoy Bob lavoybo01 6 19520227 INO 2
Tosheff Bill toshebi01 4 19520227 INO 2
Lofgran Don lofgrdo01 3 19520227 INO 2
Arizin Paul arizipa01 25 19520227 PHW 1
Phillip Andy phillan01 19 19520227 PHW 1
Budko Walt budkowa01 15 19520227 PHW 1
Gardner Vern gardnve01 12 19520227 PHW 1
Johnston Neil johnsne01 9 19520227 PHW 1
Mikan Ed mikaned01 7 19520227 PHW 1
Bobb Nelson bobbne01 5 19520227 PHW 1
Senesky George senesge01 3 19520227 PHW 1
Fulks Joe fulksjo01 2 19520227 PHW 1
Barksdale Don barksdo01 20 19520229 BLB 2
Minor Dave minorda01 19 19520229 BLB 2
O'Shea Kevin osheake01 12 19520229 BLB 2
Kudelka Frank kudelfr01 12 19520229 BLB 2
Scolari Fred scolafr01 9 19520229 BLB 2
Miasek Stan miasest01 8 19520229 BLB 2
Slaughter Jim slaugji01 4 19520229 BLB 2
Calhoun Bill calhobi01 2 19520229 BLB 2
McNamee Joe mcnamjo01 0 19520229 BLB 2
Arizin Paul arizipa01 40 19520229 PHW 1
Phillip Andy phillan01 17 19520229 PHW 1
Fulks Joe fulksjo01 14 19520229 PHW 1
Gardner Vern gardnve01 10 19520229 PHW 1
Mikan Ed mikaned01 8 19520229 PHW 1
Bobb Nelson bobbne01 8 19520229 PHW 1
Johnston Neil johnsne01 2 19520229 PHW 1
Budko Walt budkowa01 2 19520229 PHW 1
Senesky George senesge01 2 19520229 PHW 1
Arizin Paul arizipa01 28 19520301 PHW 0
Senesky George senesge01 14 19520301 PHW 0
Phillip Andy phillan01 12 19520301 PHW 0
Mikan Ed mikaned01 10 19520301 PHW 0
Johnston Neil johnsne01 5 19520301 PHW 0
Fulks Joe fulksjo01 5 19520301 PHW 0
Gardner Vern gardnve01 2 19520301 PHW 0
Budko Walt budkowa01 1 19520301 PHW 0
Bobb Nelson bobbne01 0 19520301 PHW 0
Kudelka Frank kudelfr01 19 19520301 BLB 1
Scolari Fred scolafr01 17 19520301 BLB 1
Calhoun Bill calhobi01 15 19520301 BLB 1
O'Shea Kevin osheake01 9 19520301 BLB 1
Minor Dave minorda01 8 19520301 BLB 1
McNamee Joe mcnamjo01 8 19520301 BLB 1
Miasek Stan miasest01 5 19520301 BLB 1
Slaughter Jim slaugji01 4 19520301 BLB 1
Barksdale Don barksdo01 3 19520301 BLB 1
Walker Brady walkebr01 2 19520301 BLB 1
Davies Bob daviebo01 33 19520303 ROC 2
Risen Arnie risenar01 25 19520303 ROC 2
Johnson Arnie johnsar01 15 19520303 ROC 2
Wanzer Bobby wanzebo01 10 19520303 ROC 2
Coleman Jack colemja01 9 19520303 ROC 2
Hannum Alex hannual01 2 19520303 ROC 2
Ragelis Ray ragelra01 1 19520303 ROC 2
Holzman Red holzmre01 1 19520303 ROC 2
Spears Odie spearod01 0 19520303 ROC 2
Barksdale Don barksdo01 25 19520303 BLB 1
Kudelka Frank kudelfr01 21 19520303 BLB 1
Scolari Fred scolafr01 13 19520303 BLB 1
Miasek Stan miasest01 10 19520303 BLB 1
Minor Dave minorda01 9 19520303 BLB 1
Calhoun Bill calhobi01 7 19520303 BLB 1
McNamee Joe mcnamjo01 6 19520303 BLB 1
O'Shea Kevin osheake01 5 19520303 BLB 1
Slaughter Jim slaugji01 3 19520303 BLB 1
Cousy Bob cousybo01 31 19520304 BOS 1
Macauley Ed macaued01 20 19520304 BOS 1
Harris Bob harribo01 13 19520304 BOS 1
Donham Bob donhabo01 10 19520304 BOS 1
Brannum Bob brannbo01 5 19520304 BOS 1
Sharman Bill sharmbi01 5 19520304 BOS 1
Cooper Chuck coopech01 5 19520304 BOS 1
McKinney Bones mckinbo01 2 19520304 BOS 1
Mahnken John mahnkjo01 0 19520304 BOS 1
Dickey Dick dickedi01 0 19520304 BOS 1
Kudelka Frank kudelfr01 16 19520304 BLB 0
Scolari Fred scolafr01 15 19520304 BLB 0
Calhoun Bill calhobi01 11 19520304 BLB 0
O'Shea Kevin osheake01 9 19520304 BLB 0
Barksdale Don barksdo01 8 19520304 BLB 0
Miasek Stan miasest01 8 19520304 BLB 0
Slaughter Jim slaugji01 7 19520304 BLB 0
McNamee Joe mcnamjo01 4 19520304 BLB 0
Minor Dave minorda01 2 19520304 BLB 0
Martin Slater martisl01 20 19520305 MNL 2
Mikan George mikange01 17 19520305 MNL 2
Pollard Jim pollaji01 10 19520305 MNL 2
Hitch Lew hitchle01 10 19520305 MNL 2
Mikkelsen Vern mikkeve01 9 19520305 MNL 2
Saul Pep saulpe01 6 19520305 MNL 2
Schultz Howie schulho01 2 19520305 MNL 2
Harrison Bob harribo02 0 19520305 MNL 2
Hutton Joe huttojo01 0 19520305 MNL 2
Macauley Ed macaued01 26 19520305 BOS 1
Cousy Bob cousybo01 18 19520305 BOS 1
Cooper Chuck coopech01 14 19520305 BOS 1
Donham Bob donhabo01 10 19520305 BOS 1
Harris Bob harribo01 6 19520305 BOS 1
Sharman Bill sharmbi01 4 19520305 BOS 1
Brannum Bob brannbo01 2 19520305 BOS 1
Mahnken John mahnkjo01 2 19520305 BOS 1
Macauley Ed macaued01 21 19520308 BOS 1
Sharman Bill sharmbi01 16 19520308 BOS 1
Harris Bob harribo01 13 19520308 BOS 1
Brannum Bob brannbo01 12 19520308 BOS 1
Cousy Bob cousybo01 9 19520308 BOS 1
Cooper Chuck coopech01 7 19520308 BOS 1
Mahnken John mahnkjo01 6 19520308 BOS 1
Dickey Dick dickedi01 6 19520308 BOS 1
Donham Bob donhabo01 5 19520308 BOS 1
McKinney Bones mckinbo01 5 19520308 BOS 1
Barksdale Don barksdo01 18 19520308 BLB 2
Miasek Stan miasest01 17 19520308 BLB 2
Kudelka Frank kudelfr01 13 19520308 BLB 2
Scolari Fred scolafr01 11 19520308 BLB 2
McNamee Joe mcnamjo01 10 19520308 BLB 2
Calhoun Bill calhobi01 5 19520308 BLB 2
Minor Dave minorda01 2 19520308 BLB 2
O'Shea Kevin osheake01 1 19520308 BLB 2
Slaughter Jim slaugji01 0 19520308 BLB 2
McNamee Joe mcnamjo01 16 19520309 BLB 2
Miasek Stan miasest01 13 19520309 BLB 2
O'Shea Kevin osheake01 10 19520309 BLB 2
Calhoun Bill calhobi01 9 19520309 BLB 2
Scolari Fred scolafr01 8 19520309 BLB 2
Kudelka Frank kudelfr01 8 19520309 BLB 2
Minor Dave minorda01 5 19520309 BLB 2
Slaughter Jim slaugji01 3 19520309 BLB 2
Brannum Bob brannbo01 21 19520309 BOS 1
Cousy Bob cousybo01 17 19520309 BOS 1
Macauley Ed macaued01 12 19520309 BOS 1
Harris Bob harribo01 12 19520309 BOS 1
Sharman Bill sharmbi01 10 19520309 BOS 1
Donham Bob donhabo01 6 19520309 BOS 1
Cooper Chuck coopech01 5 19520309 BOS 1
McKinney Bones mckinbo01 3 19520309 BOS 1
Dickey Dick dickedi01 2 19520309 BOS 1
Mahnken John mahnkjo01 1 19520309 BOS 1
Cousy Bob cousybo01 26 19520311 BOS 1
Macauley Ed macaued01 17 19520311 BOS 1
Brannum Bob brannbo01 11 19520311 BOS 1
Sharman Bill sharmbi01 11 19520311 BOS 1
Mahnken John mahnkjo01 6 19520311 BOS 1
Harris Bob harribo01 6 19520311 BOS 1
Cooper Chuck coopech01 6 19520311 BOS 1
Donham Bob donhabo01 3 19520311 BOS 1
McKinney Bones mckinbo01 2 19520311 BOS 1
Arizin Paul arizipa01 27 19520311 PHW 2
Fulks Joe fulksjo01 21 19520311 PHW 2
Phillip Andy phillan01 11 19520311 PHW 2
Mikan Ed mikaned01 11 19520311 PHW 2
Senesky George senesge01 8 19520311 PHW 2
Budko Walt budkowa01 3 19520311 PHW 2
Gardner Vern gardnve01 2 19520311 PHW 2
Johnston Neil johnsne01 1 19520311 PHW 2
Bobb Nelson bobbne01 0 19520311 PHW 2
King George kingge01 25 19520312 SYR 1
Rocha Red rochare01 16 19520312 SYR 1
Schayes Dolph schaydo01 15 19520312 SYR 1
Seymour Paul seymopa01 12 19520312 SYR 1
Osterkorn Wally osterwa01 10 19520312 SYR 1
Cervi Al cervial01 8 19520312 SYR 1
Calabrese Gerry calabge01 3 19520312 SYR 1
Ratkovicz George ratkoge01 0 19520312 SYR 1
Jorgensen Noble jorgeno01 0 19520312 SYR 1
Gabor Bill gaborbi01 0 19520312 SYR 1
Sharman Bill sharmbi01 15 19520312 BOS 0
Cousy Bob cousybo01 14 19520312 BOS 0
Harris Bob harribo01 8 19520312 BOS 0
Donham Bob donhabo01 8 19520312 BOS 0
Macauley Ed macaued01 7 19520312 BOS 0
Mahnken John mahnkjo01 6 19520312 BOS 0
Cooper Chuck coopech01 6 19520312 BOS 0
McKinney Bones mckinbo01 4 19520312 BOS 0
Dickey Dick dickedi01 2 19520312 BOS 0
Brannum Bob brannbo01 1 19520312 BOS 0
Sharman Bill sharmbi01 11 19520313 BOS 2
McKinney Bones mckinbo01 11 19520313 BOS 2
Brannum Bob brannbo01 9 19520313 BOS 2
Donham Bob donhabo01 8 19520313 BOS 2
Cousy Bob cousybo01 8 19520313 BOS 2
Cooper Chuck coopech01 8 19520313 BOS 2
Macauley Ed macaued01 6 19520313 BOS 2
Dickey Dick dickedi01 5 19520313 BOS 2
Mahnken John mahnkjo01 4 19520313 BOS 2
Harris Bob harribo01 0 19520313 BOS 2
Osterkorn Wally osterwa01 16 19520313 SYR 1
King George kingge01 11 19520313 SYR 1
Jorgensen Noble jorgeno01 11 19520313 SYR 1
Seymour Paul seymopa01 11 19520313 SYR 1
Rocha Red rochare01 10 19520313 SYR 1
Cervi Al cervial01 10 19520313 SYR 1
Calabrese Gerry calabge01 7 19520313 SYR 1
Schayes Dolph schaydo01 7 19520313 SYR 1
Ratkovicz George ratkoge01 3 19520313 SYR 1
Gabor Bill gaborbi01 3 19520313 SYR 1
Jorgensen Noble jorgeno01 16 19520315 SYR 0
Ratkovicz George ratkoge01 12 19520315 SYR 0
Calabrese Gerry calabge01 11 19520315 SYR 0
King George kingge01 9 19520315 SYR 0
Schayes Dolph schaydo01 9 19520315 SYR 0
Seymour Paul seymopa01 8 19520315 SYR 0
Rocha Red rochare01 7 19520315 SYR 0
Osterkorn Wally osterwa01 7 19520315 SYR 0
Cervi Al cervial01 7 19520315 SYR 0
Gabor Bill gaborbi01 4 19520315 SYR 0
Gallatin Harry gallaha01 24 19520315 NYK 1
Clifton Nat cliftna01 13 19520315 NYK 1
McGuire Dick mcguidi01 11 19520315 NYK 1
Lumpp Ray lumppra01 11 19520315 NYK 1
Zaslofsky Max zasloma01 9 19520315 NYK 1
Vandeweghe Ernie vandeer01 8 19520315 NYK 1
Simmons Connie simmoco01 7 19520315 NYK 1
McGuire Alfred mcguial01 7 19520315 NYK 1
Kaftan George kaftage01 7 19520315 NYK 1
Vandeweghe Ernie vandeer01 19 19520316 NYK 1
Lumpp Ray lumppra01 15 19520316 NYK 1
Clifton Nat cliftna01 14 19520316 NYK 1
Simmons Connie simmoco01 12 19520316 NYK 1
McGuire Alfred mcguial01 10 19520316 NYK 1
Gallatin Harry gallaha01 6 19520316 NYK 1
McGuire Dick mcguidi01 5 19520316 NYK 1
Kaftan George kaftage01 5 19520316 NYK 1
Zaslofsky Max zasloma01 4 19520316 NYK 1
Schayes Dolph schaydo01 19 19520316 SYR 2
Rocha Red rochare01 19 19520316 SYR 2
Jorgensen Noble jorgeno01 15 19520316 SYR 2
King George kingge01 10 19520316 SYR 2
Seymour Paul seymopa01 9 19520316 SYR 2
Gabor Bill gaborbi01 6 19520316 SYR 2
Calabrese Gerry calabge01 4 19520316 SYR 2
Ratkovicz George ratkoge01 1 19520316 SYR 2
Osterkorn Wally osterwa01 1 19520316 SYR 2
Zaslofsky Max zasloma01 20 19520319 NYK 0
Simmons Connie simmoco01 16 19520319 NYK 0
Lumpp Ray lumppra01 12 19520319 NYK 0
Clifton Nat cliftna01 11 19520319 NYK 0
Gallatin Harry gallaha01 11 19520319 NYK 0
McGuire Alfred mcguial01 10 19520319 NYK 0
McGuire Dick mcguidi01 9 19520319 NYK 0
Kaftan George kaftage01 5 19520319 NYK 0
Vandeweghe Ernie vandeer01 0 19520319 NYK 0
Cousy Bob cousybo01 31 19520319 BOS 1
Macauley Ed macaued01 17 19520319 BOS 1
Sharman Bill sharmbi01 15 19520319 BOS 1
Donham Bob donhabo01 14 19520319 BOS 1
Cooper Chuck coopech01 13 19520319 BOS 1
Harris Bob harribo01 10 19520319 BOS 1
Mahnken John mahnkjo01 4 19520319 BOS 1
Dickey Dick dickedi01 1 19520319 BOS 1
Brannum Bob brannbo01 0 19520319 BOS 1
McKinney Bones mckinbo01 0 19520319 BOS 1
Macauley Ed macaued01 36 19520323 BOS 0
Cousy Bob cousybo01 28 19520323 BOS 0
Cooper Chuck coopech01 9 19520323 BOS 0
Harris Bob harribo01 6 19520323 BOS 0
Brannum Bob brannbo01 5 19520323 BOS 0
Donham Bob donhabo01 5 19520323 BOS 0
Dickey Dick dickedi01 5 19520323 BOS 0
McKinney Bones mckinbo01 2 19520323 BOS 0
Mahnken John mahnkjo01 1 19520323 BOS 0
Simmons Connie simmoco01 22 19520323 NYK 1
Zaslofsky Max zasloma01 16 19520323 NYK 1
Gallatin Harry gallaha01 16 19520323 NYK 1
Vandeweghe Ernie vandeer01 15 19520323 NYK 1
McGuire Dick mcguidi01 12 19520323 NYK 1
Kaftan George kaftage01 10 19520323 NYK 1
Clifton Nat cliftna01 6 19520323 NYK 1
McGuire Alfred mcguial01 2 19520323 NYK 1
Lumpp Ray lumppra01 2 19520323 NYK 1
Zaslofsky Max zasloma01 21 19520326 NYK 1
Simmons Connie simmoco01 18 19520326 NYK 1
Vandeweghe Ernie vandeer01 14 19520326 NYK 1
McGuire Dick mcguidi01 13 19520326 NYK 1
Gallatin Harry gallaha01 13 19520326 NYK 1
Clifton Nat cliftna01 5 19520326 NYK 1
Kaftan George kaftage01 4 19520326 NYK 1
McGuire Alfred mcguial01 0 19520326 NYK 1
Lumpp Ray lumppra01 0 19520326 NYK 1
Cousy Bob cousybo01 34 19520326 BOS 2
Macauley Ed macaued01 17 19520326 BOS 2
Cooper Chuck coopech01 11 19520326 BOS 2
Donham Bob donhabo01 8 19520326 BOS 2
Harris Bob harribo01 7 19520326 BOS 2
Brannum Bob brannbo01 4 19520326 BOS 2
Mahnken John mahnkjo01 2 19520326 BOS 2
Dickey Dick dickedi01 2 19520326 BOS 2
McKinney Bones mckinbo01 2 19520326 BOS 2
Zaslofsky Max zasloma01 26 19520402 NYK 1
Simmons Connie simmoco01 24 19520402 NYK 1
Kaftan George kaftage01 14 19520402 NYK 1
Vandeweghe Ernie vandeer01 12 19520402 NYK 1
McGuire Dick mcguidi01 7 19520402 NYK 1
Clifton Nat cliftna01 4 19520402 NYK 1
McGuire Alfred mcguial01 0 19520402 NYK 1
Lumpp Ray lumppra01 0 19520402 NYK 1
Gallatin Harry gallaha01 0 19520402 NYK 1
Schayes Dolph schaydo01 25 19520402 SYR 2
Rocha Red rochare01 19 19520402 SYR 2
Osterkorn Wally osterwa01 16 19520402 SYR 2
Seymour Paul seymopa01 9 19520402 SYR 2
Calabrese Gerry calabge01 6 19520402 SYR 2
Jorgensen Noble jorgeno01 4 19520402 SYR 2
King George kingge01 3 19520402 SYR 2
Cervi Al cervial01 2 19520402 SYR 2
Ratkovicz George ratkoge01 1 19520402 SYR 2
Gabor Bill gaborbi01 0 19520402 SYR 2
Gallatin Harry gallaha01 16 19520403 NYK 0
Kaftan George kaftage01 13 19520403 NYK 0
Zaslofsky Max zasloma01 13 19520403 NYK 0
Simmons Connie simmoco01 12 19520403 NYK 0
Vandeweghe Ernie vandeer01 10 19520403 NYK 0
Clifton Nat cliftna01 10 19520403 NYK 0
McGuire Alfred mcguial01 10 19520403 NYK 0
McGuire Dick mcguidi01 6 19520403 NYK 0
Lumpp Ray lumppra01 2 19520403 NYK 0
Seymour Paul seymopa01 21 19520403 SYR 1
Rocha Red rochare01 20 19520403 SYR 1
Jorgensen Noble jorgeno01 19 19520403 SYR 1
Schayes Dolph schaydo01 14 19520403 SYR 1
Gabor Bill gaborbi01 13 19520403 SYR 1
Osterkorn Wally osterwa01 7 19520403 SYR 1
King George kingge01 5 19520403 SYR 1
Calabrese Gerry calabge01 2 19520403 SYR 1
Cervi Al cervial01 1 19520403 SYR 1
Ratkovicz George ratkoge01 0 19520403 SYR 1
Rocha Red rochare01 22 19520405 SYR 0
Schayes Dolph schaydo01 20 19520405 SYR 0
King George kingge01 13 19520405 SYR 0
Jorgensen Noble jorgeno01 11 19520405 SYR 0
Osterkorn Wally osterwa01 10 19520405 SYR 0
Seymour Paul seymopa01 9 19520405 SYR 0
Gabor Bill gaborbi01 3 19520405 SYR 0
Ratkovicz George ratkoge01 2 19520405 SYR 0
Cervi Al cervial01 2 19520405 SYR 0
Calabrese Gerry calabge01 0 19520405 SYR 0
Zaslofsky Max zasloma01 20 19520405 NYK 1
Vandeweghe Ernie vandeer01 19 19520405 NYK 1
Clifton Nat cliftna01 17 19520405 NYK 1
Simmons Connie simmoco01 14 19520405 NYK 1
McGuire Dick mcguidi01 14 19520405 NYK 1
Gallatin Harry gallaha01 9 19520405 NYK 1
Kaftan George kaftage01 6 19520405 NYK 1
Lumpp Ray lumppra01 0 19520405 NYK 1
Schayes Dolph schaydo01 22 19520408 SYR 2
King George kingge01 14 19520408 SYR 2
Rocha Red rochare01 12 19520408 SYR 2
Osterkorn Wally osterwa01 9 19520408 SYR 2
Jorgensen Noble jorgeno01 9 19520408 SYR 2
Gabor Bill gaborbi01 9 19520408 SYR 2
Calabrese Gerry calabge01 8 19520408 SYR 2
Ratkovicz George ratkoge01 8 19520408 SYR 2
Seymour Paul seymopa01 2 19520408 SYR 2
Cervi Al cervial01 0 19520408 SYR 2
Zaslofsky Max zasloma01 20 19520408 NYK 1
McGuire Dick mcguidi01 19 19520408 NYK 1
Gallatin Harry gallaha01 17 19520408 NYK 1
Simmons Connie simmoco01 13 19520408 NYK 1
Vandeweghe Ernie vandeer01 10 19520408 NYK 1
Kaftan George kaftage01 9 19520408 NYK 1
Clifton Nat cliftna01 6 19520408 NYK 1
McGuire Alfred mcguial01 5 19520408 NYK 1
Lumpp Ray lumppra01 1 19520408 NYK 1
Simmons Connie simmoco01 15 19520412 NYK 0
McGuire Dick mcguidi01 15 19520412 NYK 0
Vandeweghe Ernie vandeer01 13 19520412 NYK 0
Gallatin Harry gallaha01 12 19520412 NYK 0
Clifton Nat cliftna01 11 19520412 NYK 0
Zaslofsky Max zasloma01 8 19520412 NYK 0
McGuire Alfred mcguial01 5 19520412 NYK 0
Kaftan George kaftage01 0 19520412 NYK 0
Pollard Jim pollaji01 34 19520412 MNL 1
Mikan George mikange01 15 19520412 MNL 1
Saul Pep saulpe01 13 19520412 MNL 1
Mikkelsen Vern mikkeve01 7 19520412 MNL 1
Harrison Bob harribo02 5 19520412 MNL 1
Martin Slater martisl01 4 19520412 MNL 1
Hutton Joe huttojo01 2 19520412 MNL 1
Schultz Howie schulho01 2 19520412 MNL 1
Hitch Lew hitchle01 1 19520412 MNL 1
Gallatin Harry gallaha01 18 19520413 NYK 1
Lumpp Ray lumppra01 15 19520413 NYK 1
Vandeweghe Ernie vandeer01 14 19520413 NYK 1
Clifton Nat cliftna01 12 19520413 NYK 1
Simmons Connie simmoco01 9 19520413 NYK 1
McGuire Dick mcguidi01 8 19520413 NYK 1
Zaslofsky Max zasloma01 2 19520413 NYK 1
McGuire Alfred mcguial01 2 19520413 NYK 1
Mikan George mikange01 18 19520413 MNL 0
Saul Pep saulpe01 16 19520413 MNL 0
Pollard Jim pollaji01 13 19520413 MNL 0
Mikkelsen Vern mikkeve01 13 19520413 MNL 0
Hitch Lew hitchle01 7 19520413 MNL 0
Martin Slater martisl01 5 19520413 MNL 0
Harrison Bob harribo02 0 19520413 MNL 0
Hutton Joe huttojo01 0 19520413 MNL 0
Schultz Howie schulho01 0 19520413 MNL 0
Mikan George mikange01 26 19520416 MNL 1
Mikkelsen Vern mikkeve01 15 19520416 MNL 1
Saul Pep saulpe01 12 19520416 MNL 1
Pollard Jim pollaji01 12 19520416 MNL 1
Hutton Joe huttojo01 8 19520416 MNL 1
Harrison Bob harribo02 6 19520416 MNL 1
Martin Slater martisl01 2 19520416 MNL 1
Schultz Howie schulho01 1 19520416 MNL 1
Hitch Lew hitchle01 0 19520416 MNL 1
Zaslofsky Max zasloma01 17 19520416 NYK 0
Vandeweghe Ernie vandeer01 11 19520416 NYK 0
McGuire Dick mcguidi01 11 19520416 NYK 0
Simmons Connie simmoco01 10 19520416 NYK 0
Gallatin Harry gallaha01 9 19520416 NYK 0
Clifton Nat cliftna01 8 19520416 NYK 0
Lumpp Ray lumppra01 6 19520416 NYK 0
McGuire Alfred mcguial01 3 19520416 NYK 0
Kaftan George kaftage01 2 19520416 NYK 0
Martin Slater martisl01 32 19520418 MNL 0
Pollard Jim pollaji01 13 19520418 MNL 0
Mikan George mikange01 11 19520418 MNL 0
Saul Pep saulpe01 10 19520418 MNL 0
Mikkelsen Vern mikkeve01 7 19520418 MNL 0
Harrison Bob harribo02 5 19520418 MNL 0
Schultz Howie schulho01 4 19520418 MNL 0
Hitch Lew hitchle01 4 19520418 MNL 0
Hutton Joe huttojo01 3 19520418 MNL 0
Simmons Connie simmoco01 30 19520418 NYK 1
McGuire Alfred mcguial01 10 19520418 NYK 1
Clifton Nat cliftna01 9 19520418 NYK 1
Vandeweghe Ernie vandeer01 8 19520418 NYK 1
Kaftan George kaftage01 8 19520418 NYK 1
Zaslofsky Max zasloma01 8 19520418 NYK 1
Lumpp Ray lumppra01 7 19520418 NYK 1
McGuire Dick mcguidi01 6 19520418 NYK 1
Gallatin Harry gallaha01 4 19520418 NYK 1
Clifton Nat cliftna01 17 19520420 NYK 0
Vandeweghe Ernie vandeer01 16 19520420 NYK 0
Zaslofsky Max zasloma01 12 19520420 NYK 0
Gallatin Harry gallaha01 12 19520420 NYK 0
Simmons Connie simmoco01 11 19520420 NYK 0
McGuire Dick mcguidi01 9 19520420 NYK 0
McGuire Alfred mcguial01 8 19520420 NYK 0
Lumpp Ray lumppra01 4 19520420 NYK 0
Kaftan George kaftage01 0 19520420 NYK 0
Mikkelsen Vern mikkeve01 32 19520420 MNL 1
Mikan George mikange01 32 19520420 MNL 1
Saul Pep saulpe01 15 19520420 MNL 1
Harrison Bob harribo02 13 19520420 MNL 1
Schultz Howie schulho01 4 19520420 MNL 1
Martin Slater martisl01 4 19520420 MNL 1
Hitch Lew hitchle01 2 19520420 MNL 1
Hutton Joe huttojo01 0 19520420 MNL 1
Mikan George mikange01 28 19520423 MNL 0
Saul Pep saulpe01 11 19520423 MNL 0
Martin Slater martisl01 8 19520423 MNL 0
Harrison Bob harribo02 6 19520423 MNL 0
Mikkelsen Vern mikkeve01 5 19520423 MNL 0
Hitch Lew hitchle01 4 19520423 MNL 0
Schultz Howie schulho01 3 19520423 MNL 0
Hutton Joe huttojo01 3 19520423 MNL 0
Zaslofsky Max zasloma01 23 19520423 NYK 1
Simmons Connie simmoco01 15 19520423 NYK 1
Gallatin Harry gallaha01 9 19520423 NYK 1
Clifton Nat cliftna01 8 19520423 NYK 1
McGuire Dick mcguidi01 7 19520423 NYK 1
Vandeweghe Ernie vandeer01 6 19520423 NYK 1
Kaftan George kaftage01 6 19520423 NYK 1
McGuire Alfred mcguial01 2 19520423 NYK 1
Lumpp Ray lumppra01 0 19520423 NYK 1
Zaslofsky Max zasloma01 21 19520425 NYK 0
Simmons Connie simmoco01 13 19520425 NYK 0
McGuire Dick mcguidi01 9 19520425 NYK 0
Clifton Nat cliftna01 8 19520425 NYK 0
Gallatin Harry gallaha01 5 19520425 NYK 0
Vandeweghe Ernie vandeer01 3 19520425 NYK 0
McGuire Alfred mcguial01 3 19520425 NYK 0
Kaftan George kaftage01 3 19520425 NYK 0
Lumpp Ray lumppra01 0 19520425 NYK 0
Mikan George mikange01 22 19520425 MNL 1
Saul Pep saulpe01 14 19520425 MNL 1
Harrison Bob harribo02 14 19520425 MNL 1
Mikkelsen Vern mikkeve01 13 19520425 MNL 1
Pollard Jim pollaji01 10 19520425 MNL 1
Martin Slater martisl01 9 19520425 MNL 1
Hutton Joe huttojo01 0 19520425 MNL 1
Schultz Howie schulho01 0 19520425 MNL 1
Hitch Lew hitchle01 0 19520425 MNL 1
Macauley Ed macaued01 37 19521101 BOS 2
Cousy Bob cousybo01 15 19521101 BOS 2
Sharman Bill sharmbi01 11 19521101 BOS 2
Brannum Bob brannbo01 10 19521101 BOS 2
Donham Bob donhabo01 8 19521101 BOS 2
Rollins Kenny rollike01 7 19521101 BOS 2
Cooper Chuck coopech01 2 19521101 BOS 2
Harris Bob harribo01 1 19521101 BOS 2
Mahnken John mahnkjo01 0 19521101 BOS 2
Hermsen Kleggie hermskl01 0 19521101 BOS 2
Mikkelsen Vern mikkeve01 17 19521101 MNL 1
Pollard Jim pollaji01 16 19521101 MNL 1
Saul Pep saulpe01 14 19521101 MNL 1
Mikan George mikange01 13 19521101 MNL 1
Martin Slater martisl01 10 19521101 MNL 1
Harrison Bob harribo02 9 19521101 MNL 1
Hitch Lew hitchle01 6 19521101 MNL 1
Schultz Howie schulho01 5 19521101 MNL 1
Skoog Whitey skoogwh01 4 19521101 MNL 1
Holstein Jim holstji01 0 19521101 MNL 1
Pollard Jim pollaji01 18 19521102 MNL 1
Mikkelsen Vern mikkeve01 16 19521102 MNL 1
Martin Slater martisl01 12 19521102 MNL 1
Saul Pep saulpe01 6 19521102 MNL 1
Mikan George mikange01 6 19521102 MNL 1
Skoog Whitey skoogwh01 6 19521102 MNL 1
Schultz Howie schulho01 6 19521102 MNL 1
Hitch Lew hitchle01 5 19521102 MNL 1
Harrison Bob harribo02 3 19521102 MNL 1
Holstein Jim holstji01 3 19521102 MNL 1
Foust Larry foustla01 19 19521102 FTW 2
Meineke Monk meinemo01 12 19521102 FTW 2
Brian Frankie brianfr01 9 19521102 FTW 2
Kerris Jack kerrija01 8 19521102 FTW 2
Eddleman Dike eddledi01 7 19521102 FTW 2
Schaus Fred schaufr01 5 19521102 FTW 2
Share Chuck sharech01 3 19521102 FTW 2
Johnson Ralph johnsra01 2 19521102 FTW 2
Fendley Jake fendlja01 2 19521102 FTW 2
Kiley Jack kileyja01 1 19521102 FTW 2
Corley Ray corlera01 1 19521102 FTW 2
Martin Slater martisl01 21 19521105 MNL 1
Mikan George mikange01 18 19521105 MNL 1
Harrison Bob harribo02 12 19521105 MNL 1
Mikkelsen Vern mikkeve01 12 19521105 MNL 1
Skoog Whitey skoogwh01 12 19521105 MNL 1
Pollard Jim pollaji01 10 19521105 MNL 1
Saul Pep saulpe01 5 19521105 MNL 1
Hitch Lew hitchle01 4 19521105 MNL 1
Holstein Jim holstji01 2 19521105 MNL 1
Schultz Howie schulho01 1 19521105 MNL 1
Barksdale Don barksdo01 19 19521105 BLB 2
Hoffman Paul hoffmpa01 11 19521105 BLB 2
Miasek Stan miasest01 8 19521105 BLB 2
Henriksen Don henrido01 8 19521105 BLB 2
O'Shea Kevin osheake01 7 19521105 BLB 2
Minor Dave minorda01 7 19521105 BLB 2
Baechtold Jim baechji01 6 19521105 BLB 2
Scolari Fred scolafr01 5 19521105 BLB 2
Kudelka Frank kudelfr01 4 19521105 BLB 2
Ratkovicz George ratkoge01 0 19521105 BLB 2
Priddy Bob priddbo01 0 19521105 BLB 2
Mikan George mikange01 18 19521108 MNL 1
Mikkelsen Vern mikkeve01 15 19521108 MNL 1
Pollard Jim pollaji01 14 19521108 MNL 1
Martin Slater martisl01 14 19521108 MNL 1
Saul Pep saulpe01 12 19521108 MNL 1
Harrison Bob harribo02 11 19521108 MNL 1
Skoog Whitey skoogwh01 4 19521108 MNL 1
Schultz Howie schulho01 4 19521108 MNL 1
Hitch Lew hitchle01 1 19521108 MNL 1
Holstein Jim holstji01 0 19521108 MNL 1
Johnston Neil johnsne01 21 19521108 PHW 2
Mikan Ed mikaned01 17 19521108 PHW 2
Mlkvy Bill mlkvybi01 9 19521108 PHW 2
Radovich Moe radovmo01 8 19521108 PHW 2
Lofgran Don lofgrdo01 6 19521108 PHW 2
Phillip Andy phillan01 5 19521108 PHW 2
Overton Claude overtcl01 2 19521108 PHW 2
Senesky George senesge01 2 19521108 PHW 2
Fulks Joe fulksjo01 1 19521108 PHW 2
Mikan George mikange01 25 19521109 MNL 0
Mikkelsen Vern mikkeve01 13 19521109 MNL 0
Pollard Jim pollaji01 11 19521109 MNL 0
Harrison Bob harribo02 10 19521109 MNL 0
Saul Pep saulpe01 9 19521109 MNL 0
Martin Slater martisl01 9 19521109 MNL 0
Skoog Whitey skoogwh01 6 19521109 MNL 0
Holstein Jim holstji01 4 19521109 MNL 0
Schultz Howie schulho01 1 19521109 MNL 0
Hitch Lew hitchle01 1 19521109 MNL 0
Schayes Dolph schaydo01 27 19521109 SYR 1
Jorgensen Noble jorgeno01 20 19521109 SYR 1
Gabor Bill gaborbi01 17 19521109 SYR 1
King George kingge01 13 19521109 SYR 1
Lochmueller Bob lochmbo01 6 19521109 SYR 1
Rocha Red rochare01 4 19521109 SYR 1
Seymour Paul seymopa01 4 19521109 SYR 1
Calhoun Bill calhobi01 3 19521109 SYR 1
Osterkorn Wally osterwa01 2 19521109 SYR 1
Brasco Jim brascji01 0 19521109 SYR 1
Cousy Bob cousybo01 25 19521113 BOS 2
Harris Bob harribo01 13 19521113 BOS 2
Donham Bob donhabo01 11 19521113 BOS 2
Sharman Bill sharmbi01 9 19521113 BOS 2
Brannum Bob brannbo01 8 19521113 BOS 2
Macauley Ed macaued01 7 19521113 BOS 2
Mahnken John mahnkjo01 5 19521113 BOS 2
Cooper Chuck coopech01 3 19521113 BOS 2
Hermsen Kleggie hermskl01 0 19521113 BOS 2
Rollins Kenny rollike01 0 19521113 BOS 2
Schayes Dolph schaydo01 23 19521113 SYR 1
Seymour Paul seymopa01 16 19521113 SYR 1
Calhoun Bill calhobi01 14 19521113 SYR 1
Lochmueller Bob lochmbo01 11 19521113 SYR 1
King George kingge01 11 19521113 SYR 1
Brasco Jim brascji01 7 19521113 SYR 1
Gabor Bill gaborbi01 7 19521113 SYR 1
Rocha Red rochare01 5 19521113 SYR 1
Osterkorn Wally osterwa01 2 19521113 SYR 1
Jorgensen Noble jorgeno01 0 19521113 SYR 1
Calhoun Bill calhobi01 18 19521115 SYR 0
Schayes Dolph schaydo01 15 19521115 SYR 0
Seymour Paul seymopa01 14 19521115 SYR 0
Rocha Red rochare01 11 19521115 SYR 0
Gabor Bill gaborbi01 11 19521115 SYR 0
Brasco Jim brascji01 7 19521115 SYR 0
King George kingge01 7 19521115 SYR 0
Jorgensen Noble jorgeno01 5 19521115 SYR 0
Osterkorn Wally osterwa01 2 19521115 SYR 0
Lochmueller Bob lochmbo01 1 19521115 SYR 0
Scolari Fred scolafr01 18 19521115 BLB 1
Barksdale Don barksdo01 17 19521115 BLB 1
Miasek Stan miasest01 12 19521115 BLB 1
Hoffman Paul hoffmpa01 9 19521115 BLB 1
O'Shea Kevin osheake01 7 19521115 BLB 1
Baechtold Jim baechji01 7 19521115 BLB 1
Henriksen Don henrido01 7 19521115 BLB 1
Minor Dave minorda01 5 19521115 BLB 1
Kudelka Frank kudelfr01 5 19521115 BLB 1
Ratkovicz George ratkoge01 5 19521115 BLB 1
Priddy Bob priddbo01 5 19521115 BLB 1
Lofgran Don lofgrdo01 20 19521116 PHW 1
Fulks Joe fulksjo01 18 19521116 PHW 1
Johnston Neil johnsne01 16 19521116 PHW 1
Senesky George senesge01 12 19521116 PHW 1
Phillip Andy phillan01 8 19521116 PHW 1
Fleishman Jerry fleisje01 4 19521116 PHW 1
Mlkvy Bill mlkvybi01 2 19521116 PHW 1
Mikan Ed mikaned01 1 19521116 PHW 1
Overton Claude overtcl01 0 19521116 PHW 1
Scolari Fred scolafr01 17 19521116 BLB 0
Barksdale Don barksdo01 14 19521116 BLB 0
Kudelka Frank kudelfr01 11 19521116 BLB 0
Miasek Stan miasest01 10 19521116 BLB 0
Priddy Bob priddbo01 8 19521116 BLB 0
O'Shea Kevin osheake01 6 19521116 BLB 0
Hoffman Paul hoffmpa01 5 19521116 BLB 0
Henriksen Don henrido01 3 19521116 BLB 0
Ratkovicz George ratkoge01 3 19521116 BLB 0
Baechtold Jim baechji01 2 19521116 BLB 0
Johnston Neil johnsne01 23 19521118 PHW 1
Lofgran Don lofgrdo01 22 19521118 PHW 1
Phillip Andy phillan01 17 19521118 PHW 1
Mikan Ed mikaned01 8 19521118 PHW 1
Fulks Joe fulksjo01 5 19521118 PHW 1
Fleishman Jerry fleisje01 4 19521118 PHW 1
Senesky George senesge01 4 19521118 PHW 1
Overton Claude overtcl01 0 19521118 PHW 1
Mlkvy Bill mlkvybi01 0 19521118 PHW 1
Hutchins Mel hutchme01 23 19521118 MLH 2
Nichols Jack nichoja01 17 19521118 MLH 2
Crocker Dillard crockdi01 11 19521118 MLH 2
Payak Johnny payakjo01 9 19521118 MLH 2
Boven Don bovendo01 8 19521118 MLH 2
Darcey Pete darcepe01 8 19521118 MLH 2
Feigenbaum George feigege01 4 19521118 MLH 2
Otten Don ottendo01 2 19521118 MLH 2
Miller Eddie milleed01 0 19521118 MLH 2
Masino Al masinal01 0 19521118 MLH 2
Lofgran Don lofgrdo01 23 19521119 PHW 0
Johnston Neil johnsne01 20 19521119 PHW 0
Senesky George senesge01 13 19521119 PHW 0
Mikan Ed mikaned01 9 19521119 PHW 0
Workman Mark workmma01 7 19521119 PHW 0
Fulks Joe fulksjo01 7 19521119 PHW 0
Phillip Andy phillan01 6 19521119 PHW 0
Fleishman Jerry fleisje01 4 19521119 PHW 0
Overton Claude overtcl01 0 19521119 PHW 0
Scolari Fred scolafr01 24 19521119 BLB 1
Miasek Stan miasest01 22 19521119 BLB 1
Barksdale Don barksdo01 17 19521119 BLB 1
Minor Dave minorda01 10 19521119 BLB 1
Ratkovicz George ratkoge01 7 19521119 BLB 1
Henriksen Don henrido01 7 19521119 BLB 1
O'Shea Kevin osheake01 6 19521119 BLB 1
Baechtold Jim baechji01 5 19521119 BLB 1
Kudelka Frank kudelfr01 4 19521119 BLB 1
Hoffman Paul hoffmpa01 4 19521119 BLB 1
Priddy Bob priddbo01 0 19521119 BLB 1
Barksdale Don barksdo01 18 19521120 BLB 0
Miasek Stan miasest01 12 19521120 BLB 0
Henriksen Don henrido01 12 19521120 BLB 0
Kaftan George kaftage01 11 19521120 BLB 0
Scolari Fred scolafr01 10 19521120 BLB 0
Minor Dave minorda01 9 19521120 BLB 0
Kudelka Frank kudelfr01 9 19521120 BLB 0
O'Shea Kevin osheake01 9 19521120 BLB 0
Baechtold Jim baechji01 4 19521120 BLB 0
Hoffman Paul hoffmpa01 4 19521120 BLB 0
Ratkovicz George ratkoge01 1 19521120 BLB 0
Johnston Neil johnsne01 31 19521120 PHW 1
Lofgran Don lofgrdo01 20 19521120 PHW 1
Senesky George senesge01 16 19521120 PHW 1
Phillip Andy phillan01 11 19521120 PHW 1
Fleishman Jerry fleisje01 10 19521120 PHW 1
Overton Claude overtcl01 7 19521120 PHW 1
Workman Mark workmma01 5 19521120 PHW 1
Mikan Ed mikaned01 4 19521120 PHW 1
Mlkvy Bill mlkvybi01 1 19521120 PHW 1
Fulks Joe fulksjo01 1 19521120 PHW 1
Johnston Neil johnsne01 21 19521122 PHW 0
Senesky George senesge01 20 19521122 PHW 0
Lofgran Don lofgrdo01 14 19521122 PHW 0
Phillip Andy phillan01 13 19521122 PHW 0
Mikan Ed mikaned01 7 19521122 PHW 0
Fulks Joe fulksjo01 7 19521122 PHW 0
Fleishman Jerry fleisje01 6 19521122 PHW 0
Workman Mark workmma01 6 19521122 PHW 0
Overton Claude overtcl01 1 19521122 PHW 0
Kaftan George kaftage01 29 19521122 BLB 1
Kudelka Frank kudelfr01 14 19521122 BLB 1
Barksdale Don barksdo01 14 19521122 BLB 1
Scolari Fred scolafr01 10 19521122 BLB 1
O'Shea Kevin osheake01 10 19521122 BLB 1
Miasek Stan miasest01 9 19521122 BLB 1
Minor Dave minorda01 4 19521122 BLB 1
Henriksen Don henrido01 3 19521122 BLB 1
Ratkovicz George ratkoge01 2 19521122 BLB 1
Hoffman Paul hoffmpa01 1 19521122 BLB 1
Baechtold Jim baechji01 0 19521122 BLB 1
Barnhorst Leo barnhle01 23 19521123 INO 1
Tosheff Bill toshebi01 23 19521123 INO 1
Walther Paul walthpa01 19 19521123 INO 1
Lavoy Bob lavoybo01 19 19521123 INO 1
Payton Mel paytome01 13 19521123 INO 1
O'Brien Ralph obriera01 2 19521123 INO 1
Hanrahan Don hanrado01 1 19521123 INO 1
Hermsen Kleggie hermskl01 0 19521123 INO 1
Kaftan George kaftage01 19 19521123 BLB 0
Barksdale Don barksdo01 16 19521123 BLB 0
Scolari Fred scolafr01 13 19521123 BLB 0
Hoffman Paul hoffmpa01 13 19521123 BLB 0
Miasek Stan miasest01 8 19521123 BLB 0
Baechtold Jim baechji01 7 19521123 BLB 0
O'Shea Kevin osheake01 7 19521123 BLB 0
Minor Dave minorda01 4 19521123 BLB 0
Ratkovicz George ratkoge01 2 19521123 BLB 0
Kudelka Frank kudelfr01 1 19521123 BLB 0
Henriksen Don henrido01 0 19521123 BLB 0
Ratkovicz George ratkoge01 15 19521125 MLH 1
Boven Don bovendo01 12 19521125 MLH 1
Masino Al masinal01 11 19521125 MLH 1
Hutchins Mel hutchme01 11 19521125 MLH 1
Payak Johnny payakjo01 9 19521125 MLH 1
Nichols Jack nichoja01 7 19521125 MLH 1
Crocker Dillard crockdi01 7 19521125 MLH 1
Otten Don ottendo01 3 19521125 MLH 1
Feigenbaum George feigege01 3 19521125 MLH 1
Barnhorst Leo barnhle01 14 19521125 INO 0
Walther Paul walthpa01 13 19521125 INO 0
Tosheff Bill toshebi01 12 19521125 INO 0
Payton Mel paytome01 10 19521125 INO 0
Lavoy Bob lavoybo01 9 19521125 INO 0
Graboski Joe grabojo01 7 19521125 INO 0
O'Brien Ralph obriera01 1 19521125 INO 0
Hanrahan Don hanrado01 0 19521125 INO 0
Meineke Monk meinemo01 19 19521126 FTW 1
Eddleman Dike eddledi01 18 19521126 FTW 1
Schaus Fred schaufr01 12 19521126 FTW 1
Foust Larry foustla01 9 19521126 FTW 1
Brian Frankie brianfr01 7 19521126 FTW 1
Share Chuck sharech01 7 19521126 FTW 1
Fendley Jake fendlja01 4 19521126 FTW 1
Kerris Jack kerrija01 3 19521126 FTW 1
Corley Ray corlera01 1 19521126 FTW 1
Payak Johnny payakjo01 16 19521126 MLH 0
Ratkovicz George ratkoge01 14 19521126 MLH 0
Nichols Jack nichoja01 10 19521126 MLH 0
Boven Don bovendo01 9 19521126 MLH 0
Hutchins Mel hutchme01 9 19521126 MLH 0
Crocker Dillard crockdi01 7 19521126 MLH 0
Masino Al masinal01 5 19521126 MLH 0
Otten Don ottendo01 2 19521126 MLH 0
Hutchins Mel hutchme01 19 19521127 MLH 2
Crocker Dillard crockdi01 18 19521127 MLH 2
Masino Al masinal01 13 19521127 MLH 2
Boven Don bovendo01 12 19521127 MLH 2
Nichols Jack nichoja01 9 19521127 MLH 2
Otten Don ottendo01 6 19521127 MLH 2
Payak Johnny payakjo01 5 19521127 MLH 2
Ratkovicz George ratkoge01 4 19521127 MLH 2
Brasco Jim brascji01 1 19521127 MLH 2
Darcey Pete darcepe01 0 19521127 MLH 2
Eddleman Dike eddledi01 24 19521127 FTW 1
Foust Larry foustla01 22 19521127 FTW 1
Brian Frankie brianfr01 17 19521127 FTW 1
Meineke Monk meinemo01 9 19521127 FTW 1
Schaus Fred schaufr01 8 19521127 FTW 1
Groat Dick groatdi01 7 19521127 FTW 1
Kerris Jack kerrija01 5 19521127 FTW 1
Share Chuck sharech01 3 19521127 FTW 1
Fendley Jake fendlja01 0 19521127 FTW 1
Brian Frankie brianfr01 17 19521129 FTW 0
Meineke Monk meinemo01 16 19521129 FTW 0
Eddleman Dike eddledi01 15 19521129 FTW 0
Foust Larry foustla01 11 19521129 FTW 0
Schaus Fred schaufr01 7 19521129 FTW 0
Phillip Andy phillan01 4 19521129 FTW 0
Kerris Jack kerrija01 1 19521129 FTW 0
Fendley Jake fendlja01 0 19521129 FTW 0
Share Chuck sharech01 0 19521129 FTW 0
Cousy Bob cousybo01 27 19521129 BOS 1
Brannum Bob brannbo01 15 19521129 BOS 1
Sharman Bill sharmbi01 12 19521129 BOS 1
Harris Bob harribo01 7 19521129 BOS 1
Conley Gene conlege01 6 19521129 BOS 1
Mahnken John mahnkjo01 5 19521129 BOS 1
Rollins Kenny rollike01 2 19521129 BOS 1
Donham Bob donhabo01 2 19521129 BOS 1
Cooper Chuck coopech01 2 19521129 BOS 1
Cousy Bob cousybo01 28 19521130 BOS 0
Brannum Bob brannbo01 10 19521130 BOS 0
Harris Bob harribo01 7 19521130 BOS 0
Cooper Chuck coopech01 7 19521130 BOS 0
Sharman Bill sharmbi01 6 19521130 BOS 0
Rollins Kenny rollike01 4 19521130 BOS 0
Donham Bob donhabo01 3 19521130 BOS 0
Mahnken John mahnkjo01 1 19521130 BOS 0
Conley Gene conlege01 0 19521130 BOS 0
Seymour Paul seymopa01 23 19521130 SYR 1
Osterkorn Wally osterwa01 11 19521130 SYR 1
Gabor Bill gaborbi01 10 19521130 SYR 1
Lloyd Earl lloydea01 8 19521130 SYR 1
King George kingge01 8 19521130 SYR 1
Jorgensen Noble jorgeno01 8 19521130 SYR 1
Rocha Red rochare01 5 19521130 SYR 1
Lochmueller Bob lochmbo01 3 19521130 SYR 1
Schayes Dolph schaydo01 2 19521130 SYR 1
Calhoun Bill calhobi01 0 19521130 SYR 1
Schayes Dolph schaydo01 18 19521204 SYR 1
Rocha Red rochare01 13 19521204 SYR 1
King George kingge01 13 19521204 SYR 1
Osterkorn Wally osterwa01 10 19521204 SYR 1
Seymour Paul seymopa01 10 19521204 SYR 1
Lloyd Earl lloydea01 7 19521204 SYR 1
Jorgensen Noble jorgeno01 5 19521204 SYR 1
Lochmueller Bob lochmbo01 1 19521204 SYR 1
Gabor Bill gaborbi01 1 19521204 SYR 1
Cervi Al cervial01 0 19521204 SYR 1
Eddleman Dike eddledi01 21 19521204 FTW 2
Brian Frankie brianfr01 12 19521204 FTW 2
Meineke Monk meinemo01 11 19521204 FTW 2
Foust Larry foustla01 9 19521204 FTW 2
Schaus Fred schaufr01 7 19521204 FTW 2
Phillip Andy phillan01 6 19521204 FTW 2
Kerris Jack kerrija01 2 19521204 FTW 2
Share Chuck sharech01 2 19521204 FTW 2
Fendley Jake fendlja01 0 19521204 FTW 2
Seymour Paul seymopa01 20 19521206 SYR 1
Gabor Bill gaborbi01 16 19521206 SYR 1
Rocha Red rochare01 14 19521206 SYR 1
Osterkorn Wally osterwa01 10 19521206 SYR 1
Lloyd Earl lloydea01 9 19521206 SYR 1
Schayes Dolph schaydo01 8 19521206 SYR 1
King George kingge01 3 19521206 SYR 1
Jorgensen Noble jorgeno01 2 19521206 SYR 1
Lochmueller Bob lochmbo01 0 19521206 SYR 1
Johnston Neil johnsne01 31 19521206 PHW 2
Lofgran Don lofgrdo01 15 19521206 PHW 2
Fulks Joe fulksjo01 11 19521206 PHW 2
Fleishman Jerry fleisje01 7 19521206 PHW 2
Senesky George senesge01 4 19521206 PHW 2
Mlkvy Bill mlkvybi01 3 19521206 PHW 2
Kudelka Frank kudelfr01 3 19521206 PHW 2
Bobb Nelson bobbne01 0 19521206 PHW 2
Mikan Ed mikaned01 0 19521206 PHW 2
Workman Mark workmma01 0 19521206 PHW 2
Calhoun Bill calhobi01 21 19521207 MLH 2
Hutchins Mel hutchme01 17 19521207 MLH 2
Ratkovicz George ratkoge01 8 19521207 MLH 2
Nichols Jack nichoja01 5 19521207 MLH 2
Masino Al masinal01 4 19521207 MLH 2
Otten Don ottendo01 3 19521207 MLH 2
Boven Don bovendo01 3 19521207 MLH 2
Payak Johnny payakjo01 3 19521207 MLH 2
Brasco Jim brascji01 3 19521207 MLH 2
Crocker Dillard crockdi01 0 19521207 MLH 2
Rocha Red rochare01 15 19521207 SYR 1
Osterkorn Wally osterwa01 11 19521207 SYR 1
Cervi Al cervial01 10 19521207 SYR 1
Schayes Dolph schaydo01 9 19521207 SYR 1
Gabor Bill gaborbi01 8 19521207 SYR 1
King George kingge01 6 19521207 SYR 1
Seymour Paul seymopa01 5 19521207 SYR 1
Jorgensen Noble jorgeno01 4 19521207 SYR 1
Lochmueller Bob lochmbo01 2 19521207 SYR 1
Lloyd Earl lloydea01 1 19521207 SYR 1
Gabor Bill gaborbi01 14 19521208 SYR 0
Rocha Red rochare01 13 19521208 SYR 0
Lloyd Earl lloydea01 13 19521208 SYR 0
King George kingge01 12 19521208 SYR 0
Seymour Paul seymopa01 12 19521208 SYR 0
Cervi Al cervial01 7 19521208 SYR 0
Jorgensen Noble jorgeno01 7 19521208 SYR 0
Schayes Dolph schaydo01 7 19521208 SYR 0
Osterkorn Wally osterwa01 4 19521208 SYR 0
Lochmueller Bob lochmbo01 0 19521208 SYR 0
Calhoun Bill calhobi01 26 19521208 MLH 1
Nichols Jack nichoja01 23 19521208 MLH 1
Crocker Dillard crockdi01 18 19521208 MLH 1
Ratkovicz George ratkoge01 15 19521208 MLH 1
Boven Don bovendo01 9 19521208 MLH 1
Otten Don ottendo01 4 19521208 MLH 1
Masino Al masinal01 3 19521208 MLH 1
Brasco Jim brascji01 2 19521208 MLH 1
Payak Johnny payakjo01 1 19521208 MLH 1
Nichols Jack nichoja01 23 19521211 MLH 0
Ratkovicz George ratkoge01 12 19521211 MLH 0
Calhoun Bill calhobi01 10 19521211 MLH 0
Hutchins Mel hutchme01 9 19521211 MLH 0
Otten Don ottendo01 8 19521211 MLH 0
Brasco Jim brascji01 7 19521211 MLH 0
Crocker Dillard crockdi01 1 19521211 MLH 0
Boven Don bovendo01 0 19521211 MLH 0
Masino Al masinal01 0 19521211 MLH 0
Foust Larry foustla01 22 19521211 FTW 1
Kerris Jack kerrija01 11 19521211 FTW 1
Schaus Fred schaufr01 10 19521211 FTW 1
Eddleman Dike eddledi01 8 19521211 FTW 1
Brian Frankie brianfr01 6 19521211 FTW 1
Share Chuck sharech01 5 19521211 FTW 1
Phillip Andy phillan01 5 19521211 FTW 1
Meineke Monk meinemo01 4 19521211 FTW 1
Barnhorst Leo barnhle01 14 19521214 INO 2
Graboski Joe grabojo01 14 19521214 INO 2
Tosheff Bill toshebi01 12 19521214 INO 2
Rhodes Gene rhodege01 9 19521214 INO 2
Payton Mel paytome01 8 19521214 INO 2
Lavoy Bob lavoybo01 7 19521214 INO 2
Walther Paul walthpa01 3 19521214 INO 2
O'Brien Ralph obriera01 2 19521214 INO 2
Mikan Ed mikaned01 2 19521214 INO 2
Foust Larry foustla01 27 19521214 FTW 1
Schaus Fred schaufr01 17 19521214 FTW 1
Meineke Monk meinemo01 14 19521214 FTW 1
Kerris Jack kerrija01 7 19521214 FTW 1
Groat Dick groatdi01 7 19521214 FTW 1
Eddleman Dike eddledi01 7 19521214 FTW 1
Phillip Andy phillan01 5 19521214 FTW 1
Share Chuck sharech01 2 19521214 FTW 1
Brian Frankie brianfr01 0 19521214 FTW 1
Johnston Neil johnsne01 18 19521216 PHW 2
Fleishman Jerry fleisje01 16 19521216 PHW 2
Mlkvy Bill mlkvybi01 11 19521216 PHW 2
Kudelka Frank kudelfr01 7 19521216 PHW 2
Fulks Joe fulksjo01 7 19521216 PHW 2
Bobb Nelson bobbne01 5 19521216 PHW 2
Polson Ralph polsora01 0 19521216 PHW 2
Lofgran Don lofgrdo01 0 19521216 PHW 2
Workman Mark workmma01 0 19521216 PHW 2
Senesky George senesge01 0 19521216 PHW 2
Groat Dick groatdi01 18 19521216 FTW 1
Foust Larry foustla01 18 19521216 FTW 1
Eddleman Dike eddledi01 15 19521216 FTW 1
Kerris Jack kerrija01 10 19521216 FTW 1
Share Chuck sharech01 10 19521216 FTW 1
Meineke Monk meinemo01 9 19521216 FTW 1
Phillip Andy phillan01 8 19521216 FTW 1
Schaus Fred schaufr01 5 19521216 FTW 1
Fendley Jake fendlja01 2 19521216 FTW 1
Foust Larry foustla01 22 19521218 FTW 1
Phillip Andy phillan01 20 19521218 FTW 1
Brian Frankie brianfr01 12 19521218 FTW 1
Schaus Fred schaufr01 9 19521218 FTW 1
Eddleman Dike eddledi01 9 19521218 FTW 1
Meineke Monk meinemo01 8 19521218 FTW 1
Kerris Jack kerrija01 4 19521218 FTW 1
Share Chuck sharech01 2 19521218 FTW 1
Fendley Jake fendlja01 0 19521218 FTW 1
Johnston Neil johnsne01 17 19521218 PHW 2
Fulks Joe fulksjo01 16 19521218 PHW 2
Polson Ralph polsora01 12 19521218 PHW 2
Kudelka Frank kudelfr01 12 19521218 PHW 2
Fleishman Jerry fleisje01 8 19521218 PHW 2
Senesky George senesge01 4 19521218 PHW 2
Mlkvy Bill mlkvybi01 4 19521218 PHW 2
Workman Mark workmma01 4 19521218 PHW 2
Lofgran Don lofgrdo01 2 19521218 PHW 2
Foust Larry foustla01 23 19521220 FTW 0
Groat Dick groatdi01 16 19521220 FTW 0
Phillip Andy phillan01 13 19521220 FTW 0
Brian Frankie brianfr01 10 19521220 FTW 0
Eddleman Dike eddledi01 8 19521220 FTW 0
Schaus Fred schaufr01 6 19521220 FTW 0
Meineke Monk meinemo01 6 19521220 FTW 0
Share Chuck sharech01 4 19521220 FTW 0
Kerris Jack kerrija01 3 19521220 FTW 0
Wanzer Bobby wanzebo01 15 19521220 ROC 1
Risen Arnie risenar01 14 19521220 ROC 1
Davies Bob daviebo01 14 19521220 ROC 1
Coleman Jack colemja01 13 19521220 ROC 1
Johnson Arnie johnsar01 9 19521220 ROC 1
Hannum Alex hannual01 9 19521220 ROC 1
Spears Odie spearod01 9 19521220 ROC 1
McMahon Jack mcmahja01 7 19521220 ROC 1
Holzman Red holzmre01 2 19521220 ROC 1
Christensen Cal chrisca01 0 19521220 ROC 1
Spears Odie spearod01 21 19521221 ROC 1
Risen Arnie risenar01 16 19521221 ROC 1
Wanzer Bobby wanzebo01 15 19521221 ROC 1
Davies Bob daviebo01 9 19521221 ROC 1
Coleman Jack colemja01 8 19521221 ROC 1
McMahon Jack mcmahja01 7 19521221 ROC 1
Johnson Arnie johnsar01 4 19521221 ROC 1
Christensen Cal chrisca01 3 19521221 ROC 1
Holzman Red holzmre01 0 19521221 ROC 1
Hannum Alex hannual01 0 19521221 ROC 1
Payton Mel paytome01 16 19521221 INO 2
Barnhorst Leo barnhle01 13 19521221 INO 2
Walther Paul walthpa01 11 19521221 INO 2
Mikan Ed mikaned01 6 19521221 INO 2
O'Brien Ralph obriera01 4 19521221 INO 2
Zawoluk Zeke zawolze01 4 19521221 INO 2
Lavoy Bob lavoybo01 4 19521221 INO 2
Graboski Joe grabojo01 4 19521221 INO 2
Tosheff Bill toshebi01 2 19521221 INO 2
Rhodes Gene rhodege01 1 19521221 INO 2
Risen Arnie risenar01 19 19521225 ROC 1
Coleman Jack colemja01 19 19521225 ROC 1
Wanzer Bobby wanzebo01 15 19521225 ROC 1
Johnson Arnie johnsar01 15 19521225 ROC 1
Spears Odie spearod01 10 19521225 ROC 1
Davies Bob daviebo01 8 19521225 ROC 1
McMahon Jack mcmahja01 7 19521225 ROC 1
Christensen Cal chrisca01 0 19521225 ROC 1
Fleishman Jerry fleisje01 21 19521225 PHW 2
Mlkvy Bill mlkvybi01 13 19521225 PHW 2
Fulks Joe fulksjo01 12 19521225 PHW 2
Johnston Neil johnsne01 11 19521225 PHW 2
Senesky George senesge01 10 19521225 PHW 2
Kudelka Frank kudelfr01 4 19521225 PHW 2
Workman Mark workmma01 4 19521225 PHW 2
Polson Ralph polsora01 3 19521225 PHW 2
Bobb Nelson bobbne01 0 19521225 PHW 2
Lofgran Don lofgrdo01 0 19521225 PHW 2
Tosheff Bill toshebi01 22 19521227 INO 2
Payton Mel paytome01 12 19521227 INO 2
Graboski Joe grabojo01 11 19521227 INO 2
Barnhorst Leo barnhle01 8 19521227 INO 2
Zawoluk Zeke zawolze01 6 19521227 INO 2
Walther Paul walthpa01 5 19521227 INO 2
Mikan Ed mikaned01 4 19521227 INO 2
O'Brien Ralph obriera01 3 19521227 INO 2
Lavoy Bob lavoybo01 2 19521227 INO 2
Rhodes Gene rhodege01 0 19521227 INO 2
Wanzer Bobby wanzebo01 27 19521227 ROC 1
Risen Arnie risenar01 24 19521227 ROC 1
Johnson Arnie johnsar01 21 19521227 ROC 1
McMahon Jack mcmahja01 11 19521227 ROC 1
Spears Odie spearod01 8 19521227 ROC 1
Coleman Jack colemja01 3 19521227 ROC 1
Christensen Cal chrisca01 0 19521227 ROC 1
Holzman Red holzmre01 0 19521227 ROC 1
Hannum Alex hannual01 0 19521227 ROC 1
Rocha Red rochare01 18 19521230 SYR 2
Schayes Dolph schaydo01 17 19521230 SYR 2
Gabor Bill gaborbi01 15 19521230 SYR 2
Jorgensen Noble jorgeno01 11 19521230 SYR 2
King George kingge01 8 19521230 SYR 2
Lochmueller Bob lochmbo01 7 19521230 SYR 2
Seymour Paul seymopa01 6 19521230 SYR 2
Cervi Al cervial01 5 19521230 SYR 2
Lloyd Earl lloydea01 4 19521230 SYR 2
Osterkorn Wally osterwa01 2 19521230 SYR 2
Davies Bob daviebo01 22 19521230 ROC 1
Wanzer Bobby wanzebo01 20 19521230 ROC 1
Risen Arnie risenar01 15 19521230 ROC 1
Coleman Jack colemja01 12 19521230 ROC 1
Spears Odie spearod01 11 19521230 ROC 1
Johnson Arnie johnsar01 8 19521230 ROC 1
McMahon Jack mcmahja01 7 19521230 ROC 1
Holzman Red holzmre01 6 19521230 ROC 1
Hannum Alex hannual01 5 19521230 ROC 1
Christensen Cal chrisca01 0 19521230 ROC 1
Coleman Jack colemja01 22 19521231 ROC 1
Wanzer Bobby wanzebo01 19 19521231 ROC 1
McMahon Jack mcmahja01 16 19521231 ROC 1
Davies Bob daviebo01 10 19521231 ROC 1
Spears Odie spearod01 5 19521231 ROC 1
Johnson Arnie johnsar01 5 19521231 ROC 1
Risen Arnie risenar01 4 19521231 ROC 1
Hannum Alex hannual01 1 19521231 ROC 1
Christensen Cal chrisca01 0 19521231 ROC 1
Hutchins Mel hutchme01 20 19521231 MLH 2
Ratkovicz George ratkoge01 17 19521231 MLH 2
O'Neill Mike oneilmi01 9 19521231 MLH 2
Nichols Jack nichoja01 9 19521231 MLH 2
Masino Al masinal01 6 19521231 MLH 2
Calhoun Bill calhobi01 5 19521231 MLH 2
Crocker Dillard crockdi01 4 19521231 MLH 2
Boven Don bovendo01 2 19521231 MLH 2
Levane Andrew levanan01 1 19521231 MLH 2
Payak Johnny payakjo01 1 19521231 MLH 2
