Petrie Geoff petrige01 40 19710101 POR 2
Ellis Leroy ellisle01 13 19710101 POR 2
Halimon Shaler halimsh01 23 19710101 POR 2
Barnett Jim barneji02 7 19710101 POR 2
Adelman Rick adelmri01 9 19710101 POR 2
Manning Ed mannied01 8 19710101 POR 2
McKenzie Stan mckenst01 10 19710101 POR 2
Schlueter Dale schluda01 6 19710101 POR 2
Knight Ron knighro01 2 19710101 POR 2
Cross Pete crosspe01 23 19710101 SEA 1
Wilkens Lenny wilkele01 24 19710101 SEA 1
Kojis Don kojisdo01 19 19710101 SEA 1
Snyder Dick snydedi01 20 19710101 SEA 1
Meschery Tom meschto01 12 19710101 SEA 1
Winfield Lee winfile01 9 19710101 SEA 1
Abdul-Aziz Zaid abdulza01 8 19710101 SEA 1
Clemens Barry clemeba01 6 19710101 SEA 1
Black Tom blackto01 0 19710101 SEA 1
Heard Gar heardga01 0 19710101 SEA 1
Wilkens Lenny wilkele01 21 19710104 SEA 0
Cross Pete crosspe01 13 19710104 SEA 0
Kojis Don kojisdo01 24 19710104 SEA 0
Snyder Dick snydedi01 12 19710104 SEA 0
Meschery Tom meschto01 2 19710104 SEA 0
Haywood Spencer haywosp01 14 19710104 SEA 0
Winfield Lee winfile01 8 19710104 SEA 0
Black Tom blackto01 8 19710104 SEA 0
Clemens Barry clemeba01 7 19710104 SEA 0
Abdul-Aziz Zaid abdulza01 1 19710104 SEA 0
Heard Gar heardga01 0 19710104 SEA 0
Abdul-Jabbar Kareem abdulka01 38 19710104 MIL 1
Dandridge Bob dandrbo01 26 19710104 MIL 1
Robertson Oscar roberos01 19 19710104 MIL 1
McGlocklin Jon mcglojo01 15 19710104 MIL 1
Smith Greg smithgr01 10 19710104 MIL 1
Allen Lucius allenlu01 6 19710104 MIL 1
Boozer Bob boozebo01 1 19710104 MIL 1
Freeman Gary freemga01 5 19710104 MIL 1
Cunningham Dick cunnidi01 2 19710104 MIL 1
Zopf Bill zopfbi01 2 19710104 MIL 1
Robertson Oscar roberos01 23 19710106 MIL 1
Abdul-Jabbar Kareem abdulka01 24 19710106 MIL 1
Dandridge Bob dandrbo01 13 19710106 MIL 1
Smith Greg smithgr01 12 19710106 MIL 1
Boozer Bob boozebo01 15 19710106 MIL 1
McGlocklin Jon mcglojo01 14 19710106 MIL 1
Allen Lucius allenlu01 10 19710106 MIL 1
Cunningham Dick cunnidi01 1 19710106 MIL 1
Freeman Gary freemga01 4 19710106 MIL 1
Zopf Bill zopfbi01 3 19710106 MIL 1
Love Bob lovebo01 29 19710106 CHI 2
Sloan Jerry sloanje01 16 19710106 CHI 2
Boerwinkle Tom boerwto01 12 19710106 CHI 2
Weiss Bob weissbo01 6 19710106 CHI 2
Walker Chet walkech01 17 19710106 CHI 2
Fox Jim foxji01 13 19710106 CHI 2
King Jim kingji01 6 19710106 CHI 2
Collins Jimmy colliji01 6 19710106 CHI 2
Guokas Matt guokama02 1 19710106 CHI 2
Frazier Walt fraziwa01 23 19710107 NYK 2
DeBusschere Dave debusda01 22 19710107 NYK 2
Barnett Dick barnedi01 15 19710107 NYK 2
Reed Willis reedwi01 19 19710107 NYK 2
Stallworth Dave stallda01 11 19710107 NYK 2
Bradley Bill bradlbi01 7 19710107 NYK 2
Jackson Phil jacksph01 5 19710107 NYK 2
Russell Cazzie russeca01 4 19710107 NYK 2
Riordan Mike riordmi01 0 19710107 NYK 2
Price Mike pricemi01 0 19710107 NYK 2
Robertson Oscar roberos01 35 19710107 MIL 1
Dandridge Bob dandrbo01 17 19710107 MIL 1
Smith Greg smithgr01 10 19710107 MIL 1
McGlocklin Jon mcglojo01 13 19710107 MIL 1
Abdul-Jabbar Kareem abdulka01 24 19710107 MIL 1
Cunningham Dick cunnidi01 2 19710107 MIL 1
Boozer Bob boozebo01 7 19710107 MIL 1
Allen Lucius allenlu01 8 19710107 MIL 1
Bing Dave bingda01 25 19710109 DET 2
Walker Jimmy walkeji01 14 19710109 DET 2
Moore Otto mooreot01 7 19710109 DET 2
Mueller Erwin mueller01 2 19710109 DET 2
Dischinger Terry dischte01 6 19710109 DET 2
Komives Howard komivho01 0 19710109 DET 2
Driscoll Terry driscte01 10 19710109 DET 2
Lanier Bob laniebo01 17 19710109 DET 2
Hewitt Bill hewitbi01 8 19710109 DET 2
Quick Bob quickbo01 8 19710109 DET 2
Mix Steve mixst01 3 19710109 DET 2
Marlatt Harvey marlaha01 0 19710109 DET 2
Abdul-Jabbar Kareem abdulka01 27 19710109 MIL 1
Robertson Oscar roberos01 24 19710109 MIL 1
Dandridge Bob dandrbo01 14 19710109 MIL 1
Smith Greg smithgr01 12 19710109 MIL 1
McGlocklin Jon mcglojo01 11 19710109 MIL 1
Allen Lucius allenlu01 20 19710109 MIL 1
Boozer Bob boozebo01 6 19710109 MIL 1
Freeman Gary freemga01 2 19710109 MIL 1
Cunningham Dick cunnidi01 2 19710109 MIL 1
Zopf Bill zopfbi01 0 19710109 MIL 1
Johnson Gus johnsgu01 17 19710110 BAL 2
Unseld Wes unselwe01 15 19710110 BAL 2
Marin Jack marinja01 10 19710110 BAL 2
Monroe Earl monroea01 9 19710110 BAL 2
Loughery Kevin loughke01 15 19710110 BAL 2
Miles Eddie milesed01 3 19710110 BAL 2
Carter Fred cartefr01 13 19710110 BAL 2
Tresvant John tresvjo01 9 19710110 BAL 2
Johnson George johnsge01 2 19710110 BAL 2
Tucker Al tuckeal01 6 19710110 BAL 2
Zeller Gary zellega01 0 19710110 BAL 2
Murrey Dorie murredo01 0 19710110 BAL 2
Dandridge Bob dandrbo01 34 19710110 MIL 1
Robertson Oscar roberos01 19 19710110 MIL 1
Abdul-Jabbar Kareem abdulka01 30 19710110 MIL 1
Smith Greg smithgr01 4 19710110 MIL 1
McGlocklin Jon mcglojo01 15 19710110 MIL 1
Cunningham Dick cunnidi01 14 19710110 MIL 1
Boozer Bob boozebo01 12 19710110 MIL 1
Allen Lucius allenlu01 6 19710110 MIL 1
Zopf Bill zopfbi01 13 19710110 MIL 1
Freeman Gary freemga01 4 19710110 MIL 1
Paulk Charlie paulkch01 19 19710115 CIN 2
Lacey Sam laceysa01 27 19710115 CIN 2
Hyder Greg hydergr01 17 19710115 CIN 2
Green Johnny greenjo01 17 19710115 CIN 2
Archibald Tiny architi01 14 19710115 CIN 2
Van_Lier Norm vanlino01 12 19710115 CIN 2
Van_Arsdale Tom vanarto01 9 19710115 CIN 2
Robinson Flynn robinfl01 1 19710115 CIN 2
Barr Moe barrmo01 0 19710115 CIN 2
Arnzen Bob arnzebo01 0 19710115 CIN 2
Robertson Oscar roberos01 14 19710115 MIL 1
Abdul-Jabbar Kareem abdulka01 35 19710115 MIL 1
Dandridge Bob dandrbo01 29 19710115 MIL 1
McGlocklin Jon mcglojo01 16 19710115 MIL 1
Boozer Bob boozebo01 13 19710115 MIL 1
Smith Greg smithgr01 9 19710115 MIL 1
Zopf Bill zopfbi01 8 19710115 MIL 1
Freeman Gary freemga01 5 19710115 MIL 1
Cunningham Dick cunnidi01 4 19710115 MIL 1
Allen Lucius allenlu01 2 19710115 MIL 1
Dandridge Bob dandrbo01 12 19710116 MIL 1
Robertson Oscar roberos01 21 19710116 MIL 1
Abdul-Jabbar Kareem abdulka01 25 19710116 MIL 1
Smith Greg smithgr01 13 19710116 MIL 1
McGlocklin Jon mcglojo01 21 19710116 MIL 1
Allen Lucius allenlu01 11 19710116 MIL 1
Boozer Bob boozebo01 2 19710116 MIL 1
Cunningham Dick cunnidi01 4 19710116 MIL 1
Freeman Gary freemga01 1 19710116 MIL 1
Zopf Bill zopfbi01 0 19710116 MIL 1
Love Bob lovebo01 27 19710116 CHI 2
Sloan Jerry sloanje01 23 19710116 CHI 2
Walker Chet walkech01 15 19710116 CHI 2
Boerwinkle Tom boerwto01 4 19710116 CHI 2
Weiss Bob weissbo01 4 19710116 CHI 2
Guokas Matt guokama02 7 19710116 CHI 2
Fox Jim foxji01 3 19710116 CHI 2
King Jim kingji01 3 19710116 CHI 2
Collins Jimmy colliji01 2 19710116 CHI 2
Baum Johnny baumjo01 2 19710116 CHI 2
Cowens Dave cowenda01 19 19710117 BOS 2
Chaney Don chanedo01 21 19710117 BOS 2
Kuberski Steve kuberst01 10 19710117 BOS 2
Nelson Don nelsodo01 26 19710117 BOS 2
Williams Art williar01 8 19710117 BOS 2
Finkel Hank finkeha01 15 19710117 BOS 2
Morgan Rex morgare01 4 19710117 BOS 2
Smith Garfield smithga01 6 19710117 BOS 2
Dinwiddie Bill dinwibi01 4 19710117 BOS 2
Abdul-Jabbar Kareem abdulka01 44 19710117 MIL 1
McGlocklin Jon mcglojo01 23 19710117 MIL 1
Dandridge Bob dandrbo01 29 19710117 MIL 1
Smith Greg smithgr01 14 19710117 MIL 1
Robertson Oscar roberos01 6 19710117 MIL 1
Boozer Bob boozebo01 2 19710117 MIL 1
Allen Lucius allenlu01 0 19710117 MIL 1
Zopf Bill zopfbi01 0 19710117 MIL 1
Freeman Gary freemga01 2 19710117 MIL 1
Cunningham Dick cunnidi01 0 19710117 MIL 1
Abdul-Jabbar Kareem abdulka01 39 19710120 MIL 1
Dandridge Bob dandrbo01 28 19710120 MIL 1
Robertson Oscar roberos01 17 19710120 MIL 1
McGlocklin Jon mcglojo01 6 19710120 MIL 1
Smith Greg smithgr01 6 19710120 MIL 1
Boozer Bob boozebo01 13 19710120 MIL 1
Allen Lucius allenlu01 11 19710120 MIL 1
Johnson Gus johnsgu01 23 19710120 BAL 2
Miles Eddie milesed01 16 19710120 BAL 2
Monroe Earl monroea01 24 19710120 BAL 2
Unseld Wes unselwe01 18 19710120 BAL 2
Marin Jack marinja01 15 19710120 BAL 2
Loughery Kevin loughke01 20 19710120 BAL 2
Tresvant John tresvjo01 0 19710120 BAL 2
Murrey Dorie murredo01 0 19710120 BAL 2
Bellamy Walt bellawa01 25 19710122 ATL 1
Maravich Pete maravpe01 22 19710122 ATL 1
Hazzard Walt abdulma01 16 19710122 ATL 1
Bridges Bill bridgbi01 20 19710122 ATL 1
Chambers Jerry chambje01 16 19710122 ATL 1
Davis Jim davisji01 10 19710122 ATL 1
Vallely John vallejo01 6 19710122 ATL 1
Chappell Len chapple01 2 19710122 ATL 1
Christian Bob chrisbo01 0 19710122 ATL 1
Dandridge Bob dandrbo01 22 19710122 MIL 0
Abdul-Jabbar Kareem abdulka01 16 19710122 MIL 0
McGlocklin Jon mcglojo01 21 19710122 MIL 0
Robertson Oscar roberos01 9 19710122 MIL 0
Smith Greg smithgr01 13 19710122 MIL 0
Boozer Bob boozebo01 16 19710122 MIL 0
Allen Lucius allenlu01 5 19710122 MIL 0
Cunningham Dick cunnidi01 4 19710122 MIL 0
Zopf Bill zopfbi01 4 19710122 MIL 0
Freeman Gary freemga01 0 19710122 MIL 0
Robertson Oscar roberos01 29 19710124 MIL 1
Abdul-Jabbar Kareem abdulka01 24 19710124 MIL 1
Dandridge Bob dandrbo01 33 19710124 MIL 1
McGlocklin Jon mcglojo01 19 19710124 MIL 1
Smith Greg smithgr01 10 19710124 MIL 1
Boozer Bob boozebo01 18 19710124 MIL 1
Allen Lucius allenlu01 6 19710124 MIL 1
Cunningham Dick cunnidi01 0 19710124 MIL 1
Freeman Gary freemga01 3 19710124 MIL 1
Zopf Bill zopfbi01 0 19710124 MIL 1
Hudson Lou hudsolo01 27 19710124 ATL 0
Maravich Pete maravpe01 30 19710124 ATL 0
Hazzard Walt abdulma01 29 19710124 ATL 0
Bridges Bill bridgbi01 4 19710124 ATL 0
Davis Jim davisji01 13 19710124 ATL 0
Bellamy Walt bellawa01 8 19710124 ATL 0
Chambers Jerry chambje01 9 19710124 ATL 0
Christian Bob chrisbo01 0 19710124 ATL 0
White Herb whitehe01 0 19710124 ATL 0
Vallely John vallejo01 0 19710124 ATL 0
Abdul-Jabbar Kareem abdulka01 29 19710126 MIL 0
Robertson Oscar roberos01 20 19710126 MIL 0
Dandridge Bob dandrbo01 9 19710126 MIL 0
McGlocklin Jon mcglojo01 15 19710126 MIL 0
Smith Greg smithgr01 5 19710126 MIL 0
Allen Lucius allenlu01 10 19710126 MIL 0
Boozer Bob boozebo01 8 19710126 MIL 0
Cunningham Dick cunnidi01 2 19710126 MIL 0
Reed Willis reedwi01 35 19710126 NYK 1
Frazier Walt fraziwa01 22 19710126 NYK 1
Bradley Bill bradlbi01 18 19710126 NYK 1
Barnett Dick barnedi01 11 19710126 NYK 1
DeBusschere Dave debusda01 18 19710126 NYK 1
Stallworth Dave stallda01 0 19710126 NYK 1
Riordan Mike riordmi01 3 19710126 NYK 1
Russell Cazzie russeca01 0 19710126 NYK 1
Price Mike pricemi01 0 19710126 NYK 1
Fillmore Greg fillmgr01 0 19710126 NYK 1
DeBusschere Dave debusda01 25 19710127 NYK 1
Frazier Walt fraziwa01 26 19710127 NYK 1
Barnett Dick barnedi01 10 19710127 NYK 1
Bradley Bill bradlbi01 18 19710127 NYK 1
Reed Willis reedwi01 12 19710127 NYK 1
Stallworth Dave stallda01 17 19710127 NYK 1
Riordan Mike riordmi01 5 19710127 NYK 1
Fillmore Greg fillmgr01 3 19710127 NYK 1
Jackson Phil jacksph01 0 19710127 NYK 1
Russell Cazzie russeca01 0 19710127 NYK 1
Hudson Lou hudsolo01 23 19710127 ATL 2
Bridges Bill bridgbi01 10 19710127 ATL 2
Bellamy Walt bellawa01 18 19710127 ATL 2
Hazzard Walt abdulma01 26 19710127 ATL 2
Davis Jim davisji01 12 19710127 ATL 2
Maravich Pete maravpe01 13 19710127 ATL 2
Chambers Jerry chambje01 2 19710127 ATL 2
Christian Bob chrisbo01 2 19710127 ATL 2
White Herb whitehe01 2 19710127 ATL 2
Frazier Walt fraziwa01 26 19710129 NYK 1
DeBusschere Dave debusda01 24 19710129 NYK 1
Reed Willis reedwi01 29 19710129 NYK 1
Barnett Dick barnedi01 8 19710129 NYK 1
Bradley Bill bradlbi01 8 19710129 NYK 1
Riordan Mike riordmi01 6 19710129 NYK 1
Stallworth Dave stallda01 16 19710129 NYK 1
Russell Cazzie russeca01 0 19710129 NYK 1
Jackson Phil jacksph01 1 19710129 NYK 1
Fillmore Greg fillmgr01 0 19710129 NYK 1
Havlicek John havlijo01 27 19710129 BOS 2
White Jo_Jo whitejo01 18 19710129 BOS 2
Cowens Dave cowenda01 22 19710129 BOS 2
Chaney Don chanedo01 17 19710129 BOS 2
Nelson Don nelsodo01 12 19710129 BOS 2
Kuberski Steve kuberst01 9 19710129 BOS 2
Williams Art williar01 2 19710129 BOS 2
Sanders Tom sandeto01 2 19710129 BOS 2
Finkel Hank finkeha01 2 19710129 BOS 2
Cunningham Billy cunnibi01 22 19710130 PHI 1
Clark Archie clarkar01 22 19710130 PHI 1
Greer Hal greerha01 21 19710130 PHI 1
Washington Jim washiji01 24 19710130 PHI 1
Jackson Luke jackslu01 7 19710130 PHI 1
Howell Bailey howelba01 4 19710130 PHI 1
Crawford Freddie crawffr01 2 19710130 PHI 1
Foster Fred fostefr01 2 19710130 PHI 1
Awtrey Dennis awtrede01 2 19710130 PHI 1
Frazier Walt fraziwa01 28 19710130 NYK 0
DeBusschere Dave debusda01 23 19710130 NYK 0
Reed Willis reedwi01 17 19710130 NYK 0
Barnett Dick barnedi01 11 19710130 NYK 0
Stallworth Dave stallda01 4 19710130 NYK 0
Russell Cazzie russeca01 12 19710130 NYK 0
Bradley Bill bradlbi01 4 19710130 NYK 0
Riordan Mike riordmi01 2 19710130 NYK 0
Jackson Phil jacksph01 4 19710130 NYK 0
Fillmore Greg fillmgr01 0 19710130 NYK 0
Greer Hal greerha01 29 19710131 PHI 0
Clark Archie clarkar01 32 19710131 PHI 0
Cunningham Billy cunnibi01 26 19710131 PHI 0
Washington Jim washiji01 16 19710131 PHI 0
Awtrey Dennis awtrede01 13 19710131 PHI 0
Howell Bailey howelba01 6 19710131 PHI 0
Foster Fred fostefr01 2 19710131 PHI 0
Crawford Freddie crawffr01 2 19710131 PHI 0
Jackson Luke jackslu01 0 19710131 PHI 0
Havlicek John havlijo01 31 19710131 BOS 1
Chaney Don chanedo01 16 19710131 BOS 1
White Jo_Jo whitejo01 17 19710131 BOS 1
Cowens Dave cowenda01 16 19710131 BOS 1
Nelson Don nelsodo01 17 19710131 BOS 1
Kuberski Steve kuberst01 18 19710131 BOS 1
Williams Art williar01 8 19710131 BOS 1
Finkel Hank finkeha01 9 19710131 BOS 1
Sanders Tom sandeto01 0 19710131 BOS 1
Smith Garfield smithga01 0 19710131 BOS 1
Cowens Dave cowenda01 22 19710202 BOS 0
Havlicek John havlijo01 20 19710202 BOS 0
White Jo_Jo whitejo01 18 19710202 BOS 0
Chaney Don chanedo01 21 19710202 BOS 0
Nelson Don nelsodo01 10 19710202 BOS 0
Kuberski Steve kuberst01 13 19710202 BOS 0
Williams Art williar01 1 19710202 BOS 0
Sanders Tom sandeto01 0 19710202 BOS 0
Cunningham Billy cunnibi01 31 19710202 PHI 1
Clark Archie clarkar01 16 19710202 PHI 1
Washington Jim washiji01 14 19710202 PHI 1
Greer Hal greerha01 12 19710202 PHI 1
Foster Fred fostefr01 12 19710202 PHI 1
Crawford Freddie crawffr01 12 19710202 PHI 1
Awtrey Dennis awtrede01 5 19710202 PHI 1
Jackson Luke jackslu01 6 19710202 PHI 1
Howell Bailey howelba01 0 19710202 PHI 1
Clark Archie clarkar01 30 19710205 PHI 0
Greer Hal greerha01 13 19710205 PHI 0
Washington Jim washiji01 21 19710205 PHI 0
Cunningham Billy cunnibi01 14 19710205 PHI 0
Awtrey Dennis awtrede01 8 19710205 PHI 0
Jackson Luke jackslu01 2 19710205 PHI 0
Howell Bailey howelba01 2 19710205 PHI 0
Jones Wali joneswa02 6 19710205 PHI 0
Crawford Freddie crawffr01 6 19710205 PHI 0
Foster Fred fostefr01 0 19710205 PHI 0
Love Bob lovebo01 37 19710205 CHI 1
Guokas Matt guokama02 22 19710205 CHI 1
Sloan Jerry sloanje01 10 19710205 CHI 1
Walker Chet walkech01 29 19710205 CHI 1
Boerwinkle Tom boerwto01 10 19710205 CHI 1
Fox Jim foxji01 0 19710205 CHI 1
Weiss Bob weissbo01 4 19710205 CHI 1
King Jim kingji01 2 19710205 CHI 1
Love Bob lovebo01 40 19710206 CHI 1
Guokas Matt guokama02 12 19710206 CHI 1
Sloan Jerry sloanje01 25 19710206 CHI 1
Walker Chet walkech01 12 19710206 CHI 1
Boerwinkle Tom boerwto01 8 19710206 CHI 1
Fox Jim foxji01 9 19710206 CHI 1
Weiss Bob weissbo01 3 19710206 CHI 1
Frazier Walt fraziwa01 16 19710206 NYK 2
Reed Willis reedwi01 12 19710206 NYK 2
Barnett Dick barnedi01 23 19710206 NYK 2
DeBusschere Dave debusda01 12 19710206 NYK 2
Bradley Bill bradlbi01 3 19710206 NYK 2
Russell Cazzie russeca01 25 19710206 NYK 2
Stallworth Dave stallda01 6 19710206 NYK 2
Riordan Mike riordmi01 2 19710206 NYK 2
Jackson Phil jacksph01 3 19710206 NYK 2
Love Bob lovebo01 32 19710207 CHI 0
Guokas Matt guokama02 4 19710207 CHI 0
Walker Chet walkech01 25 19710207 CHI 0
Sloan Jerry sloanje01 12 19710207 CHI 0
Boerwinkle Tom boerwto01 5 19710207 CHI 0
Fox Jim foxji01 9 19710207 CHI 0
Weiss Bob weissbo01 8 19710207 CHI 0
King Jim kingji01 1 19710207 CHI 0
Havlicek John havlijo01 32 19710207 BOS 1
White Jo_Jo whitejo01 24 19710207 BOS 1
Cowens Dave cowenda01 9 19710207 BOS 1
Chaney Don chanedo01 10 19710207 BOS 1
Kuberski Steve kuberst01 8 19710207 BOS 1
Finkel Hank finkeha01 10 19710207 BOS 1
Nelson Don nelsodo01 8 19710207 BOS 1
Williams Art williar01 0 19710207 BOS 1
Sanders Tom sandeto01 2 19710207 BOS 1
Dinwiddie Bill dinwibi01 1 19710207 BOS 1
Smith Garfield smithga01 0 19710207 BOS 1
Havlicek John havlijo01 33 19710209 BOS 1
Cowens Dave cowenda01 10 19710209 BOS 1
White Jo_Jo whitejo01 11 19710209 BOS 1
Kuberski Steve kuberst01 10 19710209 BOS 1
Chaney Don chanedo01 4 19710209 BOS 1
Nelson Don nelsodo01 14 19710209 BOS 1
Williams Art williar01 6 19710209 BOS 1
Finkel Hank finkeha01 2 19710209 BOS 1
Sanders Tom sandeto01 0 19710209 BOS 1
Love Bob lovebo01 27 19710209 CHI 2
Guokas Matt guokama02 10 19710209 CHI 2
Sloan Jerry sloanje01 11 19710209 CHI 2
Walker Chet walkech01 18 19710209 CHI 2
Boerwinkle Tom boerwto01 8 19710209 CHI 2
Fox Jim foxji01 5 19710209 CHI 2
King Jim kingji01 7 19710209 CHI 2
Weiss Bob weissbo01 2 19710209 CHI 2
Havlicek John havlijo01 23 19710210 BOS 0
Cowens Dave cowenda01 17 19710210 BOS 0
Chaney Don chanedo01 12 19710210 BOS 0
White Jo_Jo whitejo01 18 19710210 BOS 0
Kuberski Steve kuberst01 12 19710210 BOS 0
Nelson Don nelsodo01 9 19710210 BOS 0
Williams Art williar01 5 19710210 BOS 0
Finkel Hank finkeha01 4 19710210 BOS 0
Sanders Tom sandeto01 0 19710210 BOS 0
Morgan Rex morgare01 2 19710210 BOS 0
White Herb whitehe01 0 19710210 ATL 1
Christian Bob chrisbo01 0 19710210 ATL 1
Bridges Bill bridgbi01 15 19710210 ATL 1
Hudson Lou hudsolo01 20 19710210 ATL 1
Hazzard Walt abdulma01 15 19710210 ATL 1
Maravich Pete maravpe01 28 19710210 ATL 1
Bellamy Walt bellawa01 18 19710210 ATL 1
Davis Jim davisji01 14 19710210 ATL 1
Chambers Jerry chambje01 2 19710210 ATL 1
Vallely John vallejo01 2 19710210 ATL 1
Frazier Walt fraziwa01 33 19710212 NYK 2
DeBusschere Dave debusda01 24 19710212 NYK 2
Barnett Dick barnedi01 11 19710212 NYK 2
Bradley Bill bradlbi01 12 19710212 NYK 2
Fillmore Greg fillmgr01 8 19710212 NYK 2
Stallworth Dave stallda01 18 19710212 NYK 2
Jackson Phil jacksph01 4 19710212 NYK 2
Riordan Mike riordmi01 6 19710212 NYK 2
Price Mike pricemi01 0 19710212 NYK 2
Russell Cazzie russeca01 0 19710212 NYK 2
Hudson Lou hudsolo01 30 19710212 ATL 1
Bellamy Walt bellawa01 33 19710212 ATL 1
Maravich Pete maravpe01 31 19710212 ATL 1
Hazzard Walt abdulma01 18 19710212 ATL 1
Bridges Bill bridgbi01 6 19710212 ATL 1
Davis Jim davisji01 7 19710212 ATL 1
Chambers Jerry chambje01 0 19710212 ATL 1
Christian Bob chrisbo01 0 19710212 ATL 1
McGlocklin Jon mcglojo01 16 19710214 MIL 1
Abdul-Jabbar Kareem abdulka01 23 19710214 MIL 1
Robertson Oscar roberos01 17 19710214 MIL 1
Dandridge Bob dandrbo01 22 19710214 MIL 1
Smith Greg smithgr01 12 19710214 MIL 1
Boozer Bob boozebo01 12 19710214 MIL 1
Webb Jeff webbje01 5 19710214 MIL 1
Cunningham Dick cunnidi01 7 19710214 MIL 1
McLemore McCoy mclemmc01 4 19710214 MIL 1
Zopf Bill zopfbi01 6 19710214 MIL 1
Hazzard Walt abdulma01 10 19710214 ATL 0
Hudson Lou hudsolo01 12 19710214 ATL 0
Bellamy Walt bellawa01 9 19710214 ATL 0
Bridges Bill bridgbi01 7 19710214 ATL 0
Maravich Pete maravpe01 15 19710214 ATL 0
Davis Jim davisji01 13 19710214 ATL 0
Chambers Jerry chambje01 12 19710214 ATL 0
White Herb whitehe01 2 19710214 ATL 0
Vallely John vallejo01 4 19710214 ATL 0
Christian Bob chrisbo01 4 19710214 ATL 0
Abdul-Jabbar Kareem abdulka01 38 19710216 MIL 1
Robertson Oscar roberos01 18 19710216 MIL 1
McGlocklin Jon mcglojo01 18 19710216 MIL 1
Dandridge Bob dandrbo01 17 19710216 MIL 1
Smith Greg smithgr01 25 19710216 MIL 1
Webb Jeff webbje01 4 19710216 MIL 1
McLemore McCoy mclemmc01 8 19710216 MIL 1
Boozer Bob boozebo01 3 19710216 MIL 1
Cunningham Dick cunnidi01 4 19710216 MIL 1
Zopf Bill zopfbi01 0 19710216 MIL 1
Kauffman Bob kauffbo01 27 19710216 BUF 2
May Don maydo01 34 19710216 BUF 2
Gilliam Herm gillihe01 5 19710216 BUF 2
Garrett Dick garredi01 6 19710216 BUF 2
Warner Cornell warneco01 1 19710216 BUF 2
Hummer John hummejo01 11 19710216 BUF 2
Davis Mike davismi01 17 19710216 BUF 2
Bryant Em bryanem01 0 19710216 BUF 2
Wilson George wilsoge01 2 19710216 BUF 2
Clark Archie clarkar01 24 19710217 PHI 2
Cunningham Billy cunnibi01 26 19710217 PHI 2
Washington Jim washiji01 15 19710217 PHI 2
Greer Hal greerha01 6 19710217 PHI 2
Howell Bailey howelba01 14 19710217 PHI 2
Awtrey Dennis awtrede01 12 19710217 PHI 2
Dierking Connie dierkco01 11 19710217 PHI 2
Jones Wali joneswa02 6 19710217 PHI 2
Jackson Luke jackslu01 0 19710217 PHI 2
Robertson Oscar roberos01 17 19710217 MIL 1
McGlocklin Jon mcglojo01 15 19710217 MIL 1
Dandridge Bob dandrbo01 17 19710217 MIL 1
Abdul-Jabbar Kareem abdulka01 41 19710217 MIL 1
Smith Greg smithgr01 25 19710217 MIL 1
Boozer Bob boozebo01 2 19710217 MIL 1
Cunningham Dick cunnidi01 2 19710217 MIL 1
McLemore McCoy mclemmc01 0 19710217 MIL 1
Zopf Bill zopfbi01 0 19710217 MIL 1
Webb Jeff webbje01 0 19710217 MIL 1
Abdul-Jabbar Kareem abdulka01 42 19710219 MIL 1
Robertson Oscar roberos01 28 19710219 MIL 1
Smith Greg smithgr01 20 19710219 MIL 1
McGlocklin Jon mcglojo01 15 19710219 MIL 1
Dandridge Bob dandrbo01 10 19710219 MIL 1
McLemore McCoy mclemmc01 8 19710219 MIL 1
Boozer Bob boozebo01 3 19710219 MIL 1
Zopf Bill zopfbi01 2 19710219 MIL 1
Webb Jeff webbje01 0 19710219 MIL 1
Cunningham Dick cunnidi01 0 19710219 MIL 1
Cross Pete crosspe01 11 19710219 SEA 2
Kojis Don kojisdo01 26 19710219 SEA 2
Snyder Dick snydedi01 31 19710219 SEA 2
Thorn Rod thornro01 4 19710219 SEA 2
Meschery Tom meschto01 2 19710219 SEA 2
Heard Gar heardga01 8 19710219 SEA 2
Wilkens Lenny wilkele01 15 19710219 SEA 2
Winfield Lee winfile01 13 19710219 SEA 2
Clemens Barry clemeba01 2 19710219 SEA 2
Abdul-Aziz Zaid abdulza01 0 19710219 SEA 2
Abdul-Jabbar Kareem abdulka01 25 19710220 MIL 1
Robertson Oscar roberos01 15 19710220 MIL 1
McGlocklin Jon mcglojo01 28 19710220 MIL 1
Dandridge Bob dandrbo01 16 19710220 MIL 1
Smith Greg smithgr01 10 19710220 MIL 1
Boozer Bob boozebo01 6 19710220 MIL 1
Webb Jeff webbje01 2 19710220 MIL 1
Cunningham Dick cunnidi01 0 19710220 MIL 1
McLemore McCoy mclemmc01 2 19710220 MIL 1
Williams Ron williro01 27 19710220 SFW 2
Thurmond Nate thurmna01 30 19710220 SFW 2
Lucas Jerry lucasje01 7 19710220 SFW 2
Ellis Joe ellisjo01 7 19710220 SFW 2
Jones Nick jonesni01 14 19710220 SFW 2
Lee Clyde leecl01 7 19710220 SFW 2
Turner Bill turnebi01 0 19710220 SFW 2
Fontaine Levi fontale01 0 19710220 SFW 2
Portman Bob portmbo01 4 19710220 SFW 2
Abdul-Jabbar Kareem abdulka01 36 19710221 MIL 1
Robertson Oscar roberos01 20 19710221 MIL 1
Dandridge Bob dandrbo01 22 19710221 MIL 1
McGlocklin Jon mcglojo01 18 19710221 MIL 1
Smith Greg smithgr01 8 19710221 MIL 1
Boozer Bob boozebo01 14 19710221 MIL 1
Webb Jeff webbje01 0 19710221 MIL 1
McLemore McCoy mclemmc01 3 19710221 MIL 1
Cunningham Dick cunnidi01 4 19710221 MIL 1
Zopf Bill zopfbi01 0 19710221 MIL 1
Van_Arsdale Dick vanardi01 21 19710221 PHO 2
Hawkins Connie hawkico01 19 19710221 PHO 2
Silas Paul silaspa01 4 19710221 PHO 2
Walk Neal walkne01 12 19710221 PHO 2
Haskins Clem haskicl01 10 19710221 PHO 2
Wetzel John wetzejo01 13 19710221 PHO 2
Harris Art harriar01 11 19710221 PHO 2
Green Lamar greenla01 1 19710221 PHO 2
Counts Mel countme01 2 19710221 PHO 2
Thomas Joe thomajo01 0 19710221 PHO 2
Taylor Fred taylofr01 2 19710221 PHO 2
Howard Greg howargr01 2 19710221 PHO 2
Williams Ron williro01 20 19710223 SFW 2
Jones Nick jonesni01 31 19710223 SFW 2
Thurmond Nate thurmna01 24 19710223 SFW 2
Lucas Jerry lucasje01 16 19710223 SFW 2
Ellis Joe ellisjo01 6 19710223 SFW 2
Lee Clyde leecl01 10 19710223 SFW 2
Turner Bill turnebi01 0 19710223 SFW 2
Portman Bob portmbo01 0 19710223 SFW 2
Fontaine Levi fontale01 0 19710223 SFW 2
Attles Al attleal01 0 19710223 SFW 2
Robertson Oscar roberos01 26 19710223 MIL 1
Abdul-Jabbar Kareem abdulka01 25 19710223 MIL 1
McGlocklin Jon mcglojo01 18 19710223 MIL 1
Smith Greg smithgr01 9 19710223 MIL 1
Dandridge Bob dandrbo01 15 19710223 MIL 1
Webb Jeff webbje01 1 19710223 MIL 1
Boozer Bob boozebo01 16 19710223 MIL 1
McLemore McCoy mclemmc01 4 19710223 MIL 1
Cunningham Dick cunnidi01 4 19710223 MIL 1
Hayes Elvin hayesel01 23 19710224 SDR 2
Lantz Stu lantzst01 18 19710224 SDR 2
Siegfried Larry siegfla01 7 19710224 SDR 2
Block John blockjo01 6 19710224 SDR 2
Adams Don adamsdo01 11 19710224 SDR 2
Trapp John trappjo01 6 19710224 SDR 2
Kimball Toby kimbato01 7 19710224 SDR 2
Murphy Calvin murphca01 15 19710224 SDR 2
Tomjanovich Rudy tomjaru01 5 19710224 SDR 2
Egan Johnny eganjo01 1 19710224 SDR 2
Williams Bernie willibe01 5 19710224 SDR 2
Robertson Oscar roberos01 26 19710224 MIL 1
Dandridge Bob dandrbo01 33 19710224 MIL 1
McGlocklin Jon mcglojo01 13 19710224 MIL 1
Abdul-Jabbar Kareem abdulka01 20 19710224 MIL 1
Smith Greg smithgr01 12 19710224 MIL 1
Boozer Bob boozebo01 12 19710224 MIL 1
McLemore McCoy mclemmc01 8 19710224 MIL 1
Webb Jeff webbje01 6 19710224 MIL 1
Cunningham Dick cunnidi01 9 19710224 MIL 1
Van_Lier Norm vanlino01 11 19710226 CIN 2
Van_Arsdale Tom vanarto01 18 19710226 CIN 2
Archibald Tiny architi01 14 19710226 CIN 2
Lacey Sam laceysa01 14 19710226 CIN 2
Paulk Charlie paulkch01 24 19710226 CIN 2
Hyder Greg hydergr01 5 19710226 CIN 2
Robinson Flynn robinfl01 16 19710226 CIN 2
Arnzen Bob arnzebo01 4 19710226 CIN 2
Black Tom blackto01 2 19710226 CIN 2
Barr Moe barrmo01 3 19710226 CIN 2
Williams Willie williwi01 0 19710226 CIN 2
Abdul-Jabbar Kareem abdulka01 24 19710226 MIL 1
McGlocklin Jon mcglojo01 24 19710226 MIL 1
Robertson Oscar roberos01 18 19710226 MIL 1
Dandridge Bob dandrbo01 24 19710226 MIL 1
Smith Greg smithgr01 6 19710226 MIL 1
Boozer Bob boozebo01 18 19710226 MIL 1
McLemore McCoy mclemmc01 11 19710226 MIL 1
Webb Jeff webbje01 2 19710226 MIL 1
Cunningham Dick cunnidi01 4 19710226 MIL 1
Winkler Marv winklma01 4 19710226 MIL 1
Abdul-Jabbar Kareem abdulka01 26 19710228 MIL 1
Robertson Oscar roberos01 24 19710228 MIL 1
McGlocklin Jon mcglojo01 13 19710228 MIL 1
Dandridge Bob dandrbo01 16 19710228 MIL 1
Smith Greg smithgr01 15 19710228 MIL 1
Boozer Bob boozebo01 9 19710228 MIL 1
Webb Jeff webbje01 2 19710228 MIL 1
McLemore McCoy mclemmc01 4 19710228 MIL 1
Cunningham Dick cunnidi01 2 19710228 MIL 1
Havlicek John havlijo01 21 19710228 BOS 2
Cowens Dave cowenda01 36 19710228 BOS 2
White Jo_Jo whitejo01 14 19710228 BOS 2
Chaney Don chanedo01 3 19710228 BOS 2
Kuberski Steve kuberst01 3 19710228 BOS 2
Nelson Don nelsodo01 14 19710228 BOS 2
Williams Art williar01 6 19710228 BOS 2
Dinwiddie Bill dinwibi01 2 19710228 BOS 2
Finkel Hank finkeha01 0 19710228 BOS 2
Washington Jim washiji01 18 19710301 PHI 2
Clark Archie clarkar01 20 19710301 PHI 2
Cunningham Billy cunnibi01 15 19710301 PHI 2
Awtrey Dennis awtrede01 12 19710301 PHI 2
Greer Hal greerha01 11 19710301 PHI 2
Jones Wali joneswa02 6 19710301 PHI 2
Howell Bailey howelba01 8 19710301 PHI 2
Jackson Luke jackslu01 6 19710301 PHI 2
Crawford Freddie crawffr01 3 19710301 PHI 2
Foster Fred fostefr01 2 19710301 PHI 2
Dierking Connie dierkco01 2 19710301 PHI 2
Ogden Bud ogdenbu01 0 19710301 PHI 2
Robertson Oscar roberos01 29 19710301 MIL 1
McGlocklin Jon mcglojo01 20 19710301 MIL 1
Abdul-Jabbar Kareem abdulka01 29 19710301 MIL 1
Dandridge Bob dandrbo01 18 19710301 MIL 1
Boozer Bob boozebo01 5 19710301 MIL 1
Smith Greg smithgr01 13 19710301 MIL 1
Cunningham Dick cunnidi01 3 19710301 MIL 1
McLemore McCoy mclemmc01 8 19710301 MIL 1
Webb Jeff webbje01 0 19710301 MIL 1
Winkler Marv winklma01 2 19710301 MIL 1
Goodrich Gail goodrga01 25 19710303 LAL 2
Chamberlain Wilt chambwi01 24 19710303 LAL 2
Erickson Keith erickke01 13 19710303 LAL 2
Hairston Happy hairsha01 19 19710303 LAL 2
McCarter Willie mccarwi01 1 19710303 LAL 2
Hetzel Fred hetzefr01 2 19710303 LAL 2
Riley Pat rileypa01 0 19710303 LAL 2
McMillian Jim mcmilji01 11 19710303 LAL 2
Roberson Rick roberri01 2 19710303 LAL 2
McGlocklin Jon mcglojo01 22 19710303 MIL 1
Robertson Oscar roberos01 24 19710303 MIL 1
Smith Greg smithgr01 16 19710303 MIL 1
Abdul-Jabbar Kareem abdulka01 15 19710303 MIL 1
Dandridge Bob dandrbo01 17 19710303 MIL 1
Boozer Bob boozebo01 12 19710303 MIL 1
Cunningham Dick cunnidi01 2 19710303 MIL 1
Webb Jeff webbje01 4 19710303 MIL 1
McLemore McCoy mclemmc01 0 19710303 MIL 1
Kauffman Bob kauffbo01 26 19710304 BUF 2
May Don maydo01 25 19710304 BUF 2
Gilliam Herm gillihe01 18 19710304 BUF 2
Garrett Dick garredi01 15 19710304 BUF 2
Warner Cornell warneco01 4 19710304 BUF 2
Hummer John hummejo01 16 19710304 BUF 2
Bryant Em bryanem01 9 19710304 BUF 2
Wilson George wilsoge01 0 19710304 BUF 2
Robertson Oscar roberos01 32 19710304 MIL 1
Abdul-Jabbar Kareem abdulka01 25 19710304 MIL 1
Dandridge Bob dandrbo01 15 19710304 MIL 1
McGlocklin Jon mcglojo01 21 19710304 MIL 1
Smith Greg smithgr01 9 19710304 MIL 1
McLemore McCoy mclemmc01 8 19710304 MIL 1
Webb Jeff webbje01 6 19710304 MIL 1
Boozer Bob boozebo01 0 19710304 MIL 1
Cunningham Dick cunnidi01 0 19710304 MIL 1
Robertson Oscar roberos01 18 19710305 MIL 1
Abdul-Jabbar Kareem abdulka01 34 19710305 MIL 1
McGlocklin Jon mcglojo01 26 19710305 MIL 1
Smith Greg smithgr01 10 19710305 MIL 1
Dandridge Bob dandrbo01 16 19710305 MIL 1
McLemore McCoy mclemmc01 4 19710305 MIL 1
Boozer Bob boozebo01 0 19710305 MIL 1
Webb Jeff webbje01 0 19710305 MIL 1
Cunningham Dick cunnidi01 0 19710305 MIL 1
Hewitt Bill hewitbi01 13 19710305 DET 2
Bing Dave bingda01 39 19710305 DET 2
Walker Jimmy walkeji01 9 19710305 DET 2
Lanier Bob laniebo01 10 19710305 DET 2
Mueller Erwin mueller01 0 19710305 DET 2
Quick Bob quickbo01 7 19710305 DET 2
Moore Otto mooreot01 9 19710305 DET 2
Komives Howard komivho01 8 19710305 DET 2
Haywood Spencer haywosp01 30 19710308 SEA 2
Wilkens Lenny wilkele01 16 19710308 SEA 2
Abdul-Aziz Zaid abdulza01 28 19710308 SEA 2
Heard Gar heardga01 9 19710308 SEA 2
Snyder Dick snydedi01 13 19710308 SEA 2
Winfield Lee winfile01 2 19710308 SEA 2
Kojis Don kojisdo01 1 19710308 SEA 2
Cross Pete crosspe01 0 19710308 SEA 2
Abdul-Jabbar Kareem abdulka01 32 19710308 MIL 1
Robertson Oscar roberos01 24 19710308 MIL 1
McGlocklin Jon mcglojo01 15 19710308 MIL 1
Dandridge Bob dandrbo01 9 19710308 MIL 1
Smith Greg smithgr01 6 19710308 MIL 1
Boozer Bob boozebo01 9 19710308 MIL 1
McLemore McCoy mclemmc01 2 19710308 MIL 1
Webb Jeff webbje01 3 19710308 MIL 1
Allen Lucius allenlu01 4 19710308 MIL 1
Cunningham Dick cunnidi01 0 19710308 MIL 1
McGlocklin Jon mcglojo01 20 19710309 MIL 0
Abdul-Jabbar Kareem abdulka01 39 19710309 MIL 0
Robertson Oscar roberos01 20 19710309 MIL 0
Dandridge Bob dandrbo01 5 19710309 MIL 0
Smith Greg smithgr01 8 19710309 MIL 0
Boozer Bob boozebo01 4 19710309 MIL 0
Allen Lucius allenlu01 6 19710309 MIL 0
Cunningham Dick cunnidi01 1 19710309 MIL 0
Webb Jeff webbje01 0 19710309 MIL 0
Love Bob lovebo01 23 19710309 CHI 1
Sloan Jerry sloanje01 21 19710309 CHI 1
Walker Chet walkech01 20 19710309 CHI 1
Boerwinkle Tom boerwto01 21 19710309 CHI 1
Guokas Matt guokama02 8 19710309 CHI 1
Weiss Bob weissbo01 12 19710309 CHI 1
Fox Jim foxji01 3 19710309 CHI 1
Baum Johnny baumjo01 2 19710309 CHI 1
King Jim kingji01 0 19710309 CHI 1
Hawkins Connie hawkico01 27 19710312 PHO 2
Haskins Clem haskicl01 8 19710312 PHO 2
Van_Arsdale Dick vanardi01 16 19710312 PHO 2
Silas Paul silaspa01 10 19710312 PHO 2
Walk Neal walkne01 17 19710312 PHO 2
Counts Mel countme01 10 19710312 PHO 2
Harris Art harriar01 4 19710312 PHO 2
Green Lamar greenla01 0 19710312 PHO 2
Wetzel John wetzejo01 0 19710312 PHO 2
Taylor Fred taylofr01 0 19710312 PHO 2
Thomas Joe thomajo01 0 19710312 PHO 2
Sloan Jerry sloanje01 17 19710312 CHI 1
Walker Chet walkech01 25 19710312 CHI 1
Love Bob lovebo01 29 19710312 CHI 1
Guokas Matt guokama02 4 19710312 CHI 1
Boerwinkle Tom boerwto01 13 19710312 CHI 1
Fox Jim foxji01 6 19710312 CHI 1
Weiss Bob weissbo01 11 19710312 CHI 1
King Jim kingji01 7 19710312 CHI 1
Baum Johnny baumjo01 2 19710312 CHI 1
Collins Jimmy colliji01 2 19710312 CHI 1
Hawkins Connie hawkico01 22 19710313 PHO 2
Van_Arsdale Dick vanardi01 21 19710313 PHO 2
Silas Paul silaspa01 14 19710313 PHO 2
Haskins Clem haskicl01 4 19710313 PHO 2
Walk Neal walkne01 11 19710313 PHO 2
Counts Mel countme01 9 19710313 PHO 2
Harris Art harriar01 6 19710313 PHO 2
Green Lamar greenla01 4 19710313 PHO 2
Wetzel John wetzejo01 4 19710313 PHO 2
Taylor Fred taylofr01 4 19710313 PHO 2
Love Bob lovebo01 28 19710313 CHI 1
Sloan Jerry sloanje01 14 19710313 CHI 1
Walker Chet walkech01 31 19710313 CHI 1
Boerwinkle Tom boerwto01 18 19710313 CHI 1
Guokas Matt guokama02 6 19710313 CHI 1
Weiss Bob weissbo01 4 19710313 CHI 1
King Jim kingji01 4 19710313 CHI 1
Fox Jim foxji01 2 19710313 CHI 1
Collins Jimmy colliji01 4 19710313 CHI 1
Baum Johnny baumjo01 0 19710313 CHI 1
Ruffner Paul ruffnpa01 0 19710313 CHI 1
Love Bob lovebo01 23 19710314 CHI 0
Sloan Jerry sloanje01 11 19710314 CHI 0
Walker Chet walkech01 13 19710314 CHI 0
Boerwinkle Tom boerwto01 6 19710314 CHI 0
Guokas Matt guokama02 4 19710314 CHI 0
King Jim kingji01 22 19710314 CHI 0
Fox Jim foxji01 16 19710314 CHI 0
Weiss Bob weissbo01 4 19710314 CHI 0
Baum Johnny baumjo01 2 19710314 CHI 0
Ruffner Paul ruffnpa01 3 19710314 CHI 0
Collins Jimmy colliji01 0 19710314 CHI 0
Havlicek John havlijo01 27 19710314 BOS 1
Chaney Don chanedo01 18 19710314 BOS 1
Cowens Dave cowenda01 9 19710314 BOS 1
Kuberski Steve kuberst01 4 19710314 BOS 1
Sanders Tom sandeto01 1 19710314 BOS 1
Nelson Don nelsodo01 36 19710314 BOS 1
Dinwiddie Bill dinwibi01 12 19710314 BOS 1
Finkel Hank finkeha01 8 19710314 BOS 1
Morgan Rex morgare01 2 19710314 BOS 1
Smith Garfield smithga01 0 19710314 BOS 1
Chamberlain Wilt chambwi01 25 19710317 LAL 2
Goodrich Gail goodrga01 18 19710317 LAL 2
McMillian Jim mcmilji01 12 19710317 LAL 2
Erickson Keith erickke01 2 19710317 LAL 2
Hairston Happy hairsha01 15 19710317 LAL 2
Roberson Rick roberri01 11 19710317 LAL 2
Hetzel Fred hetzefr01 8 19710317 LAL 2
McCarter Willie mccarwi01 11 19710317 LAL 2
Riley Pat rileypa01 2 19710317 LAL 2
Killum Earnie killuea01 0 19710317 LAL 2
Cowens Dave cowenda01 17 19710317 BOS 1
White Jo_Jo whitejo01 13 19710317 BOS 1
Havlicek John havlijo01 27 19710317 BOS 1
Chaney Don chanedo01 17 19710317 BOS 1
Nelson Don nelsodo01 18 19710317 BOS 1
Finkel Hank finkeha01 8 19710317 BOS 1
Kuberski Steve kuberst01 4 19710317 BOS 1
Sanders Tom sandeto01 6 19710317 BOS 1
Dinwiddie Bill dinwibi01 0 19710317 BOS 1
Morgan Rex morgare01 2 19710317 BOS 1
Smith Garfield smithga01 0 19710317 BOS 1
Tresvant John tresvjo01 6 19710319 BAL 2
Marin Jack marinja01 14 19710319 BAL 2
Loughery Kevin loughke01 32 19710319 BAL 2
Monroe Earl monroea01 22 19710319 BAL 2
Carter Fred cartefr01 17 19710319 BAL 2
Johnson George johnsge01 10 19710319 BAL 2
Murrey Dorie murredo01 14 19710319 BAL 2
Zeller Gary zellega01 2 19710319 BAL 2
Havlicek John havlijo01 28 19710319 BOS 1
White Jo_Jo whitejo01 24 19710319 BOS 1
Cowens Dave cowenda01 23 19710319 BOS 1
Chaney Don chanedo01 20 19710319 BOS 1
Nelson Don nelsodo01 12 19710319 BOS 1
Kuberski Steve kuberst01 2 19710319 BOS 1
Sanders Tom sandeto01 2 19710319 BOS 1
Dinwiddie Bill dinwibi01 4 19710319 BOS 1
Morgan Rex morgare01 8 19710319 BOS 1
Finkel Hank finkeha01 2 19710319 BOS 1
Smith Garfield smithga01 0 19710319 BOS 1
Lacey Sam laceysa01 15 19710321 CIN 2
Van_Lier Norm vanlino01 12 19710321 CIN 2
Van_Arsdale Tom vanarto01 22 19710321 CIN 2
Hyder Greg hydergr01 12 19710321 CIN 2
Archibald Tiny architi01 19 19710321 CIN 2
Paulk Charlie paulkch01 6 19710321 CIN 2
Green Johnny greenjo01 8 19710321 CIN 2
Arnzen Bob arnzebo01 7 19710321 CIN 2
Robinson Flynn robinfl01 5 19710321 CIN 2
Barr Moe barrmo01 1 19710321 CIN 2
Williams Willie williwi01 2 19710321 CIN 2
Black Tom blackto01 1 19710321 CIN 2
White Jo_Jo whitejo01 28 19710321 BOS 1
Havlicek John havlijo01 24 19710321 BOS 1
Kuberski Steve kuberst01 9 19710321 BOS 1
Cowens Dave cowenda01 16 19710321 BOS 1
Nelson Don nelsodo01 12 19710321 BOS 1
Sanders Tom sandeto01 5 19710321 BOS 1
Chaney Don chanedo01 11 19710321 BOS 1
Williams Art williar01 3 19710321 BOS 1
Morgan Rex morgare01 2 19710321 BOS 1
Finkel Hank finkeha01 10 19710321 BOS 1
Smith Garfield smithga01 9 19710321 BOS 1
Dinwiddie Bill dinwibi01 6 19710321 BOS 1
Mullins Jeff mullije01 28 19711015 GSW 1
Thurmond Nate thurmna01 11 19711015 GSW 1
Russell Cazzie russeca01 15 19711015 GSW 1
Lee Clyde leecl01 4 19711015 GSW 1
Williams Ron williro01 7 19711015 GSW 1
Barnett Jim barneji02 18 19711015 GSW 1
Ellis Joe ellisjo01 8 19711015 GSW 1
Portman Bob portmbo01 2 19711015 GSW 1
Jones Nick jonesni01 4 19711015 GSW 1
Turner Bill turnebi01 0 19711015 GSW 1
Allison Odis allisod01 0 19711015 GSW 1
Bartolome Vic bartovi01 0 19711015 GSW 1
Havlicek John havlijo01 6 19711015 BOS 0
Cowens Dave cowenda01 14 19711015 BOS 0
Kuberski Steve kuberst01 16 19711015 BOS 0
White Jo_Jo whitejo01 22 19711015 BOS 0
Chaney Don chanedo01 1 19711015 BOS 0
Sanders Tom sandeto01 4 19711015 BOS 0
Nelson Don nelsodo01 2 19711015 BOS 0
Morgan Rex morgare01 2 19711015 BOS 0
Williams Art williar01 3 19711015 BOS 0
Glover Clarence glovecl01 2 19711015 BOS 0
Smith Garfield smithga01 0 19711015 BOS 0
Finkel Hank finkeha01 3 19711015 BOS 0
Williams Ron williro01 11 19711016 GSW 0
Thurmond Nate thurmna01 9 19711016 GSW 0
Mullins Jeff mullije01 13 19711016 GSW 0
Lee Clyde leecl01 11 19711016 GSW 0
Russell Cazzie russeca01 17 19711016 GSW 0
Jones Nick jonesni01 6 19711016 GSW 0
Portman Bob portmbo01 8 19711016 GSW 0
Allison Odis allisod01 4 19711016 GSW 0
Turner Bill turnebi01 7 19711016 GSW 0
Barnett Jim barneji02 0 19711016 GSW 0
Ellis Joe ellisjo01 5 19711016 GSW 0
Bartolome Vic bartovi01 2 19711016 GSW 0
Carter Fred cartefr01 13 19711016 BAL 1
Monroe Earl monroea01 27 19711016 BAL 1
Tresvant John tresvjo01 23 19711016 BAL 1
Unseld Wes unselwe01 0 19711016 BAL 1
Marin Jack marinja01 14 19711016 BAL 1
Loughery Kevin loughke01 10 19711016 BAL 1
Murrey Dorie murredo01 6 19711016 BAL 1
Love Stan lovest01 13 19711016 BAL 1
Zeller Gary zellega01 2 19711016 BAL 1
Rinaldi Rich rinalri01 0 19711016 BAL 1
Chenier Phil cheniph01 0 19711016 BAL 1
Driscoll Terry driscte01 0 19711016 BAL 1
Monroe Earl monroea01 28 19711019 BAL 0
Marin Jack marinja01 24 19711019 BAL 0
Love Stan lovest01 16 19711019 BAL 0
Driscoll Terry driscte01 14 19711019 BAL 0
Chenier Phil cheniph01 11 19711019 BAL 0
Zeller Gary zellega01 10 19711019 BAL 0
Tresvant John tresvjo01 6 19711019 BAL 0
Rinaldi Rich rinalri01 4 19711019 BAL 0
Murrey Dorie murredo01 1 19711019 BAL 0
White Jo_Jo whitejo01 26 19711019 BOS 1
Chaney Don chanedo01 18 19711019 BOS 1
Havlicek John havlijo01 16 19711019 BOS 1
Cowens Dave cowenda01 15 19711019 BOS 1
Nelson Don nelsodo01 13 19711019 BOS 1
Kuberski Steve kuberst01 13 19711019 BOS 1
Williams Art williar01 10 19711019 BOS 1
Morgan Rex morgare01 6 19711019 BOS 1
Glover Clarence glovecl01 6 19711019 BOS 1
Smith Garfield smithga01 4 19711019 BOS 1
Sanders Tom sandeto01 4 19711019 BOS 1
Finkel Hank finkeha01 3 19711019 BOS 1
Cowens Dave cowenda01 18 19711022 BOS 1
White Jo_Jo whitejo01 34 19711022 BOS 1
Chaney Don chanedo01 19 19711022 BOS 1
Kuberski Steve kuberst01 15 19711022 BOS 1
Nelson Don nelsodo01 12 19711022 BOS 1
Havlicek John havlijo01 11 19711022 BOS 1
Sanders Tom sandeto01 2 19711022 BOS 1
Williams Art williar01 2 19711022 BOS 1
Finkel Hank finkeha01 2 19711022 BOS 1
Hudson Lou hudsolo01 31 19711022 ATL 2
Bridges Bill bridgbi01 7 19711022 ATL 2
May Don maydo01 21 19711022 ATL 2
Gilliam Herm gillihe01 12 19711022 ATL 2
Bellamy Walt bellawa01 23 19711022 ATL 2
Trapp George trappge01 6 19711022 ATL 2
Williams Milt willimi01 4 19711022 ATL 2
Davis Jim davisji01 2 19711022 ATL 2
Christian Bob chrisbo01 2 19711022 ATL 2
Vallely John vallejo01 0 19711022 ATL 2
Havlicek John havlijo01 34 19711023 BOS 1
White Jo_Jo whitejo01 22 19711023 BOS 1
Cowens Dave cowenda01 18 19711023 BOS 1
Chaney Don chanedo01 9 19711023 BOS 1
Nelson Don nelsodo01 9 19711023 BOS 1
Sanders Tom sandeto01 6 19711023 BOS 1
Kuberski Steve kuberst01 5 19711023 BOS 1
Finkel Hank finkeha01 0 19711023 BOS 1
Williams Art williar01 0 19711023 BOS 1
Kauffman Bob kauffbo01 25 19711023 BUF 2
Garrett Dick garredi01 18 19711023 BUF 2
Warner Cornell warneco01 14 19711023 BUF 2
Smith Elmore smithel01 13 19711023 BUF 2
Bryant Em bryanem01 12 19711023 BUF 2
Chambers Jerry chambje01 9 19711023 BUF 2
Hilton Fred hiltofr01 7 19711023 BUF 2
Hosket Bill hoskebi01 0 19711023 BUF 2
Davis Mike davismi01 0 19711023 BUF 2
Trapp George trappge01 15 19711025 ATL 2
Gilliam Herm gillihe01 25 19711025 ATL 2
Hudson Lou hudsolo01 23 19711025 ATL 2
Bridges Bill bridgbi01 21 19711025 ATL 2
Bellamy Walt bellawa01 6 19711025 ATL 2
Payne Tom payneto01 9 19711025 ATL 2
May Don maydo01 8 19711025 ATL 2
Williams Milt willimi01 3 19711025 ATL 2
Halliburton Jeff hallije01 6 19711025 ATL 2
Davis Jim davisji01 0 19711025 ATL 2
Vallely John vallejo01 0 19711025 ATL 2
Cowens Dave cowenda01 27 19711025 BOS 1
Havlicek John havlijo01 25 19711025 BOS 1
Kuberski Steve kuberst01 15 19711025 BOS 1
Nelson Don nelsodo01 14 19711025 BOS 1
Chaney Don chanedo01 15 19711025 BOS 1
Williams Art williar01 6 19711025 BOS 1
Sanders Tom sandeto01 15 19711025 BOS 1
White Jo_Jo whitejo01 7 19711025 BOS 1
Morgan Rex morgare01 4 19711025 BOS 1
Finkel Hank finkeha01 2 19711025 BOS 1
Glover Clarence glovecl01 2 19711025 BOS 1
Smith Garfield smithga01 4 19711025 BOS 1
Havlicek John havlijo01 24 19711026 BOS 0
White Jo_Jo whitejo01 29 19711026 BOS 0
Chaney Don chanedo01 13 19711026 BOS 0
Kuberski Steve kuberst01 13 19711026 BOS 0
Nelson Don nelsodo01 11 19711026 BOS 0
Finkel Hank finkeha01 6 19711026 BOS 0
Smith Garfield smithga01 2 19711026 BOS 0
Sanders Tom sandeto01 3 19711026 BOS 0
Williams Art williar01 0 19711026 BOS 0
DeBusschere Dave debusda01 22 19711026 NYK 1
Barnett Dick barnedi01 18 19711026 NYK 1
Frazier Walt fraziwa01 22 19711026 NYK 1
Bradley Bill bradlbi01 13 19711026 NYK 1
Lucas Jerry lucasje01 7 19711026 NYK 1
Reed Willis reedwi01 10 19711026 NYK 1
Meminger Dean meminde01 10 19711026 NYK 1
Stallworth Dave stallda01 4 19711026 NYK 1
Frazier Walt fraziwa01 20 19711027 NYK 0
Barnett Dick barnedi01 12 19711027 NYK 0
Lucas Jerry lucasje01 6 19711027 NYK 0
DeBusschere Dave debusda01 13 19711027 NYK 0
Meminger Dean meminde01 4 19711027 NYK 0
Reed Willis reedwi01 7 19711027 NYK 0
Bradley Bill bradlbi01 9 19711027 NYK 0
Jackson Phil jacksph01 16 19711027 NYK 0
Stallworth Dave stallda01 9 19711027 NYK 0
Fillmore Greg fillmgr01 0 19711027 NYK 0
Bridges Bill bridgbi01 9 19711027 ATL 1
Hudson Lou hudsolo01 28 19711027 ATL 1
Bellamy Walt bellawa01 24 19711027 ATL 1
Gilliam Herm gillihe01 9 19711027 ATL 1
Trapp George trappge01 17 19711027 ATL 1
Williams Milt willimi01 16 19711027 ATL 1
May Don maydo01 5 19711027 ATL 1
Davis Jim davisji01 0 19711027 ATL 1
Christian Bob chrisbo01 2 19711027 ATL 1
Gilliam Herm gillihe01 21 19711029 ATL 1
Hudson Lou hudsolo01 26 19711029 ATL 1
May Don maydo01 28 19711029 ATL 1
Bridges Bill bridgbi01 4 19711029 ATL 1
Bellamy Walt bellawa01 12 19711029 ATL 1
Trapp George trappge01 4 19711029 ATL 1
Williams Milt willimi01 1 19711029 ATL 1
Davis Jim davisji01 2 19711029 ATL 1
Christian Bob chrisbo01 0 19711029 ATL 1
Johnson John johnsjo01 22 19711029 CLE 2
Washington Bobby washibo01 11 19711029 CLE 2
Wesley Walt weslewa01 15 19711029 CLE 2
Patterson Steve pattest01 8 19711029 CLE 2
Smith Bingo smithbi02 8 19711029 CLE 2
Warren John warrejo01 10 19711029 CLE 2
Roberson Rick roberri01 4 19711029 CLE 2
Davis Charlie davisch01 11 19711029 CLE 2
Howard Greg howargr01 4 19711029 CLE 2
Sorenson Dave sorenda01 4 19711029 CLE 2
Rackley Luther rackllu01 0 19711029 CLE 2
Walker Jimmy walkeji01 33 19711030 DET 1
Lanier Bob laniebo01 27 19711030 DET 1
Dischinger Terry dischte01 13 19711030 DET 1
Rowe Curtis rowecu01 10 19711030 DET 1
Marlatt Harvey marlaha01 8 19711030 DET 1
Mix Steve mixst01 6 19711030 DET 1
Norwood Willie norwowi01 5 19711030 DET 1
Komives Howard komivho01 2 19711030 DET 1
Mueller Erwin mueller01 0 19711030 DET 1
Bellamy Walt bellawa01 41 19711030 ATL 0
Hudson Lou hudsolo01 16 19711030 ATL 0
Gilliam Herm gillihe01 14 19711030 ATL 0
Trapp George trappge01 11 19711030 ATL 0
Halliburton Jeff hallije01 6 19711030 ATL 0
Davis Jim davisji01 4 19711030 ATL 0
Christian Bob chrisbo01 3 19711030 ATL 0
Vallely John vallejo01 2 19711030 ATL 0
Williams Milt willimi01 2 19711030 ATL 0
Lanier Bob laniebo01 21 19711105 DET 0
Walker Jimmy walkeji01 34 19711105 DET 0
Rowe Curtis rowecu01 14 19711105 DET 0
Marlatt Harvey marlaha01 10 19711105 DET 0
Mix Steve mixst01 6 19711105 DET 0
Komives Howard komivho01 6 19711105 DET 0
Dischinger Terry dischte01 8 19711105 DET 0
Norwood Willie norwowi01 3 19711105 DET 0
Mueller Erwin mueller01 0 19711105 DET 0
Havlicek John havlijo01 14 19711105 BOS 1
Cowens Dave cowenda01 19 19711105 BOS 1
White Jo_Jo whitejo01 29 19711105 BOS 1
Chaney Don chanedo01 7 19711105 BOS 1
Kuberski Steve kuberst01 9 19711105 BOS 1
Nelson Don nelsodo01 18 19711105 BOS 1
Williams Art williar01 6 19711105 BOS 1
Sanders Tom sandeto01 0 19711105 BOS 1
Finkel Hank finkeha01 1 19711105 BOS 1
Adelman Rick adelmri01 15 19711106 POR 2
Wicks Sidney wickssi01 25 19711106 POR 2
McKenzie Stan mckenst01 22 19711106 POR 2
Gregor Gary gregoga01 14 19711106 POR 2
Schlueter Dale schluda01 10 19711106 POR 2
Smith William smithwi01 4 19711106 POR 2
Marsh Jim marshji01 6 19711106 POR 2
Yelverton Charlie yelvech01 4 19711106 POR 2
Steele Larry steella01 3 19711106 POR 2
McCarter Willie mccarwi01 2 19711106 POR 2
Knight Ron knighro01 4 19711106 POR 2
Havlicek John havlijo01 32 19711106 BOS 1
White Jo_Jo whitejo01 15 19711106 BOS 1
Cowens Dave cowenda01 12 19711106 BOS 1
Kuberski Steve kuberst01 2 19711106 BOS 1
Chaney Don chanedo01 4 19711106 BOS 1
Williams Art williar01 27 19711106 BOS 1
Nelson Don nelsodo01 24 19711106 BOS 1
Finkel Hank finkeha01 5 19711106 BOS 1
Sanders Tom sandeto01 3 19711106 BOS 1
Morgan Rex morgare01 0 19711106 BOS 1
Smith Garfield smithga01 0 19711106 BOS 1
Glover Clarence glovecl01 0 19711106 BOS 1
Williams Nate willina01 26 19711108 CIN 2
Van_Arsdale Tom vanarto01 18 19711108 CIN 2
McGregor Gil mcgregi01 15 19711108 CIN 2
Green Johnny greenjo01 15 19711108 CIN 2
Guokas Matt guokama02 13 19711108 CIN 2
Archibald Tiny architi01 10 19711108 CIN 2
Van_Lier Norm vanlino01 6 19711108 CIN 2
Mengelt John mengejo01 4 19711108 CIN 2
Lacey Sam laceysa01 2 19711108 CIN 2
Cowens Dave cowenda01 30 19711108 BOS 1
White Jo_Jo whitejo01 24 19711108 BOS 1
Nelson Don nelsodo01 19 19711108 BOS 1
Havlicek John havlijo01 19 19711108 BOS 1
Chaney Don chanedo01 13 19711108 BOS 1
Kuberski Steve kuberst01 8 19711108 BOS 1
Williams Art williar01 3 19711108 BOS 1
Sanders Tom sandeto01 2 19711108 BOS 1
Finkel Hank finkeha01 2 19711108 BOS 1
Cowens Dave cowenda01 29 19711110 BOS 1
Havlicek John havlijo01 28 19711110 BOS 1
Chaney Don chanedo01 17 19711110 BOS 1
White Jo_Jo whitejo01 17 19711110 BOS 1
Kuberski Steve kuberst01 10 19711110 BOS 1
Nelson Don nelsodo01 9 19711110 BOS 1
Williams Art williar01 8 19711110 BOS 1
Sanders Tom sandeto01 8 19711110 BOS 1
Morgan Rex morgare01 6 19711110 BOS 1
Glover Clarence glovecl01 6 19711110 BOS 1
Finkel Hank finkeha01 4 19711110 BOS 1
Smith Garfield smithga01 0 19711110 BOS 1
Hayes Elvin hayesel01 30 19711110 HOU 2
Lantz Stu lantzst01 18 19711110 HOU 2
Tomjanovich Rudy tomjaru01 14 19711110 HOU 2
Newlin Mike newlimi01 13 19711110 HOU 2
Murphy Calvin murphca01 8 19711110 HOU 2
Vallely John vallejo01 6 19711110 HOU 2
Cunningham Dick cunnidi01 5 19711110 HOU 2
Davis Jim davisji01 5 19711110 HOU 2
Meely Cliff meelycl01 2 19711110 HOU 2
Perry Curtis perrycu01 2 19711110 HOU 2
Gibbs Dick gibbsdi01 0 19711110 HOU 2
Egan Johnny eganjo01 0 19711110 HOU 2
Havlicek John havlijo01 26 19711112 BOS 0
Cowens Dave cowenda01 16 19711112 BOS 0
White Jo_Jo whitejo01 25 19711112 BOS 0
Kuberski Steve kuberst01 7 19711112 BOS 0
Chaney Don chanedo01 13 19711112 BOS 0
Nelson Don nelsodo01 14 19711112 BOS 0
Williams Art williar01 10 19711112 BOS 0
Sanders Tom sandeto01 4 19711112 BOS 0
Finkel Hank finkeha01 4 19711112 BOS 0
Glover Clarence glovecl01 0 19711112 BOS 0
Haskins Clem haskicl01 31 19711112 PHO 1
Silas Paul silaspa01 12 19711112 PHO 1
Hawkins Connie hawkico01 33 19711112 PHO 1
Walk Neal walkne01 16 19711112 PHO 1
Van_Arsdale Dick vanardi01 16 19711112 PHO 1
Moore Otto mooreot01 11 19711112 PHO 1
Layton Mo laytomo01 5 19711112 PHO 1
Wetzel John wetzejo01 2 19711112 PHO 1
Harris Art harriar01 0 19711112 PHO 1
Counts Mel countme01 2 19711112 PHO 1
Warren John warrejo01 15 19711114 CLE 2
Roberson Rick roberri01 18 19711114 CLE 2
Johnson John johnsjo01 13 19711114 CLE 2
Wesley Walt weslewa01 18 19711114 CLE 2
Smith Bingo smithbi02 12 19711114 CLE 2
Davis Charlie davisch01 21 19711114 CLE 2
Sorenson Dave sorenda01 4 19711114 CLE 2
Patterson Steve pattest01 2 19711114 CLE 2
Ridgle Jackie ridglja01 0 19711114 CLE 2
Rackley Luther rackllu01 2 19711114 CLE 2
Howard Greg howargr01 0 19711114 CLE 2
Beard Butch beardbu01 0 19711114 CLE 2
Van_Arsdale Dick vanardi01 21 19711114 PHO 1
Haskins Clem haskicl01 17 19711114 PHO 1
Hawkins Connie hawkico01 12 19711114 PHO 1
Silas Paul silaspa01 11 19711114 PHO 1
Walk Neal walkne01 10 19711114 PHO 1
Moore Otto mooreot01 16 19711114 PHO 1
Green Lamar greenla01 12 19711114 PHO 1
Layton Mo laytomo01 10 19711114 PHO 1
Counts Mel countme01 10 19711114 PHO 1
Wetzel John wetzejo01 0 19711114 PHO 1
Van_Arsdale Dick vanardi01 26 19711116 PHO 0
Hawkins Connie hawkico01 23 19711116 PHO 0
Silas Paul silaspa01 16 19711116 PHO 0
Haskins Clem haskicl01 14 19711116 PHO 0
Moore Otto mooreot01 7 19711116 PHO 0
Counts Mel countme01 9 19711116 PHO 0
Walk Neal walkne01 14 19711116 PHO 0
Layton Mo laytomo01 2 19711116 PHO 0
DeBusschere Dave debusda01 15 19711116 NYK 1
Frazier Walt fraziwa01 39 19711116 NYK 1
Lucas Jerry lucasje01 23 19711116 NYK 1
Barnett Dick barnedi01 15 19711116 NYK 1
Jackson Phil jacksph01 4 19711116 NYK 1
Bradley Bill bradlbi01 7 19711116 NYK 1
Meminger Dean meminde01 2 19711116 NYK 1
Monroe Earl monroea01 3 19711116 NYK 1
Mast Eddie masted01 4 19711116 NYK 1
Rackley Luther rackllu01 0 19711116 NYK 1
Clark Archie clarkar01 27 19711120 BAL 2
Marin Jack marinja01 23 19711120 BAL 2
Unseld Wes unselwe01 17 19711120 BAL 2
Zeller Gary zellega01 14 19711120 BAL 2
Chenier Phil cheniph01 12 19711120 BAL 2
Tresvant John tresvjo01 8 19711120 BAL 2
Rinaldi Rich rinalri01 4 19711120 BAL 2
Love Stan lovest01 3 19711120 BAL 2
Stallworth Dave stallda01 2 19711120 BAL 2
Murrey Dorie murredo01 2 19711120 BAL 2
Driscoll Terry driscte01 2 19711120 BAL 2
DeBusschere Dave debusda01 35 19711120 NYK 1
Frazier Walt fraziwa01 22 19711120 NYK 1
Jackson Phil jacksph01 20 19711120 NYK 1
Barnett Dick barnedi01 18 19711120 NYK 1
Bradley Bill bradlbi01 17 19711120 NYK 1
Rackley Luther rackllu01 9 19711120 NYK 1
Mast Eddie masted01 2 19711120 NYK 1
Monroe Earl monroea01 2 19711120 NYK 1
Meminger Dean meminde01 0 19711120 NYK 1
Fillmore Greg fillmgr01 0 19711120 NYK 1
Price Mike pricemi01 0 19711120 NYK 1
Archibald Tiny architi01 24 19711123 CIN 2
Williams Nate willina01 18 19711123 CIN 2
Guokas Matt guokama02 9 19711123 CIN 2
Fox Jim foxji01 23 19711123 CIN 2
McGregor Gil mcgregi01 10 19711123 CIN 2
Mengelt John mengejo01 11 19711123 CIN 2
Green Johnny greenjo01 5 19711123 CIN 2
Lacey Sam laceysa01 9 19711123 CIN 2
Catlett Sid catlesi01 1 19711123 CIN 2
Bradley Bill bradlbi01 10 19711123 NYK 1
Frazier Walt fraziwa01 23 19711123 NYK 1
DeBusschere Dave debusda01 17 19711123 NYK 1
Barnett Dick barnedi01 16 19711123 NYK 1
Lucas Jerry lucasje01 17 19711123 NYK 1
Monroe Earl monroea01 12 19711123 NYK 1
Jackson Phil jacksph01 10 19711123 NYK 1
Rackley Luther rackllu01 3 19711123 NYK 1
Miles Eddie milesed01 5 19711123 NYK 1
Meminger Dean meminde01 7 19711123 NYK 1
Mast Eddie masted01 3 19711123 NYK 1
Fillmore Greg fillmgr01 2 19711123 NYK 1
DeBusschere Dave debusda01 16 19711124 NYK 1
Lucas Jerry lucasje01 22 19711124 NYK 1
Frazier Walt fraziwa01 28 19711124 NYK 1
Bradley Bill bradlbi01 15 19711124 NYK 1
Barnett Dick barnedi01 12 19711124 NYK 1
Monroe Earl monroea01 12 19711124 NYK 1
Jackson Phil jacksph01 5 19711124 NYK 1
Rackley Luther rackllu01 0 19711124 NYK 1
Miles Eddie milesed01 0 19711124 NYK 1
Meminger Dean meminde01 0 19711124 NYK 1
Mast Eddie masted01 4 19711124 NYK 1
Clark Archie clarkar01 29 19711124 BAL 2
Marin Jack marinja01 17 19711124 BAL 2
Unseld Wes unselwe01 8 19711124 BAL 2
Stallworth Dave stallda01 8 19711124 BAL 2
Chenier Phil cheniph01 10 19711124 BAL 2
Tresvant John tresvjo01 11 19711124 BAL 2
Zeller Gary zellega01 8 19711124 BAL 2
Murrey Dorie murredo01 1 19711124 BAL 2
Driscoll Terry driscte01 0 19711124 BAL 2
Love Stan lovest01 2 19711124 BAL 2
DeBusschere Dave debusda01 23 19711126 NYK 1
Frazier Walt fraziwa01 25 19711126 NYK 1
Lucas Jerry lucasje01 24 19711126 NYK 1
Barnett Dick barnedi01 16 19711126 NYK 1
Bradley Bill bradlbi01 12 19711126 NYK 1
Jackson Phil jacksph01 0 19711126 NYK 1
Monroe Earl monroea01 4 19711126 NYK 1
Rackley Luther rackllu01 0 19711126 NYK 1
Miles Eddie milesed01 0 19711126 NYK 1
Havlicek John havlijo01 28 19711126 BOS 2
Cowens Dave cowenda01 10 19711126 BOS 2
White Jo_Jo whitejo01 26 19711126 BOS 2
Chaney Don chanedo01 11 19711126 BOS 2
Nelson Don nelsodo01 8 19711126 BOS 2
Sanders Tom sandeto01 2 19711126 BOS 2
Williams Art williar01 4 19711126 BOS 2
Kuberski Steve kuberst01 0 19711126 BOS 2
Love Bob lovebo01 26 19711127 CHI 2
Sloan Jerry sloanje01 20 19711127 CHI 2
Walker Chet walkech01 25 19711127 CHI 2
Boerwinkle Tom boerwto01 7 19711127 CHI 2
Weiss Bob weissbo01 7 19711127 CHI 2
Van_Lier Norm vanlino01 14 19711127 CHI 2
Ray Clifford raycl01 0 19711127 CHI 2
Porter Howard porteho01 0 19711127 CHI 2
Frazier Walt fraziwa01 27 19711127 NYK 1
Lucas Jerry lucasje01 12 19711127 NYK 1
Bradley Bill bradlbi01 18 19711127 NYK 1
Barnett Dick barnedi01 15 19711127 NYK 1
DeBusschere Dave debusda01 14 19711127 NYK 1
Jackson Phil jacksph01 12 19711127 NYK 1
Monroe Earl monroea01 2 19711127 NYK 1
Rackley Luther rackllu01 0 19711127 NYK 1
Meminger Dean meminde01 0 19711127 NYK 1
Haywood Spencer haywosp01 27 19711130 SEA 1
Wilkens Lenny wilkele01 29 19711130 SEA 1
Snyder Dick snydedi01 11 19711130 SEA 1
Abdul-Aziz Zaid abdulza01 20 19711130 SEA 1
Winfield Lee winfile01 15 19711130 SEA 1
Clemens Barry clemeba01 6 19711130 SEA 1
Cross Pete crosspe01 2 19711130 SEA 1
Brown Fred brownfr01 0 19711130 SEA 1
DeBusschere Dave debusda01 29 19711130 NYK 0
Frazier Walt fraziwa01 24 19711130 NYK 0
Bradley Bill bradlbi01 15 19711130 NYK 0
Lucas Jerry lucasje01 12 19711130 NYK 0
Barnett Dick barnedi01 11 19711130 NYK 0
Meminger Dean meminde01 11 19711130 NYK 0
Jackson Phil jacksph01 7 19711130 NYK 0
Rackley Luther rackllu01 0 19711130 NYK 0
Miles Eddie milesed01 0 19711130 NYK 0
Haywood Spencer haywosp01 36 19711201 SEA 0
Snyder Dick snydedi01 17 19711201 SEA 0
Abdul-Aziz Zaid abdulza01 15 19711201 SEA 0
Winfield Lee winfile01 13 19711201 SEA 0
Wilkens Lenny wilkele01 13 19711201 SEA 0
Cross Pete crosspe01 4 19711201 SEA 0
Clemens Barry clemeba01 0 19711201 SEA 0
Brown Fred brownfr01 0 19711201 SEA 0
Cunningham Billy cunnibi01 32 19711201 PHI 1
Loughery Kevin loughke01 24 19711201 PHI 1
Rule Bob rulebo01 12 19711201 PHI 1
Bridges Bill bridgbi01 10 19711201 PHI 1
Greer Hal greerha01 9 19711201 PHI 1
Jackson Luke jackslu01 5 19711201 PHI 1
Awtrey Dennis awtrede01 4 19711201 PHI 1
Wohl Dave wohlda01 4 19711201 PHI 1
Carter Fred cartefr01 2 19711201 PHI 1
Chamberlain Wilt chambwi01 8 19711203 LAL 1
West Jerry westje01 32 19711203 LAL 1
McMillian Jim mcmilji01 41 19711203 LAL 1
Goodrich Gail goodrga01 28 19711203 LAL 1
Hairston Happy hairsha01 5 19711203 LAL 1
Ellis Leroy ellisle01 4 19711203 LAL 1
Robinson Flynn robinfl01 10 19711203 LAL 1
Riley Pat rileypa01 3 19711203 LAL 1
Cunningham Billy cunnibi01 22 19711203 PHI 0
Bridges Bill bridgbi01 19 19711203 PHI 0
Greer Hal greerha01 23 19711203 PHI 0
Rule Bob rulebo01 20 19711203 PHI 0
Carter Fred cartefr01 14 19711203 PHI 0
Loughery Kevin loughke01 9 19711203 PHI 0
Wohl Dave wohlda01 3 19711203 PHI 0
Awtrey Dennis awtrede01 6 19711203 PHI 0
Wicks Sidney wickssi01 18 19711205 POR 2
Gregor Gary gregoga01 20 19711205 POR 2
Schlueter Dale schluda01 12 19711205 POR 2
McKenzie Stan mckenst01 10 19711205 POR 2
Adelman Rick adelmri01 8 19711205 POR 2
McCarter Willie mccarwi01 12 19711205 POR 2
Yelverton Charlie yelvech01 10 19711205 POR 2
Steele Larry steella01 9 19711205 POR 2
Imhoff Darrall imhofda01 2 19711205 POR 2
Marsh Jim marshji01 0 19711205 POR 2
Knight Ron knighro01 6 19711205 POR 2
Chamberlain Wilt chambwi01 17 19711205 LAL 1
McMillian Jim mcmilji01 15 19711205 LAL 1
West Jerry westje01 20 19711205 LAL 1
Goodrich Gail goodrga01 19 19711205 LAL 1
Hairston Happy hairsha01 20 19711205 LAL 1
Robinson Flynn robinfl01 10 19711205 LAL 1
Riley Pat rileypa01 10 19711205 LAL 1
Ellis Leroy ellisle01 6 19711205 LAL 1
Cleamons Jim cleamji01 6 19711205 LAL 1
Trapp John trappjo01 0 19711205 LAL 1
Goodrich Gail goodrga01 42 19711208 LAL 1
West Jerry westje01 33 19711208 LAL 1
McMillian Jim mcmilji01 17 19711208 LAL 1
Robinson Flynn robinfl01 13 19711208 LAL 1
Ellis Leroy ellisle01 11 19711208 LAL 1
Hairston Happy hairsha01 6 19711208 LAL 1
Chamberlain Wilt chambwi01 3 19711208 LAL 1
Hayes Elvin hayesel01 31 19711208 HOU 2
Egan Johnny eganjo01 17 19711208 HOU 2
Murphy Calvin murphca01 14 19711208 HOU 2
Vallely John vallejo01 13 19711208 HOU 2
Gibbs Dick gibbsdi01 13 19711208 HOU 2
Tomjanovich Rudy tomjaru01 11 19711208 HOU 2
Lantz Stu lantzst01 9 19711208 HOU 2
Meely Cliff meelycl01 6 19711208 HOU 2
Newlin Mike newlimi01 6 19711208 HOU 2
Cunningham Dick cunnidi01 0 19711208 HOU 2
Davis Jim davisji01 0 19711208 HOU 2
Chamberlain Wilt chambwi01 3 19711209 LAL 1
Goodrich Gail goodrga01 36 19711209 LAL 1
West Jerry westje01 38 19711209 LAL 1
Hairston Happy hairsha01 11 19711209 LAL 1
McMillian Jim mcmilji01 14 19711209 LAL 1
Ellis Leroy ellisle01 14 19711209 LAL 1
Riley Pat rileypa01 2 19711209 LAL 1
Robinson Flynn robinfl01 6 19711209 LAL 1
Thurmond Nate thurmna01 14 19711209 GSW 2
Russell Cazzie russeca01 28 19711209 GSW 2
Mullins Jeff mullije01 14 19711209 GSW 2
Lee Clyde leecl01 11 19711209 GSW 2
Williams Ron williro01 10 19711209 GSW 2
Barnett Jim barneji02 11 19711209 GSW 2
Ellis Joe ellisjo01 7 19711209 GSW 2
Turner Bill turnebi01 6 19711209 GSW 2
Jones Nick jonesni01 10 19711209 GSW 2
Portman Bob portmbo01 0 19711209 GSW 2
Hawkins Connie hawkico01 28 19711210 PHO 2
Silas Paul silaspa01 12 19711210 PHO 2
Van_Arsdale Dick vanardi01 31 19711210 PHO 2
Layton Mo laytomo01 11 19711210 PHO 2
Moore Otto mooreot01 16 19711210 PHO 2
Counts Mel countme01 13 19711210 PHO 2
Haskins Clem haskicl01 2 19711210 PHO 2
Walk Neal walkne01 4 19711210 PHO 2
Wetzel John wetzejo01 0 19711210 PHO 2
Chamberlain Wilt chambwi01 14 19711210 LAL 1
McMillian Jim mcmilji01 31 19711210 LAL 1
West Jerry westje01 28 19711210 LAL 1
Goodrich Gail goodrga01 32 19711210 LAL 1
Ellis Leroy ellisle01 6 19711210 LAL 1
Hairston Happy hairsha01 2 19711210 LAL 1
Robinson Flynn robinfl01 13 19711210 LAL 1
Bellamy Walt bellawa01 22 19711212 ATL 2
Washington Jim washiji01 19 19711212 ATL 2
Hudson Lou hudsolo01 18 19711212 ATL 2
Maravich Pete maravpe01 19 19711212 ATL 2
Adams Don adamsdo01 4 19711212 ATL 2
Gilliam Herm gillihe01 2 19711212 ATL 2
May Don maydo01 11 19711212 ATL 2
Chamberlain Wilt chambwi01 8 19711212 LAL 1
West Jerry westje01 26 19711212 LAL 1
McMillian Jim mcmilji01 19 19711212 LAL 1
Goodrich Gail goodrga01 32 19711212 LAL 1
Hairston Happy hairsha01 6 19711212 LAL 1
Ellis Leroy ellisle01 5 19711212 LAL 1
Robinson Flynn robinfl01 2 19711212 LAL 1
Riley Pat rileypa01 6 19711212 LAL 1
Chamberlain Wilt chambwi01 24 19711214 LAL 1
West Jerry westje01 23 19711214 LAL 1
Goodrich Gail goodrga01 24 19711214 LAL 1
McMillian Jim mcmilji01 20 19711214 LAL 1
Hairston Happy hairsha01 22 19711214 LAL 1
Ellis Leroy ellisle01 5 19711214 LAL 1
Robinson Flynn robinfl01 11 19711214 LAL 1
Steele Larry steella01 0 19711214 POR 2
Knight Ron knighro01 0 19711214 POR 2
Schlueter Dale schluda01 20 19711214 POR 2
Wicks Sidney wickssi01 31 19711214 POR 2
Petrie Geoff petrige01 17 19711214 POR 2
Gregor Gary gregoga01 25 19711214 POR 2
Adelman Rick adelmri01 6 19711214 POR 2
McCarter Willie mccarwi01 11 19711214 POR 2
McKenzie Stan mckenst01 4 19711214 POR 2
Thurmond Nate thurmna01 24 19711217 GSW 2
Russell Cazzie russeca01 26 19711217 GSW 2
Barnett Jim barneji02 6 19711217 GSW 2
Lee Clyde leecl01 6 19711217 GSW 2
Mullins Jeff mullije01 10 19711217 GSW 2
Williams Ron williro01 5 19711217 GSW 2
Ellis Joe ellisjo01 10 19711217 GSW 2
Portman Bob portmbo01 10 19711217 GSW 2
Allison Odis allisod01 0 19711217 GSW 2
Jones Nick jonesni01 0 19711217 GSW 2
Bartolome Vic bartovi01 2 19711217 GSW 2
Turner Bill turnebi01 0 19711217 GSW 2
Chamberlain Wilt chambwi01 7 19711217 LAL 1
Goodrich Gail goodrga01 25 19711217 LAL 1
West Jerry westje01 22 19711217 LAL 1
Hairston Happy hairsha01 17 19711217 LAL 1
McMillian Jim mcmilji01 14 19711217 LAL 1
Riley Pat rileypa01 15 19711217 LAL 1
Robinson Flynn robinfl01 18 19711217 LAL 1
Ellis Leroy ellisle01 2 19711217 LAL 1
Cleamons Jim cleamji01 5 19711217 LAL 1
Trapp John trappjo01 4 19711217 LAL 1
Chamberlain Wilt chambwi01 18 19711218 LAL 1
Goodrich Gail goodrga01 28 19711218 LAL 1
West Jerry westje01 18 19711218 LAL 1
McMillian Jim mcmilji01 21 19711218 LAL 1
Hairston Happy hairsha01 19 19711218 LAL 1
Ellis Leroy ellisle01 10 19711218 LAL 1
Riley Pat rileypa01 1 19711218 LAL 1
Robinson Flynn robinfl01 10 19711218 LAL 1
Cleamons Jim cleamji01 5 19711218 LAL 1
Trapp John trappjo01 2 19711218 LAL 1
Hawkins Connie hawkico01 16 19711218 PHO 2
Van_Arsdale Dick vanardi01 17 19711218 PHO 2
Silas Paul silaspa01 11 19711218 PHO 2
Layton Mo laytomo01 6 19711218 PHO 2
Moore Otto mooreot01 8 19711218 PHO 2
Walk Neal walkne01 31 19711218 PHO 2
Haskins Clem haskicl01 10 19711218 PHO 2
Green Lamar greenla01 3 19711218 PHO 2
Wetzel John wetzejo01 0 19711218 PHO 2
Counts Mel countme01 2 19711218 PHO 2
Harris Art harriar01 2 19711218 PHO 2
Taylor Fred taylofr01 0 19711218 PHO 2
Cunningham Billy cunnibi01 28 19711219 PHI 2
Bridges Bill bridgbi01 3 19711219 PHI 2
Loughery Kevin loughke01 22 19711219 PHI 2
Jackson Luke jackslu01 5 19711219 PHI 2
Wohl Dave wohlda01 6 19711219 PHI 2
Rule Bob rulebo01 33 19711219 PHI 2
Carter Fred cartefr01 14 19711219 PHI 2
Greer Hal greerha01 18 19711219 PHI 2
Henry Al henryal01 3 19711219 PHI 2
Chamberlain Wilt chambwi01 32 19711219 LAL 1
McMillian Jim mcmilji01 16 19711219 LAL 1
Hairston Happy hairsha01 18 19711219 LAL 1
Goodrich Gail goodrga01 31 19711219 LAL 1
West Jerry westje01 24 19711219 LAL 1
Robinson Flynn robinfl01 12 19711219 LAL 1
Ellis Leroy ellisle01 12 19711219 LAL 1
Riley Pat rileypa01 4 19711219 LAL 1
Cleamons Jim cleamji01 5 19711219 LAL 1
Trapp John trappjo01 0 19711219 LAL 1
Chamberlain Wilt chambwi01 31 19711221 LAL 1
West Jerry westje01 33 19711221 LAL 1
McMillian Jim mcmilji01 14 19711221 LAL 1
Goodrich Gail goodrga01 20 19711221 LAL 1
Hairston Happy hairsha01 17 19711221 LAL 1
Robinson Flynn robinfl01 2 19711221 LAL 1
Ellis Leroy ellisle01 0 19711221 LAL 1
Riley Pat rileypa01 0 19711221 LAL 1
Hazzard Walt abdulma01 24 19711221 BUF 2
Smith Randy smithra01 26 19711221 BUF 2
Smith Elmore smithel01 19 19711221 BUF 2
Bryant Em bryanem01 6 19711221 BUF 2
Kauffman Bob kauffbo01 7 19711221 BUF 2
Hummer John hummejo01 5 19711221 BUF 2
Davis Mike davismi01 14 19711221 BUF 2
Warner Cornell warneco01 2 19711221 BUF 2
Chamberlain Wilt chambwi01 6 19711222 LAL 1
West Jerry westje01 37 19711222 LAL 1
McMillian Jim mcmilji01 25 19711222 LAL 1
Hairston Happy hairsha01 18 19711222 LAL 1
Goodrich Gail goodrga01 28 19711222 LAL 1
Ellis Leroy ellisle01 4 19711222 LAL 1
Robinson Flynn robinfl01 9 19711222 LAL 1
Clark Archie clarkar01 35 19711222 BAL 2
Unseld Wes unselwe01 18 19711222 BAL 2
Marin Jack marinja01 21 19711222 BAL 2
Chenier Phil cheniph01 13 19711222 BAL 2
Stallworth Dave stallda01 15 19711222 BAL 2
Love Stan lovest01 15 19711222 BAL 2
Riordan Mike riordmi01 2 19711222 BAL 2
Driscoll Terry driscte01 1 19711222 BAL 2
Hayes Elvin hayesel01 33 19711226 HOU 2
Lantz Stu lantzst01 28 19711226 HOU 2
Meely Cliff meelycl01 9 19711226 HOU 2
Smith Greg smithgr01 6 19711226 HOU 2
Newlin Mike newlimi01 4 19711226 HOU 2
Murphy Calvin murphca01 19 19711226 HOU 2
Tomjanovich Rudy tomjaru01 12 19711226 HOU 2
Gibbs Dick gibbsdi01 2 19711226 HOU 2
Vallely John vallejo01 2 19711226 HOU 2
McLemore McCoy mclemmc01 0 19711226 HOU 2
Egan Johnny eganjo01 0 19711226 HOU 2
Cunningham Dick cunnidi01 0 19711226 HOU 2
Chamberlain Wilt chambwi01 14 19711226 LAL 1
Hairston Happy hairsha01 15 19711226 LAL 1
West Jerry westje01 34 19711226 LAL 1
Goodrich Gail goodrga01 28 19711226 LAL 1
McMillian Jim mcmilji01 20 19711226 LAL 1
Ellis Leroy ellisle01 8 19711226 LAL 1
Robinson Flynn robinfl01 7 19711226 LAL 1
Riley Pat rileypa01 4 19711226 LAL 1
Cleamons Jim cleamji01 4 19711226 LAL 1
Trapp John trappjo01 3 19711226 LAL 1
Kauffman Bob kauffbo01 15 19711228 BUF 2
Smith Elmore smithel01 32 19711228 BUF 2
Garrett Dick garredi01 11 19711228 BUF 2
Hummer John hummejo01 4 19711228 BUF 2
Smith Randy smithra01 13 19711228 BUF 2
Hazzard Walt abdulma01 6 19711228 BUF 2
Hilton Fred hiltofr01 4 19711228 BUF 2
Hosket Bill hoskebi01 0 19711228 BUF 2
Bryant Em bryanem01 2 19711228 BUF 2
Chamberlain Wilt chambwi01 23 19711228 LAL 1
West Jerry westje01 24 19711228 LAL 1
Goodrich Gail goodrga01 20 19711228 LAL 1
Hairston Happy hairsha01 19 19711228 LAL 1
McMillian Jim mcmilji01 2 19711228 LAL 1
Ellis Leroy ellisle01 8 19711228 LAL 1
Robinson Flynn robinfl01 9 19711228 LAL 1
Riley Pat rileypa01 0 19711228 LAL 1
Trapp John trappjo01 0 19711228 LAL 1
Cleamons Jim cleamji01 0 19711228 LAL 1
McMillian Jim mcmilji01 34 19711230 LAL 1
West Jerry westje01 28 19711230 LAL 1
Chamberlain Wilt chambwi01 17 19711230 LAL 1
Goodrich Gail goodrga01 12 19711230 LAL 1
Hairston Happy hairsha01 10 19711230 LAL 1
Robinson Flynn robinfl01 9 19711230 LAL 1
Riley Pat rileypa01 7 19711230 LAL 1
Trapp John trappjo01 3 19711230 LAL 1
Cleamons Jim cleamji01 2 19711230 LAL 1
Ellis Leroy ellisle01 0 19711230 LAL 1
Haywood Spencer haywosp01 34 19711230 SEA 2
Abdul-Aziz Zaid abdulza01 25 19711230 SEA 2
Snyder Dick snydedi01 15 19711230 SEA 2
Wilkens Lenny wilkele01 11 19711230 SEA 2
Heard Gar heardga01 4 19711230 SEA 2
Winfield Lee winfile01 4 19711230 SEA 2
Brown Fred brownfr01 4 19711230 SEA 2
Kojis Don kojisdo01 3 19711230 SEA 2
Ford Jake fordja01 2 19711230 SEA 2
Cross Pete crosspe01 2 19711230 SEA 2
Clemens Barry clemeba01 2 19711230 SEA 2
