Garmaker Dick garmadi01 33 19580101 MNL 2
Mikkelsen Vern mikkeve01 18 19580101 MNL 2
Krebs Jim krebsji01 18 19580101 MNL 2
Foust Larry foustla01 15 19580101 MNL 2
Leonard Slick leonasl01 9 19580101 MNL 2
Hundley Hot_Rod hundlho01 5 19580101 MNL 2
Devlin Corky devlico01 4 19580101 MNL 2
Schnittker Dick schnidi01 4 19580101 MNL 2
Spoelstra Art spoelar01 2 19580101 MNL 2
Fleming Ed flemied01 1 19580101 MNL 2
Conlin Ed conlied01 19 19580101 SYR 1
Schayes Dolph schaydo01 21 19580101 SYR 1
Harrison Bob harribo02 16 19580101 SYR 1
Seymour Paul seymopa01 16 19580101 SYR 1
Hopkins Bob hopkibo01 14 19580101 SYR 1
Kerr Red kerrre01 13 19580101 SYR 1
Palazzi Togo palazto01 11 19580101 SYR 1
Costello Larry costela01 6 19580101 SYR 1
Bianchi Al biancal01 4 19580101 SYR 1
Lloyd Earl lloydea01 0 19580101 SYR 1
Conlin Ed conlied01 23 19580102 SYR 0
Schayes Dolph schaydo01 17 19580102 SYR 0
Harrison Bob harribo02 11 19580102 SYR 0
Palazzi Togo palazto01 10 19580102 SYR 0
Bianchi Al biancal01 10 19580102 SYR 0
Kerr Red kerrre01 8 19580102 SYR 0
Hopkins Bob hopkibo01 8 19580102 SYR 0
Lloyd Earl lloydea01 4 19580102 SYR 0
Seymour Paul seymopa01 4 19580102 SYR 0
Costello Larry costela01 3 19580102 SYR 0
Braun Carl braunca01 27 19580102 NYK 1
Naulls Willie naullwi01 25 19580102 NYK 1
Sears Kenny searske01 19 19580102 NYK 1
Tyra Charlie tyrach01 16 19580102 NYK 1
Sparrow Guy sparrgu01 14 19580102 NYK 1
Felix Ray felixra01 13 19580102 NYK 1
Sobie Ron sobiero01 12 19580102 NYK 1
Guerin Richie gueriri01 5 19580102 NYK 1
Stokes Maurice stokema01 27 19580105 CIN 1
Lovellette Clyde lovelcl01 23 19580105 CIN 1
Twyman Jack twymaja01 18 19580105 CIN 1
King George kingge01 14 19580105 CIN 1
Ricketts Dick rickedi01 10 19580105 CIN 1
Regan Richie reganri01 4 19580105 CIN 1
Meineke Monk meinemo01 3 19580105 CIN 1
Paxson Jim paxsoji01 2 19580105 CIN 1
Duckett Dick duckedi01 0 19580105 CIN 1
Piontek Dave piontda01 0 19580105 CIN 1
Felix Ray felixra01 23 19580105 NYK 0
Sears Kenny searske01 19 19580105 NYK 0
Braun Carl braunca01 17 19580105 NYK 0
Naulls Willie naullwi01 17 19580105 NYK 0
Guerin Richie gueriri01 12 19580105 NYK 0
Sparrow Guy sparrgu01 4 19580105 NYK 0
Sobie Ron sobiero01 4 19580105 NYK 0
Tyra Charlie tyrach01 4 19580105 NYK 0
Friend Larry frienla01 0 19580105 NYK 0
Dukes Walter dukeswa01 17 19580107 DET 2
Holup Joe holupjo01 16 19580107 DET 2
Shue Gene shuege01 16 19580107 DET 2
Jordon Phil jordoph01 13 19580107 DET 2
Yardley George yardlge01 11 19580107 DET 2
Gallatin Harry gallaha01 10 19580107 DET 2
McGuire Dick mcguidi01 7 19580107 DET 2
Noble Chuck noblech01 4 19580107 DET 2
Kenville Billy kenvibi01 3 19580107 DET 2
Clifton Nat cliftna01 2 19580107 DET 2
Twyman Jack twymaja01 26 19580107 CIN 1
Paxson Jim paxsoji01 18 19580107 CIN 1
Lovellette Clyde lovelcl01 18 19580107 CIN 1
Stokes Maurice stokema01 18 19580107 CIN 1
Meineke Monk meinemo01 11 19580107 CIN 1
King George kingge01 8 19580107 CIN 1
Ricketts Dick rickedi01 6 19580107 CIN 1
Duckett Dick duckedi01 4 19580107 CIN 1
Regan Richie reganri01 3 19580107 CIN 1
Piontek Dave piontda01 2 19580107 CIN 1
Felix Ray felixra01 26 19580108 NYK 1
Naulls Willie naullwi01 21 19580108 NYK 1
Braun Carl braunca01 19 19580108 NYK 1
Sobie Ron sobiero01 14 19580108 NYK 1
Sears Kenny searske01 13 19580108 NYK 1
Guerin Richie gueriri01 11 19580108 NYK 1
Sparrow Guy sparrgu01 10 19580108 NYK 1
Tyra Charlie tyrach01 5 19580108 NYK 1
Friend Larry frienla01 4 19580108 NYK 1
Stokes Maurice stokema01 26 19580108 CIN 0
Lovellette Clyde lovelcl01 18 19580108 CIN 0
Paxson Jim paxsoji01 13 19580108 CIN 0
King George kingge01 12 19580108 CIN 0
Regan Richie reganri01 11 19580108 CIN 0
Twyman Jack twymaja01 10 19580108 CIN 0
Meineke Monk meinemo01 9 19580108 CIN 0
Duckett Dick duckedi01 4 19580108 CIN 0
Piontek Dave piontda01 2 19580108 CIN 0
Ricketts Dick rickedi01 0 19580108 CIN 0
Naulls Willie naullwi01 33 19580109 NYK 1
Sears Kenny searske01 29 19580109 NYK 1
Guerin Richie gueriri01 25 19580109 NYK 1
Sobie Ron sobiero01 22 19580109 NYK 1
Felix Ray felixra01 17 19580109 NYK 1
Sparrow Guy sparrgu01 6 19580109 NYK 1
Braun Carl braunca01 4 19580109 NYK 1
Tyra Charlie tyrach01 0 19580109 NYK 1
Sharman Bill sharmbi01 39 19580109 BOS 2
Cousy Bob cousybo01 27 19580109 BOS 2
Risen Arnie risenar01 15 19580109 BOS 2
Ramsey Frank ramsefr01 15 19580109 BOS 2
Heinsohn Tom heinsto01 12 19580109 BOS 2
Nichols Jack nichoja01 6 19580109 BOS 2
Tsioropoulos Lou tsiorlo01 5 19580109 BOS 2
Phillip Andy phillan01 2 19580109 BOS 2
Jones Sam jonessa01 2 19580109 BOS 2
Braun Carl braunca01 19 19580110 NYK 0
Naulls Willie naullwi01 17 19580110 NYK 0
Guerin Richie gueriri01 17 19580110 NYK 0
Felix Ray felixra01 16 19580110 NYK 0
Sears Kenny searske01 12 19580110 NYK 0
Sparrow Guy sparrgu01 11 19580110 NYK 0
Sobie Ron sobiero01 8 19580110 NYK 0
Tyra Charlie tyrach01 4 19580110 NYK 0
Lovellette Clyde lovelcl01 34 19580110 CIN 1
Twyman Jack twymaja01 15 19580110 CIN 1
Stokes Maurice stokema01 14 19580110 CIN 1
Paxson Jim paxsoji01 13 19580110 CIN 1
King George kingge01 10 19580110 CIN 1
Ricketts Dick rickedi01 9 19580110 CIN 1
Regan Richie reganri01 8 19580110 CIN 1
Piontek Dave piontda01 2 19580110 CIN 1
Meineke Monk meinemo01 2 19580110 CIN 1
Schayes Dolph schaydo01 32 19580111 SYR 2
Kerr Red kerrre01 28 19580111 SYR 2
Conlin Ed conlied01 16 19580111 SYR 2
Costello Larry costela01 11 19580111 SYR 2
Harrison Bob harribo02 9 19580111 SYR 2
Palazzi Togo palazto01 4 19580111 SYR 2
Bianchi Al biancal01 0 19580111 SYR 2
Lloyd Earl lloydea01 0 19580111 SYR 2
Hopkins Bob hopkibo01 0 19580111 SYR 2
Seymour Paul seymopa01 0 19580111 SYR 2
Ricketts Dick rickedi01 22 19580111 CIN 1
Meineke Monk meinemo01 18 19580111 CIN 1
Regan Richie reganri01 14 19580111 CIN 1
Twyman Jack twymaja01 14 19580111 CIN 1
Stokes Maurice stokema01 13 19580111 CIN 1
Lovellette Clyde lovelcl01 10 19580111 CIN 1
Paxson Jim paxsoji01 8 19580111 CIN 1
Piontek Dave piontda01 5 19580111 CIN 1
King George kingge01 1 19580111 CIN 1
Duckett Dick duckedi01 0 19580111 CIN 1
Cousy Bob cousybo01 16 19580112 BOS 2
Sharman Bill sharmbi01 15 19580112 BOS 2
Tsioropoulos Lou tsiorlo01 15 19580112 BOS 2
Heinsohn Tom heinsto01 15 19580112 BOS 2
Jones Sam jonessa01 12 19580112 BOS 2
Risen Arnie risenar01 11 19580112 BOS 2
Ramsey Frank ramsefr01 8 19580112 BOS 2
Nichols Jack nichoja01 5 19580112 BOS 2
Phillip Andy phillan01 0 19580112 BOS 2
Twyman Jack twymaja01 26 19580112 CIN 1
Stokes Maurice stokema01 21 19580112 CIN 1
Lovellette Clyde lovelcl01 19 19580112 CIN 1
Regan Richie reganri01 13 19580112 CIN 1
King George kingge01 12 19580112 CIN 1
Paxson Jim paxsoji01 9 19580112 CIN 1
Meineke Monk meinemo01 9 19580112 CIN 1
Ricketts Dick rickedi01 2 19580112 CIN 1
Duckett Dick duckedi01 2 19580112 CIN 1
Piontek Dave piontda01 2 19580112 CIN 1
Braun Carl braunca01 20 19580114 NYK 2
Felix Ray felixra01 20 19580114 NYK 2
Sparrow Guy sparrgu01 18 19580114 NYK 2
Guerin Richie gueriri01 17 19580114 NYK 2
Tyra Charlie tyrach01 16 19580114 NYK 2
Sobie Ron sobiero01 12 19580114 NYK 2
Sears Kenny searske01 4 19580114 NYK 2
Naulls Willie naullwi01 2 19580114 NYK 2
Friend Larry frienla01 2 19580114 NYK 2
McCann Brendan mccanbr01 0 19580114 NYK 2
Twyman Jack twymaja01 34 19580114 CIN 1
Stokes Maurice stokema01 17 19580114 CIN 1
King George kingge01 13 19580114 CIN 1
Meineke Monk meinemo01 13 19580114 CIN 1
Ricketts Dick rickedi01 12 19580114 CIN 1
Paxson Jim paxsoji01 11 19580114 CIN 1
Piontek Dave piontda01 9 19580114 CIN 1
Regan Richie reganri01 8 19580114 CIN 1
Foust Larry foustla01 27 19580116 MNL 2
Mikkelsen Vern mikkeve01 27 19580116 MNL 2
Leonard Slick leonasl01 13 19580116 MNL 2
Krebs Jim krebsji01 9 19580116 MNL 2
Schnittker Dick schnidi01 7 19580116 MNL 2
Fleming Ed flemied01 7 19580116 MNL 2
Hundley Hot_Rod hundlho01 6 19580116 MNL 2
Devlin Corky devlico01 5 19580116 MNL 2
Garmaker Dick garmadi01 4 19580116 MNL 2
Spoelstra Art spoelar01 3 19580116 MNL 2
Ingram McCoy ingramc01 0 19580116 MNL 2
Lovellette Clyde lovelcl01 30 19580116 CIN 1
Stokes Maurice stokema01 23 19580116 CIN 1
Ricketts Dick rickedi01 18 19580116 CIN 1
Twyman Jack twymaja01 18 19580116 CIN 1
King George kingge01 10 19580116 CIN 1
Meineke Monk meinemo01 8 19580116 CIN 1
Regan Richie reganri01 7 19580116 CIN 1
Piontek Dave piontda01 6 19580116 CIN 1
Duckett Dick duckedi01 2 19580116 CIN 1
Paxson Jim paxsoji01 2 19580116 CIN 1
Lovellette Clyde lovelcl01 23 19580117 CIN 0
Piontek Dave piontda01 14 19580117 CIN 0
Twyman Jack twymaja01 14 19580117 CIN 0
Paxson Jim paxsoji01 9 19580117 CIN 0
King George kingge01 9 19580117 CIN 0
Stokes Maurice stokema01 7 19580117 CIN 0
Duckett Dick duckedi01 5 19580117 CIN 0
Regan Richie reganri01 5 19580117 CIN 0
Ricketts Dick rickedi01 4 19580117 CIN 0
Meineke Monk meinemo01 4 19580117 CIN 0
Yardley George yardlge01 31 19580117 DET 1
Shue Gene shuege01 24 19580117 DET 1
Gallatin Harry gallaha01 15 19580117 DET 1
McGuire Dick mcguidi01 13 19580117 DET 1
Dukes Walter dukeswa01 10 19580117 DET 1
Clifton Nat cliftna01 7 19580117 DET 1
Kenville Billy kenvibi01 5 19580117 DET 1
Holup Joe holupjo01 5 19580117 DET 1
Marshall Tom marshto01 3 19580117 DET 1
Jordon Phil jordoph01 2 19580117 DET 1
Yardley George yardlge01 36 19580118 DET 0
Gallatin Harry gallaha01 27 19580118 DET 0
Shue Gene shuege01 16 19580118 DET 0
Kenville Billy kenvibi01 11 19580118 DET 0
McGuire Dick mcguidi01 5 19580118 DET 0
Dukes Walter dukeswa01 4 19580118 DET 0
Clifton Nat cliftna01 2 19580118 DET 0
Holup Joe holupjo01 2 19580118 DET 0
Pettit Bob pettibo01 40 19580118 STL 1
Macauley Ed macaued01 23 19580118 STL 1
Coleman Jack colemja01 10 19580118 STL 1
Martin Slater martisl01 10 19580118 STL 1
Share Chuck sharech01 9 19580118 STL 1
McMahon Jack mcmahja01 7 19580118 STL 1
Wilfong Win wilfowi01 4 19580118 STL 1
Park Med parkme01 2 19580118 STL 1
Lovellette Clyde lovelcl01 26 19580119 CIN 2
Twyman Jack twymaja01 20 19580119 CIN 2
Stokes Maurice stokema01 19 19580119 CIN 2
Regan Richie reganri01 10 19580119 CIN 2
King George kingge01 8 19580119 CIN 2
Meineke Monk meinemo01 4 19580119 CIN 2
Piontek Dave piontda01 2 19580119 CIN 2
Paxson Jim paxsoji01 1 19580119 CIN 2
Ricketts Dick rickedi01 0 19580119 CIN 2
Duckett Dick duckedi01 0 19580119 CIN 2
Pettit Bob pettibo01 28 19580119 STL 1
Macauley Ed macaued01 21 19580119 STL 1
Park Med parkme01 12 19580119 STL 1
McMahon Jack mcmahja01 11 19580119 STL 1
Share Chuck sharech01 10 19580119 STL 1
Wilfong Win wilfowi01 9 19580119 STL 1
Coleman Jack colemja01 6 19580119 STL 1
Martin Slater martisl01 6 19580119 STL 1
Selvy Frank selvyfr01 5 19580119 STL 1
Macauley Ed macaued01 24 19580125 STL 0
Pettit Bob pettibo01 16 19580125 STL 0
McMahon Jack mcmahja01 12 19580125 STL 0
Martin Slater martisl01 11 19580125 STL 0
Hagan Cliff hagancl01 9 19580125 STL 0
Share Chuck sharech01 8 19580125 STL 0
Coleman Jack colemja01 7 19580125 STL 0
Wilfong Win wilfowi01 7 19580125 STL 0
Park Med parkme01 2 19580125 STL 0
Davis Walt daviswa01 2 19580125 STL 0
Gallatin Harry gallaha01 27 19580125 DET 1
Yardley George yardlge01 21 19580125 DET 1
Dukes Walter dukeswa01 20 19580125 DET 1
McGuire Dick mcguidi01 15 19580125 DET 1
Kenville Billy kenvibi01 10 19580125 DET 1
Noble Chuck noblech01 6 19580125 DET 1
Clifton Nat cliftna01 4 19580125 DET 1
Jordon Phil jordoph01 2 19580125 DET 1
Yardley George yardlge01 33 19580126 DET 0
Gallatin Harry gallaha01 18 19580126 DET 0
Noble Chuck noblech01 14 19580126 DET 0
Jordon Phil jordoph01 10 19580126 DET 0
Dukes Walter dukeswa01 9 19580126 DET 0
Kenville Billy kenvibi01 8 19580126 DET 0
Holup Joe holupjo01 6 19580126 DET 0
McGuire Dick mcguidi01 5 19580126 DET 0
Clifton Nat cliftna01 0 19580126 DET 0
Lovellette Clyde lovelcl01 25 19580126 CIN 1
Twyman Jack twymaja01 18 19580126 CIN 1
Paxson Jim paxsoji01 17 19580126 CIN 1
Stokes Maurice stokema01 16 19580126 CIN 1
King George kingge01 15 19580126 CIN 1
Meineke Monk meinemo01 6 19580126 CIN 1
Regan Richie reganri01 4 19580126 CIN 1
Piontek Dave piontda01 4 19580126 CIN 1
Ricketts Dick rickedi01 2 19580126 CIN 1
Twyman Jack twymaja01 25 19580130 CIN 0
Lovellette Clyde lovelcl01 24 19580130 CIN 0
Stokes Maurice stokema01 20 19580130 CIN 0
King George kingge01 11 19580130 CIN 0
Paxson Jim paxsoji01 10 19580130 CIN 0
Ricketts Dick rickedi01 9 19580130 CIN 0
Regan Richie reganri01 3 19580130 CIN 0
Piontek Dave piontda01 1 19580130 CIN 0
Meineke Monk meinemo01 1 19580130 CIN 0
Mikkelsen Vern mikkeve01 33 19580130 MNL 1
Foust Larry foustla01 29 19580130 MNL 1
Garmaker Dick garmadi01 13 19580130 MNL 1
Leonard Slick leonasl01 9 19580130 MNL 1
Hundley Hot_Rod hundlho01 6 19580130 MNL 1
Fleming Ed flemied01 5 19580130 MNL 1
Krebs Jim krebsji01 4 19580130 MNL 1
Spoelstra Art spoelar01 4 19580130 MNL 1
Schnittker Dick schnidi01 2 19580130 MNL 1
Devlin Corky devlico01 0 19580130 MNL 1
Ingram McCoy ingramc01 0 19580130 MNL 1
Schayes Dolph schaydo01 29 19580201 SYR 1
Kerr Red kerrre01 28 19580201 SYR 1
Costello Larry costela01 11 19580201 SYR 1
Palazzi Togo palazto01 8 19580201 SYR 1
Bianchi Al biancal01 6 19580201 SYR 1
Harrison Bob harribo02 6 19580201 SYR 1
Conlin Ed conlied01 6 19580201 SYR 1
Hopkins Bob hopkibo01 3 19580201 SYR 1
Lloyd Earl lloydea01 0 19580201 SYR 1
Foust Larry foustla01 23 19580201 MNL 0
Hundley Hot_Rod hundlho01 14 19580201 MNL 0
Mikkelsen Vern mikkeve01 13 19580201 MNL 0
Leonard Slick leonasl01 12 19580201 MNL 0
Fleming Ed flemied01 9 19580201 MNL 0
Garmaker Dick garmadi01 8 19580201 MNL 0
Krebs Jim krebsji01 6 19580201 MNL 0
Spoelstra Art spoelar01 6 19580201 MNL 0
Devlin Corky devlico01 0 19580201 MNL 0
Schnittker Dick schnidi01 0 19580201 MNL 0
Schayes Dolph schaydo01 35 19580202 SYR 1
Conlin Ed conlied01 21 19580202 SYR 1
Costello Larry costela01 13 19580202 SYR 1
Hopkins Bob hopkibo01 12 19580202 SYR 1
Kerr Red kerrre01 8 19580202 SYR 1
Palazzi Togo palazto01 7 19580202 SYR 1
Bianchi Al biancal01 3 19580202 SYR 1
Harrison Bob harribo02 3 19580202 SYR 1
Lloyd Earl lloydea01 0 19580202 SYR 1
Seymour Paul seymopa01 0 19580202 SYR 1
Hagan Cliff hagancl01 29 19580202 STL 2
Pettit Bob pettibo01 25 19580202 STL 2
Wilfong Win wilfowi01 18 19580202 STL 2
Coleman Jack colemja01 9 19580202 STL 2
McMahon Jack mcmahja01 9 19580202 STL 2
Park Med parkme01 5 19580202 STL 2
Share Chuck sharech01 2 19580202 STL 2
Macauley Ed macaued01 2 19580202 STL 2
Davis Walt daviswa01 1 19580202 STL 2
Conlin Ed conlied01 24 19580204 SYR 0
Schayes Dolph schaydo01 21 19580204 SYR 0
Bianchi Al biancal01 17 19580204 SYR 0
Costello Larry costela01 17 19580204 SYR 0
Kerr Red kerrre01 13 19580204 SYR 0
Palazzi Togo palazto01 12 19580204 SYR 0
Hopkins Bob hopkibo01 6 19580204 SYR 0
Harrison Bob harribo02 2 19580204 SYR 0
Lloyd Earl lloydea01 1 19580204 SYR 0
Yardley George yardlge01 52 19580204 DET 1
Shue Gene shuege01 25 19580204 DET 1
Jordon Phil jordoph01 17 19580204 DET 1
Dukes Walter dukeswa01 13 19580204 DET 1
McGuire Dick mcguidi01 9 19580204 DET 1
Gallatin Harry gallaha01 2 19580204 DET 1
Holup Joe holupjo01 0 19580204 DET 1
Hagan Cliff hagancl01 19 19580207 STL 2
Pettit Bob pettibo01 18 19580207 STL 2
Park Med parkme01 17 19580207 STL 2
Wilfong Win wilfowi01 16 19580207 STL 2
McMahon Jack mcmahja01 11 19580207 STL 2
Macauley Ed macaued01 8 19580207 STL 2
Share Chuck sharech01 8 19580207 STL 2
Coleman Jack colemja01 5 19580207 STL 2
Davis Walt daviswa01 3 19580207 STL 2
Selvy Frank selvyfr01 2 19580207 STL 2
Yardley George yardlge01 37 19580207 DET 1
Dukes Walter dukeswa01 20 19580207 DET 1
Gallatin Harry gallaha01 19 19580207 DET 1
Kenville Billy kenvibi01 16 19580207 DET 1
McGuire Dick mcguidi01 13 19580207 DET 1
Shue Gene shuege01 6 19580207 DET 1
Clifton Nat cliftna01 5 19580207 DET 1
Holup Joe holupjo01 4 19580207 DET 1
Jordon Phil jordoph01 3 19580207 DET 1
Noble Chuck noblech01 2 19580207 DET 1
Braun Carl braunca01 20 19580209 NYK 1
Sears Kenny searske01 19 19580209 NYK 1
Naulls Willie naullwi01 18 19580209 NYK 1
Tyra Charlie tyrach01 13 19580209 NYK 1
Guerin Richie gueriri01 11 19580209 NYK 1
Sobie Ron sobiero01 9 19580209 NYK 1
Sparrow Guy sparrgu01 5 19580209 NYK 1
Felix Ray felixra01 4 19580209 NYK 1
Spoelstra Art spoelar01 1 19580209 NYK 1
Yardley George yardlge01 16 19580209 DET 0
Gallatin Harry gallaha01 16 19580209 DET 0
Noble Chuck noblech01 14 19580209 DET 0
Shue Gene shuege01 11 19580209 DET 0
McGuire Dick mcguidi01 10 19580209 DET 0
Dukes Walter dukeswa01 9 19580209 DET 0
Kenville Billy kenvibi01 7 19580209 DET 0
Holup Joe holupjo01 7 19580209 DET 0
Clifton Nat cliftna01 4 19580209 DET 0
Jordon Phil jordoph01 4 19580209 DET 0
Sears Kenny searske01 26 19580211 NYK 0
Braun Carl braunca01 19 19580211 NYK 0
Naulls Willie naullwi01 15 19580211 NYK 0
Sobie Ron sobiero01 12 19580211 NYK 0
Tyra Charlie tyrach01 9 19580211 NYK 0
Sparrow Guy sparrgu01 8 19580211 NYK 0
Guerin Richie gueriri01 8 19580211 NYK 0
Felix Ray felixra01 6 19580211 NYK 0
Spoelstra Art spoelar01 2 19580211 NYK 0
McCann Brendan mccanbr01 0 19580211 NYK 0
Wilfong Win wilfowi01 25 19580211 STL 1
Pettit Bob pettibo01 22 19580211 STL 1
Coleman Jack colemja01 13 19580211 STL 1
McMahon Jack mcmahja01 13 19580211 STL 1
Share Chuck sharech01 10 19580211 STL 1
Macauley Ed macaued01 9 19580211 STL 1
Hagan Cliff hagancl01 9 19580211 STL 1
Davis Walt daviswa01 3 19580211 STL 1
Park Med parkme01 2 19580211 STL 1
Selvy Frank selvyfr01 1 19580211 STL 1
Pettit Bob pettibo01 25 19580212 STL 1
Hagan Cliff hagancl01 21 19580212 STL 1
Macauley Ed macaued01 20 19580212 STL 1
Park Med parkme01 14 19580212 STL 1
Share Chuck sharech01 11 19580212 STL 1
Coleman Jack colemja01 9 19580212 STL 1
Wilfong Win wilfowi01 7 19580212 STL 1
Davis Walt daviswa01 7 19580212 STL 1
Selvy Frank selvyfr01 4 19580212 STL 1
McMahon Jack mcmahja01 4 19580212 STL 1
Noble Chuck noblech01 19 19580212 DET 2
Kenville Billy kenvibi01 16 19580212 DET 2
Jordon Phil jordoph01 15 19580212 DET 2
Clifton Nat cliftna01 12 19580212 DET 2
Dukes Walter dukeswa01 12 19580212 DET 2
Gallatin Harry gallaha01 11 19580212 DET 2
Shue Gene shuege01 7 19580212 DET 2
McGuire Dick mcguidi01 6 19580212 DET 2
Yardley George yardlge01 6 19580212 DET 2
Holup Joe holupjo01 1 19580212 DET 2
Pettit Bob pettibo01 23 19580214 STL 1
Coleman Jack colemja01 22 19580214 STL 1
Macauley Ed macaued01 15 19580214 STL 1
Wilfong Win wilfowi01 12 19580214 STL 1
Davis Walt daviswa01 12 19580214 STL 1
Park Med parkme01 9 19580214 STL 1
Share Chuck sharech01 6 19580214 STL 1
Hagan Cliff hagancl01 3 19580214 STL 1
McMahon Jack mcmahja01 2 19580214 STL 1
Garmaker Dick garmadi01 21 19580214 MNL 2
Foust Larry foustla01 19 19580214 MNL 2
Mikkelsen Vern mikkeve01 19 19580214 MNL 2
Leonard Slick leonasl01 11 19580214 MNL 2
Ingram McCoy ingramc01 11 19580214 MNL 2
Erias Bo eriasbo01 11 19580214 MNL 2
Krebs Jim krebsji01 4 19580214 MNL 2
Fleming Ed flemied01 3 19580214 MNL 2
Devlin Corky devlico01 1 19580214 MNL 2
Shue Gene shuege01 21 19580216 DET 1
Yardley George yardlge01 20 19580216 DET 1
Dukes Walter dukeswa01 19 19580216 DET 1
Gallatin Harry gallaha01 16 19580216 DET 1
Kenville Billy kenvibi01 8 19580216 DET 1
Clifton Nat cliftna01 7 19580216 DET 1
McGuire Dick mcguidi01 5 19580216 DET 1
Holup Joe holupjo01 4 19580216 DET 1
Noble Chuck noblech01 0 19580216 DET 1
Pettit Bob pettibo01 27 19580216 STL 0
McMahon Jack mcmahja01 15 19580216 STL 0
Coleman Jack colemja01 13 19580216 STL 0
Macauley Ed macaued01 12 19580216 STL 0
Hagan Cliff hagancl01 11 19580216 STL 0
Wilfong Win wilfowi01 9 19580216 STL 0
Share Chuck sharech01 5 19580216 STL 0
Park Med parkme01 4 19580216 STL 0
Davis Walt daviswa01 2 19580216 STL 0
Bianchi Al biancal01 22 19580218 SYR 2
Hopkins Bob hopkibo01 19 19580218 SYR 2
Schayes Dolph schaydo01 15 19580218 SYR 2
Kerr Red kerrre01 11 19580218 SYR 2
Harrison Bob harribo02 9 19580218 SYR 2
Costello Larry costela01 9 19580218 SYR 2
Palazzi Togo palazto01 8 19580218 SYR 2
Lloyd Earl lloydea01 3 19580218 SYR 2
Seymour Paul seymopa01 2 19580218 SYR 2
Conlin Ed conlied01 0 19580218 SYR 2
Yardley George yardlge01 48 19580218 DET 1
Jordon Phil jordoph01 22 19580218 DET 1
Noble Chuck noblech01 19 19580218 DET 1
Dukes Walter dukeswa01 12 19580218 DET 1
Shue Gene shuege01 7 19580218 DET 1
Kenville Billy kenvibi01 5 19580218 DET 1
McGuire Dick mcguidi01 3 19580218 DET 1
Gallatin Harry gallaha01 3 19580218 DET 1
Holup Joe holupjo01 1 19580218 DET 1
Clifton Nat cliftna01 0 19580218 DET 1
Yardley George yardlge01 43 19580219 DET 1
Dukes Walter dukeswa01 22 19580219 DET 1
Gallatin Harry gallaha01 10 19580219 DET 1
Shue Gene shuege01 9 19580219 DET 1
Kenville Billy kenvibi01 9 19580219 DET 1
Jordon Phil jordoph01 9 19580219 DET 1
Noble Chuck noblech01 8 19580219 DET 1
McGuire Dick mcguidi01 7 19580219 DET 1
Holup Joe holupjo01 0 19580219 DET 1
Mikkelsen Vern mikkeve01 28 19580219 MNL 2
Garmaker Dick garmadi01 18 19580219 MNL 2
Erias Bo eriasbo01 17 19580219 MNL 2
Foust Larry foustla01 13 19580219 MNL 2
Leonard Slick leonasl01 13 19580219 MNL 2
Krebs Jim krebsji01 11 19580219 MNL 2
Fleming Ed flemied01 11 19580219 MNL 2
Ingram McCoy ingramc01 2 19580219 MNL 2
Hundley Hot_Rod hundlho01 2 19580219 MNL 2
Devlin Corky devlico01 0 19580219 MNL 2
Selvy Frank selvyfr01 0 19580219 MNL 2
Yardley George yardlge01 32 19580221 DET 1
Shue Gene shuege01 25 19580221 DET 1
Holup Joe holupjo01 20 19580221 DET 1
Gallatin Harry gallaha01 10 19580221 DET 1
Dukes Walter dukeswa01 9 19580221 DET 1
McGuire Dick mcguidi01 7 19580221 DET 1
Kenville Billy kenvibi01 4 19580221 DET 1
Jordon Phil jordoph01 2 19580221 DET 1
Noble Chuck noblech01 0 19580221 DET 1
Twyman Jack twymaja01 24 19580221 CIN 2
Stokes Maurice stokema01 21 19580221 CIN 2
Lovellette Clyde lovelcl01 17 19580221 CIN 2
King George kingge01 12 19580221 CIN 2
Regan Richie reganri01 12 19580221 CIN 2
Paxson Jim paxsoji01 12 19580221 CIN 2
Piontek Dave piontda01 6 19580221 CIN 2
Meineke Monk meinemo01 3 19580221 CIN 2
Ricketts Dick rickedi01 0 19580221 CIN 2
Marshall Tom marshto01 0 19580221 CIN 2
Hagan Cliff hagancl01 32 19580222 STL 2
Pettit Bob pettibo01 18 19580222 STL 2
Share Chuck sharech01 17 19580222 STL 2
Macauley Ed macaued01 9 19580222 STL 2
McMahon Jack mcmahja01 8 19580222 STL 2
Coleman Jack colemja01 5 19580222 STL 2
Park Med parkme01 3 19580222 STL 2
Martin Slater martisl01 2 19580222 STL 2
Wilfong Win wilfowi01 2 19580222 STL 2
Gallatin Harry gallaha01 22 19580222 DET 1
Shue Gene shuege01 17 19580222 DET 1
Yardley George yardlge01 16 19580222 DET 1
Jordon Phil jordoph01 14 19580222 DET 1
Dukes Walter dukeswa01 12 19580222 DET 1
McGuire Dick mcguidi01 9 19580222 DET 1
Clifton Nat cliftna01 5 19580222 DET 1
Kenville Billy kenvibi01 2 19580222 DET 1
Holup Joe holupjo01 1 19580222 DET 1
Noble Chuck noblech01 0 19580222 DET 1
Hagan Cliff hagancl01 34 19580225 STL 2
Pettit Bob pettibo01 22 19580225 STL 2
Martin Slater martisl01 17 19580225 STL 2
Coleman Jack colemja01 12 19580225 STL 2
McMahon Jack mcmahja01 8 19580225 STL 2
Share Chuck sharech01 8 19580225 STL 2
Macauley Ed macaued01 6 19580225 STL 2
Wilfong Win wilfowi01 6 19580225 STL 2
Park Med parkme01 0 19580225 STL 2
Davis Walt daviswa01 0 19580225 STL 2
Yardley George yardlge01 44 19580225 DET 1
Dukes Walter dukeswa01 22 19580225 DET 1
Gallatin Harry gallaha01 16 19580225 DET 1
Clifton Nat cliftna01 10 19580225 DET 1
Shue Gene shuege01 9 19580225 DET 1
Noble Chuck noblech01 6 19580225 DET 1
Jordon Phil jordoph01 4 19580225 DET 1
McGuire Dick mcguidi01 3 19580225 DET 1
Kenville Billy kenvibi01 0 19580225 DET 1
Russell Bill russebi01 19 19580226 BOS 1
Sharman Bill sharmbi01 18 19580226 BOS 1
Cousy Bob cousybo01 18 19580226 BOS 1
Heinsohn Tom heinsto01 15 19580226 BOS 1
Jones Sam jonessa01 12 19580226 BOS 1
Tsioropoulos Lou tsiorlo01 11 19580226 BOS 1
Nichols Jack nichoja01 6 19580226 BOS 1
Ramsey Frank ramsefr01 5 19580226 BOS 1
Phillip Andy phillan01 2 19580226 BOS 1
Shue Gene shuege01 30 19580226 DET 0
Yardley George yardlge01 19 19580226 DET 0
Jordon Phil jordoph01 14 19580226 DET 0
Clifton Nat cliftna01 11 19580226 DET 0
Holup Joe holupjo01 8 19580226 DET 0
McGuire Dick mcguidi01 7 19580226 DET 0
Noble Chuck noblech01 6 19580226 DET 0
Gallatin Harry gallaha01 3 19580226 DET 0
Dukes Walter dukeswa01 1 19580226 DET 0
Russell Bill russebi01 19 19580302 BOS 1
Heinsohn Tom heinsto01 9 19580302 BOS 1
Cousy Bob cousybo01 11 19580302 BOS 1
Ramsey Frank ramsefr01 29 19580302 BOS 1
Sharman Bill sharmbi01 19 19580302 BOS 1
Jones Sam jonessa01 10 19580302 BOS 1
Nichols Jack nichoja01 6 19580302 BOS 1
Tsioropoulos Lou tsiorlo01 4 19580302 BOS 1
Phillip Andy phillan01 0 19580302 BOS 1
Schayes Dolph schaydo01 34 19580302 SYR 2
Costello Larry costela01 11 19580302 SYR 2
Hopkins Bob hopkibo01 14 19580302 SYR 2
Bianchi Al biancal01 8 19580302 SYR 2
Kerr Red kerrre01 10 19580302 SYR 2
Conlin Ed conlied01 10 19580302 SYR 2
Palazzi Togo palazto01 8 19580302 SYR 2
Seymour Paul seymopa01 4 19580302 SYR 2
Harrison Bob harribo02 1 19580302 SYR 2
Sharman Bill sharmbi01 18 19580304 BOS 0
Heinsohn Tom heinsto01 18 19580304 BOS 0
Russell Bill russebi01 13 19580304 BOS 0
Ramsey Frank ramsefr01 12 19580304 BOS 0
Jones Sam jonessa01 10 19580304 BOS 0
Cousy Bob cousybo01 9 19580304 BOS 0
Nichols Jack nichoja01 7 19580304 BOS 0
Tsioropoulos Lou tsiorlo01 7 19580304 BOS 0
Risen Arnie risenar01 3 19580304 BOS 0
Phillip Andy phillan01 2 19580304 BOS 0
Sparrow Guy sparrgu01 29 19580304 NYK 1
Sears Kenny searske01 25 19580304 NYK 1
Guerin Richie gueriri01 19 19580304 NYK 1
Braun Carl braunca01 16 19580304 NYK 1
Felix Ray felixra01 9 19580304 NYK 1
Naulls Willie naullwi01 6 19580304 NYK 1
McCann Brendan mccanbr01 0 19580304 NYK 1
Friend Larry frienla01 0 19580304 NYK 1
Tyra Charlie tyrach01 0 19580304 NYK 1
Felix Ray felixra01 8 19580305 NYK 0
Naulls Willie naullwi01 21 19580305 NYK 0
Sparrow Guy sparrgu01 14 19580305 NYK 0
Braun Carl braunca01 14 19580305 NYK 0
Tyra Charlie tyrach01 13 19580305 NYK 0
Guerin Richie gueriri01 10 19580305 NYK 0
Sears Kenny searske01 9 19580305 NYK 0
McCann Brendan mccanbr01 2 19580305 NYK 0
Friend Larry frienla01 0 19580305 NYK 0
Schayes Dolph schaydo01 20 19580305 SYR 1
Kerr Red kerrre01 18 19580305 SYR 1
Bianchi Al biancal01 17 19580305 SYR 1
Costello Larry costela01 15 19580305 SYR 1
Conlin Ed conlied01 15 19580305 SYR 1
Harrison Bob harribo02 8 19580305 SYR 1
Lloyd Earl lloydea01 7 19580305 SYR 1
Hopkins Bob hopkibo01 2 19580305 SYR 1
Seymour Paul seymopa01 0 19580305 SYR 1
Schayes Dolph schaydo01 27 19580307 SYR 0
Hopkins Bob hopkibo01 19 19580307 SYR 0
Bianchi Al biancal01 14 19580307 SYR 0
Costello Larry costela01 11 19580307 SYR 0
Conlin Ed conlied01 10 19580307 SYR 0
Kerr Red kerrre01 8 19580307 SYR 0
Lloyd Earl lloydea01 6 19580307 SYR 0
Seymour Paul seymopa01 4 19580307 SYR 0
Harrison Bob harribo02 1 19580307 SYR 0
Pettit Bob pettibo01 39 19580307 STL 1
Martin Slater martisl01 11 19580307 STL 1
Share Chuck sharech01 11 19580307 STL 1
Hagan Cliff hagancl01 10 19580307 STL 1
Coleman Jack colemja01 8 19580307 STL 1
Wilfong Win wilfowi01 8 19580307 STL 1
Macauley Ed macaued01 7 19580307 STL 1
McMahon Jack mcmahja01 6 19580307 STL 1
Park Med parkme01 2 19580307 STL 1
Davis Walt daviswa01 0 19580307 STL 1
Mikkelsen Vern mikkeve01 28 19580308 MNL 2
Garmaker Dick garmadi01 21 19580308 MNL 2
Hundley Hot_Rod hundlho01 16 19580308 MNL 2
Fleming Ed flemied01 15 19580308 MNL 2
Foust Larry foustla01 11 19580308 MNL 2
Krebs Jim krebsji01 10 19580308 MNL 2
Erias Bo eriasbo01 10 19580308 MNL 2
Leonard Slick leonasl01 6 19580308 MNL 2
Devlin Corky devlico01 3 19580308 MNL 2
Selvy Frank selvyfr01 3 19580308 MNL 2
Pettit Bob pettibo01 25 19580308 STL 1
Hagan Cliff hagancl01 25 19580308 STL 1
Martin Slater martisl01 18 19580308 STL 1
Macauley Ed macaued01 18 19580308 STL 1
Coleman Jack colemja01 16 19580308 STL 1
McMahon Jack mcmahja01 8 19580308 STL 1
Park Med parkme01 6 19580308 STL 1
Share Chuck sharech01 6 19580308 STL 1
Wilfong Win wilfowi01 2 19580308 STL 1
Davis Walt daviswa01 2 19580308 STL 1
Pettit Bob pettibo01 28 19580309 STL 0
Hagan Cliff hagancl01 17 19580309 STL 0
Martin Slater martisl01 14 19580309 STL 0
Coleman Jack colemja01 10 19580309 STL 0
McMahon Jack mcmahja01 7 19580309 STL 0
Macauley Ed macaued01 7 19580309 STL 0
Share Chuck sharech01 6 19580309 STL 0
Park Med parkme01 5 19580309 STL 0
Davis Walt daviswa01 5 19580309 STL 0
Wilfong Win wilfowi01 0 19580309 STL 0
Selvy Frank selvyfr01 26 19580309 MNL 1
Mikkelsen Vern mikkeve01 19 19580309 MNL 1
Krebs Jim krebsji01 18 19580309 MNL 1
Erias Bo eriasbo01 14 19580309 MNL 1
Foust Larry foustla01 11 19580309 MNL 1
Devlin Corky devlico01 7 19580309 MNL 1
Hundley Hot_Rod hundlho01 6 19580309 MNL 1
Fleming Ed flemied01 6 19580309 MNL 1
Stokes Maurice stokema01 24 19580312 CIN 1
Lovellette Clyde lovelcl01 21 19580312 CIN 1
King George kingge01 16 19580312 CIN 1
Twyman Jack twymaja01 16 19580312 CIN 1
Paxson Jim paxsoji01 8 19580312 CIN 1
Ricketts Dick rickedi01 6 19580312 CIN 1
Regan Richie reganri01 3 19580312 CIN 1
Piontek Dave piontda01 2 19580312 CIN 1
Meineke Monk meinemo01 0 19580312 CIN 1
Marshall Tom marshto01 0 19580312 CIN 1
Mikkelsen Vern mikkeve01 24 19580312 MNL 0
Krebs Jim krebsji01 16 19580312 MNL 0
Leonard Slick leonasl01 10 19580312 MNL 0
Garmaker Dick garmadi01 7 19580312 MNL 0
Foust Larry foustla01 7 19580312 MNL 0
Fleming Ed flemied01 7 19580312 MNL 0
Erias Bo eriasbo01 6 19580312 MNL 0
Devlin Corky devlico01 4 19580312 MNL 0
Hundley Hot_Rod hundlho01 4 19580312 MNL 0
Selvy Frank selvyfr01 4 19580312 MNL 0
Stokes Maurice stokema01 12 19580315 CIN 0
Lovellette Clyde lovelcl01 15 19580315 CIN 0
Twyman Jack twymaja01 13 19580315 CIN 0
Regan Richie reganri01 12 19580315 CIN 0
Marshall Tom marshto01 11 19580315 CIN 0
King George kingge01 8 19580315 CIN 0
Ricketts Dick rickedi01 5 19580315 CIN 0
Paxson Jim paxsoji01 4 19580315 CIN 0
Piontek Dave piontda01 3 19580315 CIN 0
Meineke Monk meinemo01 0 19580315 CIN 0
Yardley George yardlge01 29 19580315 DET 1
Shue Gene shuege01 25 19580315 DET 1
Dukes Walter dukeswa01 17 19580315 DET 1
Holup Joe holupjo01 9 19580315 DET 1
McGuire Dick mcguidi01 6 19580315 DET 1
Clifton Nat cliftna01 5 19580315 DET 1
Kenville Billy kenvibi01 5 19580315 DET 1
Gallatin Harry gallaha01 4 19580315 DET 1
Noble Chuck noblech01 0 19580315 DET 1
Jordon Phil jordoph01 0 19580315 DET 1
Yardley George yardlge01 24 19580316 DET 1
Dukes Walter dukeswa01 24 19580316 DET 1
McGuire Dick mcguidi01 20 19580316 DET 1
Shue Gene shuege01 15 19580316 DET 1
Jordon Phil jordoph01 10 19580316 DET 1
Holup Joe holupjo01 9 19580316 DET 1
Clifton Nat cliftna01 8 19580316 DET 1
Gallatin Harry gallaha01 8 19580316 DET 1
Kenville Billy kenvibi01 4 19580316 DET 1
Noble Chuck noblech01 2 19580316 DET 1
Twyman Jack twymaja01 24 19580316 CIN 2
Lovellette Clyde lovelcl01 18 19580316 CIN 2
Regan Richie reganri01 12 19580316 CIN 2
Ricketts Dick rickedi01 10 19580316 CIN 2
King George kingge01 10 19580316 CIN 2
Paxson Jim paxsoji01 8 19580316 CIN 2
Meineke Monk meinemo01 8 19580316 CIN 2
Piontek Dave piontda01 7 19580316 CIN 2
Marshall Tom marshto01 7 19580316 CIN 2
Shue Gene shuege01 29 19580319 DET 0
Gallatin Harry gallaha01 21 19580319 DET 0
Yardley George yardlge01 20 19580319 DET 0
Kenville Billy kenvibi01 12 19580319 DET 0
McGuire Dick mcguidi01 8 19580319 DET 0
Holup Joe holupjo01 8 19580319 DET 0
Dukes Walter dukeswa01 8 19580319 DET 0
Clifton Nat cliftna01 4 19580319 DET 0
Jordon Phil jordoph01 1 19580319 DET 0
Noble Chuck noblech01 0 19580319 DET 0
Hagan Cliff hagancl01 38 19580319 STL 1
Coleman Jack colemja01 15 19580319 STL 1
Pettit Bob pettibo01 14 19580319 STL 1
Macauley Ed macaued01 13 19580319 STL 1
Martin Slater martisl01 12 19580319 STL 1
Share Chuck sharech01 11 19580319 STL 1
Wilfong Win wilfowi01 9 19580319 STL 1
McMahon Jack mcmahja01 2 19580319 STL 1
Park Med parkme01 0 19580319 STL 1
Davis Walt daviswa01 0 19580319 STL 1
Hagan Cliff hagancl01 27 19580322 STL 1
Pettit Bob pettibo01 15 19580322 STL 1
Martin Slater martisl01 14 19580322 STL 1
Macauley Ed macaued01 14 19580322 STL 1
Wilfong Win wilfowi01 10 19580322 STL 1
McMahon Jack mcmahja01 7 19580322 STL 1
Coleman Jack colemja01 6 19580322 STL 1
Share Chuck sharech01 5 19580322 STL 1
Park Med parkme01 1 19580322 STL 1
Yardley George yardlge01 26 19580322 DET 2
Dukes Walter dukeswa01 17 19580322 DET 2
Shue Gene shuege01 16 19580322 DET 2
Gallatin Harry gallaha01 14 19580322 DET 2
McGuire Dick mcguidi01 13 19580322 DET 2
Clifton Nat cliftna01 4 19580322 DET 2
Noble Chuck noblech01 2 19580322 DET 2
Kenville Billy kenvibi01 2 19580322 DET 2
Holup Joe holupjo01 2 19580322 DET 2
Yardley George yardlge01 31 19580323 DET 1
Gallatin Harry gallaha01 20 19580323 DET 1
Shue Gene shuege01 19 19580323 DET 1
Jordon Phil jordoph01 14 19580323 DET 1
Dukes Walter dukeswa01 11 19580323 DET 1
McGuire Dick mcguidi01 8 19580323 DET 1
Holup Joe holupjo01 4 19580323 DET 1
Noble Chuck noblech01 1 19580323 DET 1
Kenville Billy kenvibi01 1 19580323 DET 1
Clifton Nat cliftna01 0 19580323 DET 1
Hagan Cliff hagancl01 29 19580323 STL 0
Macauley Ed macaued01 19 19580323 STL 0
Pettit Bob pettibo01 18 19580323 STL 0
Wilfong Win wilfowi01 6 19580323 STL 0
McMahon Jack mcmahja01 5 19580323 STL 0
Martin Slater martisl01 4 19580323 STL 0
Coleman Jack colemja01 3 19580323 STL 0
Share Chuck sharech01 3 19580323 STL 0
Park Med parkme01 2 19580323 STL 0
Davis Walt daviswa01 0 19580323 STL 0
Hagan Cliff hagancl01 28 19580325 STL 1
Pettit Bob pettibo01 23 19580325 STL 1
Coleman Jack colemja01 22 19580325 STL 1
Park Med parkme01 17 19580325 STL 1
McMahon Jack mcmahja01 13 19580325 STL 1
Martin Slater martisl01 10 19580325 STL 1
Macauley Ed macaued01 10 19580325 STL 1
Davis Walt daviswa01 8 19580325 STL 1
Wilfong Win wilfowi01 7 19580325 STL 1
Share Chuck sharech01 7 19580325 STL 1
Yardley George yardlge01 16 19580325 DET 0
Dukes Walter dukeswa01 16 19580325 DET 0
Gallatin Harry gallaha01 15 19580325 DET 0
Shue Gene shuege01 15 19580325 DET 0
Noble Chuck noblech01 10 19580325 DET 0
McGuire Dick mcguidi01 8 19580325 DET 0
Jordon Phil jordoph01 7 19580325 DET 0
Clifton Nat cliftna01 5 19580325 DET 0
Kenville Billy kenvibi01 5 19580325 DET 0
Holup Joe holupjo01 4 19580325 DET 0
Yardley George yardlge01 18 19580327 DET 2
Dukes Walter dukeswa01 18 19580327 DET 2
Kenville Billy kenvibi01 17 19580327 DET 2
Shue Gene shuege01 11 19580327 DET 2
Gallatin Harry gallaha01 8 19580327 DET 2
Jordon Phil jordoph01 7 19580327 DET 2
Holup Joe holupjo01 6 19580327 DET 2
Noble Chuck noblech01 5 19580327 DET 2
McGuire Dick mcguidi01 4 19580327 DET 2
Clifton Nat cliftna01 2 19580327 DET 2
Hagan Cliff hagancl01 32 19580327 STL 1
Pettit Bob pettibo01 20 19580327 STL 1
Macauley Ed macaued01 17 19580327 STL 1
Martin Slater martisl01 14 19580327 STL 1
Share Chuck sharech01 10 19580327 STL 1
McMahon Jack mcmahja01 9 19580327 STL 1
Park Med parkme01 6 19580327 STL 1
Coleman Jack colemja01 5 19580327 STL 1
Wilfong Win wilfowi01 5 19580327 STL 1
Davis Walt daviswa01 2 19580327 STL 1
Hagan Cliff hagancl01 33 19580329 STL 1
McMahon Jack mcmahja01 8 19580329 STL 1
Pettit Bob pettibo01 30 19580329 STL 1
Martin Slater martisl01 2 19580329 STL 1
Coleman Jack colemja01 5 19580329 STL 1
Macauley Ed macaued01 9 19580329 STL 1
Wilfong Win wilfowi01 9 19580329 STL 1
Share Chuck sharech01 8 19580329 STL 1
Cousy Bob cousybo01 27 19580329 BOS 2
Sharman Bill sharmbi01 25 19580329 BOS 2
Russell Bill russebi01 14 19580329 BOS 2
Heinsohn Tom heinsto01 15 19580329 BOS 2
Ramsey Frank ramsefr01 13 19580329 BOS 2
Tsioropoulos Lou tsiorlo01 5 19580329 BOS 2
Risen Arnie risenar01 0 19580329 BOS 2
Phillip Andy phillan01 1 19580329 BOS 2
Nichols Jack nichoja01 2 19580329 BOS 2
Martin Slater martisl01 19 19580330 STL 0
Hagan Cliff hagancl01 37 19580330 STL 0
Pettit Bob pettibo01 19 19580330 STL 0
McMahon Jack mcmahja01 8 19580330 STL 0
Share Chuck sharech01 9 19580330 STL 0
Macauley Ed macaued01 3 19580330 STL 0
Wilfong Win wilfowi01 2 19580330 STL 0
Coleman Jack colemja01 7 19580330 STL 0
Davis Walt daviswa01 6 19580330 STL 0
Park Med parkme01 2 19580330 STL 0
Russell Bill russebi01 22 19580330 BOS 1
Cousy Bob cousybo01 25 19580330 BOS 1
Sharman Bill sharmbi01 22 19580330 BOS 1
Heinsohn Tom heinsto01 12 19580330 BOS 1
Tsioropoulos Lou tsiorlo01 12 19580330 BOS 1
Ramsey Frank ramsefr01 20 19580330 BOS 1
Jones Sam jonessa01 16 19580330 BOS 1
Risen Arnie risenar01 3 19580330 BOS 1
Nichols Jack nichoja01 4 19580330 BOS 1
Ramsey Frank ramsefr01 29 19580402 BOS 0
Sharman Bill sharmbi01 21 19580402 BOS 0
Cousy Bob cousybo01 11 19580402 BOS 0
Russell Bill russebi01 14 19580402 BOS 0
Heinsohn Tom heinsto01 11 19580402 BOS 0
Risen Arnie risenar01 8 19580402 BOS 0
Jones Sam jonessa01 8 19580402 BOS 0
Tsioropoulos Lou tsiorlo01 3 19580402 BOS 0
Nichols Jack nichoja01 3 19580402 BOS 0
Phillip Andy phillan01 0 19580402 BOS 0
Pettit Bob pettibo01 32 19580402 STL 1
Martin Slater martisl01 17 19580402 STL 1
McMahon Jack mcmahja01 8 19580402 STL 1
Hagan Cliff hagancl01 18 19580402 STL 1
Coleman Jack colemja01 12 19580402 STL 1
Macauley Ed macaued01 5 19580402 STL 1
Park Med parkme01 2 19580402 STL 1
Share Chuck sharech01 7 19580402 STL 1
Davis Walt daviswa01 7 19580402 STL 1
Wilfong Win wilfowi01 3 19580402 STL 1
Cousy Bob cousybo01 24 19580405 BOS 1
Sharman Bill sharmbi01 21 19580405 BOS 1
Ramsey Frank ramsefr01 18 19580405 BOS 1
Heinsohn Tom heinsto01 17 19580405 BOS 1
Tsioropoulos Lou tsiorlo01 5 19580405 BOS 1
Nichols Jack nichoja01 15 19580405 BOS 1
Risen Arnie risenar01 8 19580405 BOS 1
Jones Sam jonessa01 1 19580405 BOS 1
Phillip Andy phillan01 0 19580405 BOS 1
Davis Walt daviswa01 2 19580405 STL 0
Share Chuck sharech01 3 19580405 STL 0
Martin Slater martisl01 6 19580405 STL 0
Pettit Bob pettibo01 12 19580405 STL 0
Hagan Cliff hagancl01 27 19580405 STL 0
Park Med parkme01 12 19580405 STL 0
Macauley Ed macaued01 14 19580405 STL 0
McMahon Jack mcmahja01 6 19580405 STL 0
Wilfong Win wilfowi01 6 19580405 STL 0
Coleman Jack colemja01 10 19580405 STL 0
Martin Slater martisl01 25 19580409 STL 1
Hagan Cliff hagancl01 21 19580409 STL 1
Pettit Bob pettibo01 33 19580409 STL 1
McMahon Jack mcmahja01 11 19580409 STL 1
Coleman Jack colemja01 6 19580409 STL 1
Macauley Ed macaued01 2 19580409 STL 1
Share Chuck sharech01 2 19580409 STL 1
Park Med parkme01 0 19580409 STL 1
Davis Walt daviswa01 2 19580409 STL 1
Wilfong Win wilfowi01 0 19580409 STL 1
Cousy Bob cousybo01 10 19580409 BOS 0
Ramsey Frank ramsefr01 30 19580409 BOS 0
Heinsohn Tom heinsto01 18 19580409 BOS 0
Sharman Bill sharmbi01 13 19580409 BOS 0
Tsioropoulos Lou tsiorlo01 9 19580409 BOS 0
Phillip Andy phillan01 7 19580409 BOS 0
Risen Arnie risenar01 4 19580409 BOS 0
Nichols Jack nichoja01 8 19580409 BOS 0
Jones Sam jonessa01 1 19580409 BOS 0
Cousy Bob cousybo01 15 19580412 BOS 2
Sharman Bill sharmbi01 26 19580412 BOS 2
Tsioropoulos Lou tsiorlo01 14 19580412 BOS 2
Heinsohn Tom heinsto01 23 19580412 BOS 2
Risen Arnie risenar01 12 19580412 BOS 2
Ramsey Frank ramsefr01 8 19580412 BOS 2
Russell Bill russebi01 8 19580412 BOS 2
Phillip Andy phillan01 0 19580412 BOS 2
Jones Sam jonessa01 3 19580412 BOS 2
Nichols Jack nichoja01 0 19580412 BOS 2
Pettit Bob pettibo01 50 19580412 STL 1
Hagan Cliff hagancl01 15 19580412 STL 1
Martin Slater martisl01 4 19580412 STL 1
McMahon Jack mcmahja01 9 19580412 STL 1
Share Chuck sharech01 8 19580412 STL 1
Macauley Ed macaued01 2 19580412 STL 1
Coleman Jack colemja01 8 19580412 STL 1
Wilfong Win wilfowi01 4 19580412 STL 1
Park Med parkme01 5 19580412 STL 1
Davis Walt daviswa01 5 19580412 STL 1
Shue Gene shuege01 13 19581023 DET 2
Yardley George yardlge01 28 19581023 DET 2
Lloyd Earl lloydea01 12 19581023 DET 2
McGuire Dick mcguidi01 6 19581023 DET 2
Jordon Phil jordoph01 14 19581023 DET 2
Dukes Walter dukeswa01 2 19581023 DET 2
Farley Dick farledi01 8 19581023 DET 2
Holup Joe holupjo01 8 19581023 DET 2
Cable Barney cableba01 4 19581023 DET 2
McMillon Shellie mcmilsh01 6 19581023 DET 2
Noble Chuck noblech01 2 19581023 DET 2
Pettit Bob pettibo01 23 19581023 STL 1
Martin Slater martisl01 8 19581023 STL 1
McMahon Jack mcmahja01 11 19581023 STL 1
Hagan Cliff hagancl01 18 19581023 STL 1
Share Chuck sharech01 8 19581023 STL 1
Lovellette Clyde lovelcl01 16 19581023 STL 1
Macauley Ed macaued01 4 19581023 STL 1
Wilfong Win wilfowi01 6 19581023 STL 1
Ferrari Al ferraal01 5 19581023 STL 1
Park Med parkme01 3 19581023 STL 1
Gambee Dave gambeda01 2 19581023 STL 1
Reed Hub reedhu01 0 19581023 STL 1
Pettit Bob pettibo01 31 19581025 STL 0
Hagan Cliff hagancl01 16 19581025 STL 0
Macauley Ed macaued01 12 19581025 STL 0
Share Chuck sharech01 12 19581025 STL 0
McMahon Jack mcmahja01 10 19581025 STL 0
Martin Slater martisl01 10 19581025 STL 0
Wilfong Win wilfowi01 8 19581025 STL 0
Lovellette Clyde lovelcl01 7 19581025 STL 0
Park Med parkme01 4 19581025 STL 0
Ferrari Al ferraal01 2 19581025 STL 0
Jordon Phil jordoph01 33 19581025 DET 1
Yardley George yardlge01 22 19581025 DET 1
McGuire Dick mcguidi01 18 19581025 DET 1
Shue Gene shuege01 17 19581025 DET 1
Lloyd Earl lloydea01 13 19581025 DET 1
Dukes Walter dukeswa01 12 19581025 DET 1
Noble Chuck noblech01 1 19581025 DET 1
Holup Joe holupjo01 1 19581025 DET 1
Yardley George yardlge01 36 19581026 DET 0
Shue Gene shuege01 18 19581026 DET 0
Dukes Walter dukeswa01 12 19581026 DET 0
McGuire Dick mcguidi01 7 19581026 DET 0
Lloyd Earl lloydea01 7 19581026 DET 0
Jordon Phil jordoph01 7 19581026 DET 0
McMillon Shellie mcmilsh01 6 19581026 DET 0
Cable Barney cableba01 4 19581026 DET 0
Noble Chuck noblech01 3 19581026 DET 0
Farley Dick farledi01 0 19581026 DET 0
Mikkelsen Vern mikkeve01 22 19581026 MNL 1
Foust Larry foustla01 19 19581026 MNL 1
Leonard Slick leonasl01 19 19581026 MNL 1
Baylor Elgin bayloel01 18 19581026 MNL 1
Garmaker Dick garmadi01 13 19581026 MNL 1
Ellis Boo ellisbo01 10 19581026 MNL 1
Krebs Jim krebsji01 4 19581026 MNL 1
Hundley Hot_Rod hundlho01 2 19581026 MNL 1
Fleming Ed flemied01 1 19581026 MNL 1
Hamilton Steve hamilst01 0 19581026 MNL 1
Pettit Bob pettibo01 37 19581029 STL 1
Hagan Cliff hagancl01 21 19581029 STL 1
Martin Slater martisl01 19 19581029 STL 1
Macauley Ed macaued01 8 19581029 STL 1
Lovellette Clyde lovelcl01 8 19581029 STL 1
Share Chuck sharech01 7 19581029 STL 1
Wilfong Win wilfowi01 6 19581029 STL 1
Ferrari Al ferraal01 3 19581029 STL 1
McMahon Jack mcmahja01 2 19581029 STL 1
Park Med parkme01 1 19581029 STL 1
Baylor Elgin bayloel01 13 19581029 MNL 0
Garmaker Dick garmadi01 13 19581029 MNL 0
Leonard Slick leonasl01 13 19581029 MNL 0
Mikkelsen Vern mikkeve01 12 19581029 MNL 0
Krebs Jim krebsji01 11 19581029 MNL 0
Foust Larry foustla01 10 19581029 MNL 0
Fleming Ed flemied01 10 19581029 MNL 0
Ellis Boo ellisbo01 10 19581029 MNL 0
Hundley Hot_Rod hundlho01 6 19581029 MNL 0
Hamilton Steve hamilst01 2 19581029 MNL 0
Baylor Elgin bayloel01 29 19581101 MNL 1
Leonard Slick leonasl01 22 19581101 MNL 1
Garmaker Dick garmadi01 15 19581101 MNL 1
Mikkelsen Vern mikkeve01 12 19581101 MNL 1
Krebs Jim krebsji01 11 19581101 MNL 1
Ellis Boo ellisbo01 7 19581101 MNL 1
Fleming Ed flemied01 6 19581101 MNL 1
Foust Larry foustla01 4 19581101 MNL 1
Hamilton Steve hamilst01 2 19581101 MNL 1
Hundley Hot_Rod hundlho01 0 19581101 MNL 1
Hagan Cliff hagancl01 28 19581101 STL 0
Pettit Bob pettibo01 27 19581101 STL 0
Lovellette Clyde lovelcl01 12 19581101 STL 0
McMahon Jack mcmahja01 10 19581101 STL 0
Macauley Ed macaued01 7 19581101 STL 0
Martin Slater martisl01 4 19581101 STL 0
Wilfong Win wilfowi01 4 19581101 STL 0
Share Chuck sharech01 4 19581101 STL 0
Ferrari Al ferraal01 3 19581101 STL 0
Park Med parkme01 2 19581101 STL 0
Gola Tom golato01 22 19581106 PHW 2
Graboski Joe grabojo01 20 19581106 PHW 2
George Jack georgja01 20 19581106 PHW 2
Sauldsberry Woody sauldwo01 18 19581106 PHW 2
Arizin Paul arizipa01 17 19581106 PHW 2
Dempsey George dempsge01 2 19581106 PHW 2
Rollins Phil rolliph01 1 19581106 PHW 2
Johnston Neil johnsne01 1 19581106 PHW 2
Beck Ernie becker01 0 19581106 PHW 2
Baylor Elgin bayloel01 26 19581106 MNL 1
Garmaker Dick garmadi01 24 19581106 MNL 1
Krebs Jim krebsji01 18 19581106 MNL 1
Mikkelsen Vern mikkeve01 14 19581106 MNL 1
Fleming Ed flemied01 9 19581106 MNL 1
Leonard Slick leonasl01 7 19581106 MNL 1
Ellis Boo ellisbo01 3 19581106 MNL 1
Foust Larry foustla01 2 19581106 MNL 1
Hundley Hot_Rod hundlho01 0 19581106 MNL 1
Sears Kenny searske01 21 19581108 NYK 1
Sobie Ron sobiero01 18 19581108 NYK 1
Braun Carl braunca01 14 19581108 NYK 1
Guerin Richie gueriri01 14 19581108 NYK 1
Tyra Charlie tyrach01 14 19581108 NYK 1
Felix Ray felixra01 11 19581108 NYK 1
Farmer Mike farmemi01 8 19581108 NYK 1
Selvy Frank selvyfr01 7 19581108 NYK 1
Sparrow Guy sparrgu01 1 19581108 NYK 1
Krebs Jim krebsji01 18 19581108 MNL 0
Baylor Elgin bayloel01 17 19581108 MNL 0
Garmaker Dick garmadi01 17 19581108 MNL 0
Leonard Slick leonasl01 12 19581108 MNL 0
Ellis Boo ellisbo01 12 19581108 MNL 0
Hundley Hot_Rod hundlho01 10 19581108 MNL 0
Mikkelsen Vern mikkeve01 8 19581108 MNL 0
Fleming Ed flemied01 3 19581108 MNL 0
Foust Larry foustla01 2 19581108 MNL 0
Hamilton Steve hamilst01 1 19581108 MNL 0
Pettit Bob pettibo01 28 19581113 STL 2
Lovellette Clyde lovelcl01 18 19581113 STL 2
Hagan Cliff hagancl01 18 19581113 STL 2
Martin Slater martisl01 8 19581113 STL 2
Ferrari Al ferraal01 7 19581113 STL 2
Macauley Ed macaued01 6 19581113 STL 2
Reed Hub reedhu01 5 19581113 STL 2
Park Med parkme01 4 19581113 STL 2
McMahon Jack mcmahja01 4 19581113 STL 2
Share Chuck sharech01 4 19581113 STL 2
Wilfong Win wilfowi01 0 19581113 STL 2
Sears Kenny searske01 27 19581113 NYK 1
Selvy Frank selvyfr01 16 19581113 NYK 1
Sobie Ron sobiero01 15 19581113 NYK 1
Guerin Richie gueriri01 13 19581113 NYK 1
Tyra Charlie tyrach01 13 19581113 NYK 1
Sparrow Guy sparrgu01 10 19581113 NYK 1
Felix Ray felixra01 7 19581113 NYK 1
Farmer Mike farmemi01 6 19581113 NYK 1
Naulls Willie naullwi01 4 19581113 NYK 1
Brennan Pete brennpe01 4 19581113 NYK 1
Braun Carl braunca01 4 19581113 NYK 1
Bird Jerry birdje01 0 19581113 NYK 1
Guerin Richie gueriri01 16 19581115 NYK 1
Farmer Mike farmemi01 16 19581115 NYK 1
Sobie Ron sobiero01 14 19581115 NYK 1
Braun Carl braunca01 12 19581115 NYK 1
Sears Kenny searske01 11 19581115 NYK 1
Tyra Charlie tyrach01 11 19581115 NYK 1
Felix Ray felixra01 9 19581115 NYK 1
Naulls Willie naullwi01 6 19581115 NYK 1
Sparrow Guy sparrgu01 1 19581115 NYK 1
Selvy Frank selvyfr01 0 19581115 NYK 1
Bianchi Al biancal01 18 19581115 SYR 2
Kerr Red kerrre01 17 19581115 SYR 2
Palazzi Togo palazto01 15 19581115 SYR 2
Schayes Dolph schaydo01 14 19581115 SYR 2
Costello Larry costela01 8 19581115 SYR 2
Greer Hal greerha01 7 19581115 SYR 2
Hopkins Bob hopkibo01 6 19581115 SYR 2
Conlin Ed conlied01 4 19581115 SYR 2
Dierking Connie dierkco01 3 19581115 SYR 2
Baylor Elgin bayloel01 18 19581116 MNL 2
Krebs Jim krebsji01 15 19581116 MNL 2
Garmaker Dick garmadi01 15 19581116 MNL 2
Hundley Hot_Rod hundlho01 11 19581116 MNL 2
Mikkelsen Vern mikkeve01 8 19581116 MNL 2
Leonard Slick leonasl01 6 19581116 MNL 2
Foust Larry foustla01 5 19581116 MNL 2
Hamilton Steve hamilst01 4 19581116 MNL 2
Fleming Ed flemied01 4 19581116 MNL 2
Ellis Boo ellisbo01 4 19581116 MNL 2
Tyra Charlie tyrach01 22 19581116 NYK 1
Naulls Willie naullwi01 19 19581116 NYK 1
Braun Carl braunca01 15 19581116 NYK 1
Sobie Ron sobiero01 12 19581116 NYK 1
Sears Kenny searske01 10 19581116 NYK 1
Guerin Richie gueriri01 9 19581116 NYK 1
Farmer Mike farmemi01 6 19581116 NYK 1
Selvy Frank selvyfr01 3 19581116 NYK 1
Sparrow Guy sparrgu01 2 19581116 NYK 1
Felix Ray felixra01 0 19581116 NYK 1
Braun Carl braunca01 26 19581121 NYK 1
Guerin Richie gueriri01 23 19581121 NYK 1
Sears Kenny searske01 19 19581121 NYK 1
Naulls Willie naullwi01 12 19581121 NYK 1
Tyra Charlie tyrach01 12 19581121 NYK 1
Sobie Ron sobiero01 5 19581121 NYK 1
Felix Ray felixra01 5 19581121 NYK 1
Sparrow Guy sparrgu01 4 19581121 NYK 1
Farmer Mike farmemi01 4 19581121 NYK 1
Selvy Frank selvyfr01 2 19581121 NYK 1
Russell Bill russebi01 25 19581121 BOS 2
Ramsey Frank ramsefr01 23 19581121 BOS 2
Jones Sam jonessa01 15 19581121 BOS 2
Sharman Bill sharmbi01 14 19581121 BOS 2
Heinsohn Tom heinsto01 12 19581121 BOS 2
Swain Bennie swainbe01 6 19581121 BOS 2
Loscutoff Jim loscuji01 4 19581121 BOS 2
Tsioropoulos Lou tsiorlo01 3 19581121 BOS 2
Jones K.C. joneskc01 3 19581121 BOS 2
Cousy Bob cousybo01 1 19581121 BOS 2
Schayes Dolph schaydo01 17 19581122 SYR 2
Costello Larry costela01 16 19581122 SYR 2
Bianchi Al biancal01 13 19581122 SYR 2
Palazzi Togo palazto01 12 19581122 SYR 2
Greer Hal greerha01 8 19581122 SYR 2
Conlin Ed conlied01 8 19581122 SYR 2
Kerr Red kerrre01 7 19581122 SYR 2
Hopkins Bob hopkibo01 7 19581122 SYR 2
Dierking Connie dierkco01 7 19581122 SYR 2
Seymour Paul seymopa01 4 19581122 SYR 2
Sears Kenny searske01 23 19581122 NYK 1
Naulls Willie naullwi01 17 19581122 NYK 1
Tyra Charlie tyrach01 15 19581122 NYK 1
Selvy Frank selvyfr01 14 19581122 NYK 1
Sobie Ron sobiero01 12 19581122 NYK 1
Guerin Richie gueriri01 9 19581122 NYK 1
Sparrow Guy sparrgu01 8 19581122 NYK 1
Felix Ray felixra01 7 19581122 NYK 1
Braun Carl braunca01 4 19581122 NYK 1
Bird Jerry birdje01 2 19581122 NYK 1
Brennan Pete brennpe01 2 19581122 NYK 1
Farmer Mike farmemi01 1 19581122 NYK 1
Twyman Jack twymaja01 26 19581125 CIN 1
Green Si greensi01 20 19581125 CIN 1
Piontek Dave piontda01 20 19581125 CIN 1
Bockhorn Bucky bockhbu01 15 19581125 CIN 1
Dees Archie deesar01 12 19581125 CIN 1
Palmer Jim palmeji01 10 19581125 CIN 1
Embry Wayne embrywa01 6 19581125 CIN 1
Parr Jack parrja01 2 19581125 CIN 1
Marshall Tom marshto01 2 19581125 CIN 1
Hatton Vern hattove01 2 19581125 CIN 1
Sears Kenny searske01 23 19581125 NYK 0
Guerin Richie gueriri01 16 19581125 NYK 0
Tyra Charlie tyrach01 13 19581125 NYK 0
Sparrow Guy sparrgu01 12 19581125 NYK 0
Sobie Ron sobiero01 12 19581125 NYK 0
Felix Ray felixra01 11 19581125 NYK 0
Braun Carl braunca01 8 19581125 NYK 0
Farmer Mike farmemi01 8 19581125 NYK 0
Selvy Frank selvyfr01 4 19581125 NYK 0
Naulls Willie naullwi01 4 19581125 NYK 0
Brennan Pete brennpe01 2 19581125 NYK 0
Jordon Phil jordoph01 24 19581126 DET 1
Shue Gene shuege01 19 19581126 DET 1
Yardley George yardlge01 17 19581126 DET 1
Noble Chuck noblech01 13 19581126 DET 1
McGuire Dick mcguidi01 13 19581126 DET 1
Dukes Walter dukeswa01 12 19581126 DET 1
Farley Dick farledi01 6 19581126 DET 1
Lloyd Earl lloydea01 5 19581126 DET 1
Holup Joe holupjo01 3 19581126 DET 1
Cable Barney cableba01 0 19581126 DET 1
Twyman Jack twymaja01 19 19581126 CIN 0
Dees Archie deesar01 18 19581126 CIN 0
Palmer Jim palmeji01 17 19581126 CIN 0
Embry Wayne embrywa01 11 19581126 CIN 0
Bockhorn Bucky bockhbu01 10 19581126 CIN 0
Green Si greensi01 10 19581126 CIN 0
Piontek Dave piontda01 4 19581126 CIN 0
Parr Jack parrja01 2 19581126 CIN 0
Marshall Tom marshto01 2 19581126 CIN 0
Hatton Vern hattove01 2 19581126 CIN 0
Costello Larry costela01 20 19581128 SYR 2
Conlin Ed conlied01 18 19581128 SYR 2
Kerr Red kerrre01 15 19581128 SYR 2
Greer Hal greerha01 10 19581128 SYR 2
Schayes Dolph schaydo01 9 19581128 SYR 2
Palazzi Togo palazto01 8 19581128 SYR 2
Hopkins Bob hopkibo01 7 19581128 SYR 2
Bianchi Al biancal01 6 19581128 SYR 2
Dierking Connie dierkco01 0 19581128 SYR 2
Noble Chuck noblech01 20 19581128 DET 1
Jordon Phil jordoph01 19 19581128 DET 1
Holup Joe holupjo01 19 19581128 DET 1
Dukes Walter dukeswa01 15 19581128 DET 1
Farley Dick farledi01 12 19581128 DET 1
Yardley George yardlge01 7 19581128 DET 1
Lloyd Earl lloydea01 6 19581128 DET 1
Shue Gene shuege01 3 19581128 DET 1
McGuire Dick mcguidi01 0 19581128 DET 1
McMillon Shellie mcmilsh01 14 19581129 DET 0
Shue Gene shuege01 14 19581129 DET 0
Farley Dick farledi01 14 19581129 DET 0
Lloyd Earl lloydea01 9 19581129 DET 0
Cable Barney cableba01 8 19581129 DET 0
Yardley George yardlge01 8 19581129 DET 0
Noble Chuck noblech01 8 19581129 DET 0
Holup Joe holupjo01 7 19581129 DET 0
Jordon Phil jordoph01 5 19581129 DET 0
Dukes Walter dukeswa01 5 19581129 DET 0
McGuire Dick mcguidi01 4 19581129 DET 0
Heinsohn Tom heinsto01 19 19581129 BOS 1
Russell Bill russebi01 15 19581129 BOS 1
Loscutoff Jim loscuji01 14 19581129 BOS 1
Swain Bennie swainbe01 14 19581129 BOS 1
Cousy Bob cousybo01 12 19581129 BOS 1
Ramsey Frank ramsefr01 11 19581129 BOS 1
Sharman Bill sharmbi01 10 19581129 BOS 1
Jones Sam jonessa01 7 19581129 BOS 1
Conley Gene conlege01 3 19581129 BOS 1
Tsioropoulos Lou tsiorlo01 3 19581129 BOS 1
Jones K.C. joneskc01 2 19581129 BOS 1
Sharman Bill sharmbi01 23 19581202 BOS 1
Cousy Bob cousybo01 18 19581202 BOS 1
Russell Bill russebi01 17 19581202 BOS 1
Heinsohn Tom heinsto01 17 19581202 BOS 1
Ramsey Frank ramsefr01 9 19581202 BOS 1
Loscutoff Jim loscuji01 9 19581202 BOS 1
Jones Sam jonessa01 9 19581202 BOS 1
Swain Bennie swainbe01 5 19581202 BOS 1
Jones K.C. joneskc01 2 19581202 BOS 1
Conley Gene conlege01 0 19581202 BOS 1
Tsioropoulos Lou tsiorlo01 0 19581202 BOS 1
Sears Kenny searske01 19 19581202 NYK 2
Guerin Richie gueriri01 12 19581202 NYK 2
Braun Carl braunca01 12 19581202 NYK 2
Selvy Frank selvyfr01 10 19581202 NYK 2
Tyra Charlie tyrach01 10 19581202 NYK 2
Sparrow Guy sparrgu01 8 19581202 NYK 2
Felix Ray felixra01 7 19581202 NYK 2
Sobie Ron sobiero01 6 19581202 NYK 2
Bird Jerry birdje01 6 19581202 NYK 2
Naulls Willie naullwi01 0 19581202 NYK 2
Hagan Cliff hagancl01 39 19581203 STL 1
Pettit Bob pettibo01 34 19581203 STL 1
Lovellette Clyde lovelcl01 16 19581203 STL 1
Martin Slater martisl01 12 19581203 STL 1
McMahon Jack mcmahja01 7 19581203 STL 1
Reed Hub reedhu01 6 19581203 STL 1
Share Chuck sharech01 3 19581203 STL 1
Ferrari Al ferraal01 2 19581203 STL 1
Wilfong Win wilfowi01 0 19581203 STL 1
Sharman Bill sharmbi01 28 19581203 BOS 0
Swain Bennie swainbe01 22 19581203 BOS 0
Ramsey Frank ramsefr01 20 19581203 BOS 0
Cousy Bob cousybo01 14 19581203 BOS 0
Russell Bill russebi01 12 19581203 BOS 0
Tsioropoulos Lou tsiorlo01 8 19581203 BOS 0
Jones Sam jonessa01 5 19581203 BOS 0
Loscutoff Jim loscuji01 1 19581203 BOS 0
Hagan Cliff hagancl01 37 19581204 STL 1
Pettit Bob pettibo01 19 19581204 STL 1
Lovellette Clyde lovelcl01 18 19581204 STL 1
McMahon Jack mcmahja01 12 19581204 STL 1
Ferrari Al ferraal01 7 19581204 STL 1
Martin Slater martisl01 6 19581204 STL 1
Reed Hub reedhu01 4 19581204 STL 1
Park Med parkme01 2 19581204 STL 1
Share Chuck sharech01 2 19581204 STL 1
Wilfong Win wilfowi01 0 19581204 STL 1
Arizin Paul arizipa01 24 19581204 PHW 2
Sauldsberry Woody sauldwo01 16 19581204 PHW 2
George Jack georgja01 11 19581204 PHW 2
Rollins Phil rolliph01 10 19581204 PHW 2
Graboski Joe grabojo01 10 19581204 PHW 2
Beck Ernie becker01 8 19581204 PHW 2
Rosenbluth Lennie rosenle01 6 19581204 PHW 2
Johnson Andy johnsan01 4 19581204 PHW 2
Dempsey George dempsge01 2 19581204 PHW 2
Gola Tom golato01 1 19581204 PHW 2
Arizin Paul arizipa01 29 19581206 PHW 2
Sauldsberry Woody sauldwo01 19 19581206 PHW 2
Graboski Joe grabojo01 14 19581206 PHW 2
George Jack georgja01 14 19581206 PHW 2
Gola Tom golato01 13 19581206 PHW 2
Johnson Andy johnsan01 4 19581206 PHW 2
Rollins Phil rolliph01 2 19581206 PHW 2
Beck Ernie becker01 2 19581206 PHW 2
Dempsey George dempsge01 0 19581206 PHW 2
Pettit Bob pettibo01 29 19581206 STL 1
Hagan Cliff hagancl01 29 19581206 STL 1
Lovellette Clyde lovelcl01 16 19581206 STL 1
Martin Slater martisl01 11 19581206 STL 1
McMahon Jack mcmahja01 9 19581206 STL 1
Reed Hub reedhu01 8 19581206 STL 1
Share Chuck sharech01 3 19581206 STL 1
Park Med parkme01 2 19581206 STL 1
Ferrari Al ferraal01 0 19581206 STL 1
Wilfong Win wilfowi01 0 19581206 STL 1
Hagan Cliff hagancl01 21 19581210 STL 0
Pettit Bob pettibo01 18 19581210 STL 0
Reed Hub reedhu01 8 19581210 STL 0
Ferrari Al ferraal01 8 19581210 STL 0
Park Med parkme01 6 19581210 STL 0
Martin Slater martisl01 6 19581210 STL 0
Wilfong Win wilfowi01 6 19581210 STL 0
Lovellette Clyde lovelcl01 5 19581210 STL 0
McMahon Jack mcmahja01 4 19581210 STL 0
Share Chuck sharech01 0 19581210 STL 0
Jordon Phil jordoph01 12 19581210 DET 1
Dukes Walter dukeswa01 12 19581210 DET 1
McMillon Shellie mcmilsh01 10 19581210 DET 1
Holup Joe holupjo01 10 19581210 DET 1
McGuire Dick mcguidi01 9 19581210 DET 1
Lloyd Earl lloydea01 9 19581210 DET 1
Shue Gene shuege01 8 19581210 DET 1
Yardley George yardlge01 7 19581210 DET 1
Farley Dick farledi01 6 19581210 DET 1
Noble Chuck noblech01 6 19581210 DET 1
Cable Barney cableba01 0 19581210 DET 1
Pettit Bob pettibo01 27 19581211 STL 2
Hagan Cliff hagancl01 22 19581211 STL 2
McMahon Jack mcmahja01 8 19581211 STL 2
Share Chuck sharech01 5 19581211 STL 2
Martin Slater martisl01 0 19581211 STL 2
Wilfong Win wilfowi01 21 19581211 STL 2
Reed Hub reedhu01 12 19581211 STL 2
Ferrari Al ferraal01 6 19581211 STL 2
Yardley George yardlge01 37 19581211 DET 1
Shue Gene shuege01 32 19581211 DET 1
Jordon Phil jordoph01 16 19581211 DET 1
Dukes Walter dukeswa01 11 19581211 DET 1
McGuire Dick mcguidi01 9 19581211 DET 1
Lloyd Earl lloydea01 2 19581211 DET 1
Farley Dick farledi01 0 19581211 DET 1
Beck Ernie becker01 20 19581212 PHW 2
Rodgers Guy rodgegu01 16 19581212 PHW 2
George Jack georgja01 16 19581212 PHW 2
Sauldsberry Woody sauldwo01 14 19581212 PHW 2
Arizin Paul arizipa01 12 19581212 PHW 2
Gola Tom golato01 8 19581212 PHW 2
Dempsey George dempsge01 5 19581212 PHW 2
Johnson Andy johnsan01 3 19581212 PHW 2
Graboski Joe grabojo01 1 19581212 PHW 2
Jordon Phil jordoph01 32 19581212 DET 1
Yardley George yardlge01 19 19581212 DET 1
Dukes Walter dukeswa01 13 19581212 DET 1
Shue Gene shuege01 12 19581212 DET 1
Farley Dick farledi01 8 19581212 DET 1
Lloyd Earl lloydea01 7 19581212 DET 1
McGuire Dick mcguidi01 5 19581212 DET 1
Holup Joe holupjo01 1 19581212 DET 1
Noble Chuck noblech01 0 19581212 DET 1
Costello Larry costela01 23 19581214 SYR 1
Schayes Dolph schaydo01 23 19581214 SYR 1
Kerr Red kerrre01 14 19581214 SYR 1
Bianchi Al biancal01 16 19581214 SYR 1
Conlin Ed conlied01 13 19581214 SYR 1
Hopkins Bob hopkibo01 10 19581214 SYR 1
Seymour Paul seymopa01 1 19581214 SYR 1
Dierking Connie dierkco01 1 19581214 SYR 1
Palazzi Togo palazto01 0 19581214 SYR 1
Jordon Phil jordoph01 19 19581214 DET 0
McGuire Dick mcguidi01 22 19581214 DET 0
Dukes Walter dukeswa01 9 19581214 DET 0
Farley Dick farledi01 16 19581214 DET 0
Yardley George yardlge01 10 19581214 DET 0
Shue Gene shuege01 6 19581214 DET 0
Lloyd Earl lloydea01 4 19581214 DET 0
Holup Joe holupjo01 1 19581214 DET 0
Noble Chuck noblech01 8 19581214 DET 0
McMillon Shellie mcmilsh01 0 19581214 DET 0
Cable Barney cableba01 0 19581214 DET 0
Schayes Dolph schaydo01 23 19581216 SYR 0
Conlin Ed conlied01 16 19581216 SYR 0
Costello Larry costela01 15 19581216 SYR 0
Hopkins Bob hopkibo01 11 19581216 SYR 0
Bianchi Al biancal01 10 19581216 SYR 0
Palazzi Togo palazto01 9 19581216 SYR 0
Kerr Red kerrre01 8 19581216 SYR 0
Greer Hal greerha01 6 19581216 SYR 0
Dierking Connie dierkco01 4 19581216 SYR 0
Seymour Paul seymopa01 2 19581216 SYR 0
Ramsey Frank ramsefr01 25 19581216 BOS 1
Heinsohn Tom heinsto01 16 19581216 BOS 1
Cousy Bob cousybo01 14 19581216 BOS 1
Sharman Bill sharmbi01 11 19581216 BOS 1
Russell Bill russebi01 10 19581216 BOS 1
Jones Sam jonessa01 10 19581216 BOS 1
Loscutoff Jim loscuji01 8 19581216 BOS 1
Tsioropoulos Lou tsiorlo01 8 19581216 BOS 1
Swain Bennie swainbe01 6 19581216 BOS 1
Conley Gene conlege01 0 19581216 BOS 1
Jones K.C. joneskc01 0 19581216 BOS 1
Sharman Bill sharmbi01 25 19581217 BOS 1
Cousy Bob cousybo01 21 19581217 BOS 1
Loscutoff Jim loscuji01 11 19581217 BOS 1
Ramsey Frank ramsefr01 10 19581217 BOS 1
Tsioropoulos Lou tsiorlo01 10 19581217 BOS 1
Heinsohn Tom heinsto01 9 19581217 BOS 1
Russell Bill russebi01 7 19581217 BOS 1
Jones Sam jonessa01 4 19581217 BOS 1
Swain Bennie swainbe01 3 19581217 BOS 1
Conley Gene conlege01 2 19581217 BOS 1
Yardley George yardlge01 33 19581217 DET 2
Dukes Walter dukeswa01 16 19581217 DET 2
Farley Dick farledi01 11 19581217 DET 2
Cable Barney cableba01 10 19581217 DET 2
Shue Gene shuege01 8 19581217 DET 2
Jordon Phil jordoph01 7 19581217 DET 2
McGuire Dick mcguidi01 6 19581217 DET 2
Lloyd Earl lloydea01 2 19581217 DET 2
Noble Chuck noblech01 2 19581217 DET 2
McMillon Shellie mcmilsh01 0 19581217 DET 2
Holup Joe holupjo01 0 19581217 DET 2
Sharman Bill sharmbi01 21 19581218 BOS 1
Cousy Bob cousybo01 19 19581218 BOS 1
Russell Bill russebi01 16 19581218 BOS 1
Loscutoff Jim loscuji01 15 19581218 BOS 1
Jones Sam jonessa01 12 19581218 BOS 1
Ramsey Frank ramsefr01 10 19581218 BOS 1
Heinsohn Tom heinsto01 9 19581218 BOS 1
Swain Bennie swainbe01 2 19581218 BOS 1
Tsioropoulos Lou tsiorlo01 0 19581218 BOS 1
Twyman Jack twymaja01 26 19581218 CIN 2
Dees Archie deesar01 16 19581218 CIN 2
Bockhorn Bucky bockhbu01 12 19581218 CIN 2
Palmer Jim palmeji01 12 19581218 CIN 2
Piontek Dave piontda01 10 19581218 CIN 2
McCarthy Johnny mccarjo01 10 19581218 CIN 2
Parr Jack parrja01 4 19581218 CIN 2
Staverman Larry stavela01 0 19581218 CIN 2
Rollins Phil rolliph01 0 19581218 CIN 2
Sears Kenny searske01 16 19581220 NYK 2
Guerin Richie gueriri01 16 19581220 NYK 2
Sobie Ron sobiero01 15 19581220 NYK 2
Felix Ray felixra01 13 19581220 NYK 2
Selvy Frank selvyfr01 12 19581220 NYK 2
Sparrow Guy sparrgu01 11 19581220 NYK 2
Naulls Willie naullwi01 9 19581220 NYK 2
Braun Carl braunca01 8 19581220 NYK 2
Bird Jerry birdje01 6 19581220 NYK 2
Farmer Mike farmemi01 0 19581220 NYK 2
Jones Sam jonessa01 11 19581220 BOS 1
Swain Bennie swainbe01 13 19581220 BOS 1
Cousy Bob cousybo01 21 19581220 BOS 1
Ramsey Frank ramsefr01 19 19581220 BOS 1
Russell Bill russebi01 18 19581220 BOS 1
Loscutoff Jim loscuji01 14 19581220 BOS 1
Sharman Bill sharmbi01 11 19581220 BOS 1
Tsioropoulos Lou tsiorlo01 9 19581220 BOS 1
Heinsohn Tom heinsto01 8 19581220 BOS 1
Jones K.C. joneskc01 7 19581220 BOS 1
Conley Gene conlege01 4 19581220 BOS 1
Russell Bill russebi01 32 19581225 BOS 1
Cousy Bob cousybo01 21 19581225 BOS 1
Sharman Bill sharmbi01 19 19581225 BOS 1
Ramsey Frank ramsefr01 18 19581225 BOS 1
Jones Sam jonessa01 15 19581225 BOS 1
Heinsohn Tom heinsto01 13 19581225 BOS 1
Loscutoff Jim loscuji01 6 19581225 BOS 1
Swain Bennie swainbe01 3 19581225 BOS 1
Tsioropoulos Lou tsiorlo01 2 19581225 BOS 1
Guerin Richie gueriri01 34 19581225 NYK 2
Sears Kenny searske01 23 19581225 NYK 2
Braun Carl braunca01 14 19581225 NYK 2
Sparrow Guy sparrgu01 11 19581225 NYK 2
Naulls Willie naullwi01 10 19581225 NYK 2
Farmer Mike farmemi01 10 19581225 NYK 2
Selvy Frank selvyfr01 8 19581225 NYK 2
Felix Ray felixra01 6 19581225 NYK 2
Sobie Ron sobiero01 4 19581225 NYK 2
Tyra Charlie tyrach01 0 19581225 NYK 2
Mikkelsen Vern mikkeve01 20 19581226 MNL 2
Baylor Elgin bayloel01 15 19581226 MNL 2
Garmaker Dick garmadi01 12 19581226 MNL 2
Foust Larry foustla01 12 19581226 MNL 2
Fleming Ed flemied01 11 19581226 MNL 2
Krebs Jim krebsji01 10 19581226 MNL 2
Leonard Slick leonasl01 10 19581226 MNL 2
Ellis Boo ellisbo01 5 19581226 MNL 2
Hamilton Steve hamilst01 4 19581226 MNL 2
Hundley Hot_Rod hundlho01 0 19581226 MNL 2
Ramsey Frank ramsefr01 26 19581226 BOS 1
Cousy Bob cousybo01 20 19581226 BOS 1
Sharman Bill sharmbi01 16 19581226 BOS 1
Russell Bill russebi01 15 19581226 BOS 1
Loscutoff Jim loscuji01 12 19581226 BOS 1
Heinsohn Tom heinsto01 12 19581226 BOS 1
Swain Bennie swainbe01 4 19581226 BOS 1
Jones Sam jonessa01 2 19581226 BOS 1
Tsioropoulos Lou tsiorlo01 0 19581226 BOS 1
Cousy Bob cousybo01 34 19581227 BOS 1
Sharman Bill sharmbi01 24 19581227 BOS 1
Ramsey Frank ramsefr01 16 19581227 BOS 1
Russell Bill russebi01 13 19581227 BOS 1
Jones Sam jonessa01 9 19581227 BOS 1
Loscutoff Jim loscuji01 7 19581227 BOS 1
Tsioropoulos Lou tsiorlo01 6 19581227 BOS 1
Swain Bennie swainbe01 3 19581227 BOS 1
Jones K.C. joneskc01 0 19581227 BOS 1
Heinsohn Tom heinsto01 0 19581227 BOS 1
Mikkelsen Vern mikkeve01 16 19581227 MNL 2
Hundley Hot_Rod hundlho01 15 19581227 MNL 2
Foust Larry foustla01 15 19581227 MNL 2
Leonard Slick leonasl01 14 19581227 MNL 2
Ellis Boo ellisbo01 10 19581227 MNL 2
Baylor Elgin bayloel01 8 19581227 MNL 2
Krebs Jim krebsji01 7 19581227 MNL 2
Fleming Ed flemied01 6 19581227 MNL 2
Garmaker Dick garmadi01 3 19581227 MNL 2
Hamilton Steve hamilst01 0 19581227 MNL 2
Hopkins Bob hopkibo01 25 19581229 SYR 2
Schayes Dolph schaydo01 22 19581229 SYR 2
Kerr Red kerrre01 15 19581229 SYR 2
Costello Larry costela01 11 19581229 SYR 2
Bianchi Al biancal01 10 19581229 SYR 2
Conlin Ed conlied01 8 19581229 SYR 2
Greer Hal greerha01 4 19581229 SYR 2
Dempsey George dempsge01 4 19581229 SYR 2
Palazzi Togo palazto01 4 19581229 SYR 2
Dierking Connie dierkco01 2 19581229 SYR 2
Russell Bill russebi01 28 19581229 BOS 1
Cousy Bob cousybo01 24 19581229 BOS 1
Sharman Bill sharmbi01 20 19581229 BOS 1
Ramsey Frank ramsefr01 15 19581229 BOS 1
Jones Sam jonessa01 7 19581229 BOS 1
Heinsohn Tom heinsto01 7 19581229 BOS 1
Loscutoff Jim loscuji01 6 19581229 BOS 1
Tsioropoulos Lou tsiorlo01 0 19581229 BOS 1
Sharman Bill sharmbi01 26 19581230 BOS 0
Cousy Bob cousybo01 25 19581230 BOS 0
Heinsohn Tom heinsto01 18 19581230 BOS 0
Ramsey Frank ramsefr01 12 19581230 BOS 0
Russell Bill russebi01 11 19581230 BOS 0
Jones Sam jonessa01 6 19581230 BOS 0
Tsioropoulos Lou tsiorlo01 3 19581230 BOS 0
Swain Bennie swainbe01 2 19581230 BOS 0
Loscutoff Jim loscuji01 1 19581230 BOS 0
Jones K.C. joneskc01 1 19581230 BOS 0
Arizin Paul arizipa01 35 19581230 PHW 1
Graboski Joe grabojo01 24 19581230 PHW 1
Sauldsberry Woody sauldwo01 24 19581230 PHW 1
Gola Tom golato01 15 19581230 PHW 1
Rodgers Guy rodgegu01 10 19581230 PHW 1
George Jack georgja01 2 19581230 PHW 1
Beck Ernie becker01 2 19581230 PHW 1
Johnson Andy johnsan01 0 19581230 PHW 1
Hatton Vern hattove01 0 19581230 PHW 1
