Curry Stephen curryst01 36 20140102 GSW 1
Thompson Klay thompkl01 16 20140102 GSW 1
Lee David leeda02 32 20140102 GSW 1
Iguodala Andre iguodan01 8 20140102 GSW 1
Bogut Andrew bogutan01 6 20140102 GSW 1
Barnes Harrison barneha02 15 20140102 GSW 1
Green Draymond greendr01 4 20140102 GSW 1
Speights Marreese speigma01 4 20140102 GSW 1
Bazemore Kent bazemke01 2 20140102 GSW 1
Douglas Toney douglto01 0 20140102 GSW 1
James LeBron jamesle01 26 20140102 MIA 2
Wade Dwyane wadedw01 22 20140102 MIA 2
Bosh Chris boshch01 19 20140102 MIA 2
Chalmers Mario chalmma01 17 20140102 MIA 2
Battier Shane battish01 11 20140102 MIA 2
Cole Norris coleno01 7 20140102 MIA 2
Allen Ray allenra02 5 20140102 MIA 2
Andersen Chris anderch01 2 20140102 MIA 2
Beasley Michael beaslmi01 5 20140102 MIA 2
Thompson Klay thompkl01 21 20140103 GSW 1
Lee David leeda02 23 20140103 GSW 1
Curry Stephen curryst01 22 20140103 GSW 1
Iguodala Andre iguodan01 7 20140103 GSW 1
Bogut Andrew bogutan01 6 20140103 GSW 1
Barnes Harrison barneha02 9 20140103 GSW 1
Green Draymond greendr01 0 20140103 GSW 1
Bazemore Kent bazemke01 4 20140103 GSW 1
Speights Marreese speigma01 5 20140103 GSW 1
Douglas Toney douglto01 4 20140103 GSW 1
Millsap Paul millspa01 12 20140103 ATL 2
Korver Kyle korveky01 5 20140103 ATL 2
Carroll DeMarre carrode01 12 20140103 ATL 2
Teague Jeff teaguje01 14 20140103 ATL 2
Antić Pero anticpe01 16 20140103 ATL 2
Mack Shelvin macksh01 15 20140103 ATL 2
Williams Lou willilo02 8 20140103 ATL 2
Scott Mike scottmi01 12 20140103 ATL 2
Brand Elton brandel01 6 20140103 ATL 2
Lee David leeda02 21 20140105 GSW 1
Curry Stephen curryst01 14 20140105 GSW 1
Thompson Klay thompkl01 26 20140105 GSW 1
Iguodala Andre iguodan01 9 20140105 GSW 1
Bogut Andrew bogutan01 15 20140105 GSW 1
Barnes Harrison barneha02 13 20140105 GSW 1
Speights Marreese speigma01 7 20140105 GSW 1
Douglas Toney douglto01 2 20140105 GSW 1
Bazemore Kent bazemke01 2 20140105 GSW 1
Green Draymond greendr01 3 20140105 GSW 1
Kuzmić Ognjen kuzmiog01 0 20140105 GSW 1
Wall John walljo01 14 20140105 WAS 2
Ariza Trevor arizatr01 4 20140105 WAS 2
Beal Bradley bealbr01 9 20140105 WAS 2
Booker Trevor booketr01 8 20140105 WAS 2
Gortat Marcin gortama01 10 20140105 WAS 2
Webster Martell webstma02 11 20140105 WAS 2
Hilário Nenê hilarne01 14 20140105 WAS 2
Porter Otto porteot01 4 20140105 WAS 2
Veselý Jan veselja01 8 20140105 WAS 2
Temple Garrett templga01 7 20140105 WAS 2
Singleton Chris singlch01 7 20140105 WAS 2
Curry Stephen curryst01 15 20140107 GSW 1
Lee David leeda02 22 20140107 GSW 1
Iguodala Andre iguodan01 11 20140107 GSW 1
Thompson Klay thompkl01 15 20140107 GSW 1
Bogut Andrew bogutan01 8 20140107 GSW 1
Barnes Harrison barneha02 6 20140107 GSW 1
Green Draymond greendr01 4 20140107 GSW 1
Speights Marreese speigma01 5 20140107 GSW 1
Bazemore Kent bazemke01 6 20140107 GSW 1
Douglas Toney douglto01 8 20140107 GSW 1
Kuzmić Ognjen kuzmiog01 1 20140107 GSW 1
Knight Brandon knighbr03 18 20140107 MIL 2
İlyasova Ersan ilyaser01 20 20140107 MIL 2
Sanders Larry sandela01 5 20140107 MIL 2
Ridnour Luke ridnolu01 4 20140107 MIL 2
Antetokounmpo Giannis antetgi01 2 20140107 MIL 2
Middleton Khris middlkh01 10 20140107 MIL 2
Mayo O.J. mayooj01 13 20140107 MIL 2
Butler Caron butleca01 2 20140107 MIL 2
Udoh Ekpe udohek01 1 20140107 MIL 2
Raduljica Miroslav radulmi01 4 20140107 MIL 2
Wolters Nate woltena01 1 20140107 MIL 2
Curry Stephen curryst01 34 20140108 GSW 0
Thompson Klay thompkl01 14 20140108 GSW 0
Lee David leeda02 20 20140108 GSW 0
Bogut Andrew bogutan01 10 20140108 GSW 0
Iguodala Andre iguodan01 3 20140108 GSW 0
Barnes Harrison barneha02 6 20140108 GSW 0
Green Draymond greendr01 4 20140108 GSW 0
Speights Marreese speigma01 6 20140108 GSW 0
Bazemore Kent bazemke01 1 20140108 GSW 0
Douglas Toney douglto01 0 20140108 GSW 0
Johnson Joe johnsjo02 27 20140108 BRK 1
Livingston Shaun livinsh01 13 20140108 BRK 1
Pierce Paul piercpa01 11 20140108 BRK 1
Anderson Alan anderal01 2 20140108 BRK 1
Garnett Kevin garneke01 13 20140108 BRK 1
Teletović Mirza teletmi01 8 20140108 BRK 1
Blatche Andray blatcan01 17 20140108 BRK 1
Kirilenko Andrei kirilan01 8 20140108 BRK 1
Terry Jason terryja01 3 20140108 BRK 1
Cole Norris coleno01 18 20140110 MIA 2
James LeBron jamesle01 36 20140110 MIA 2
Bosh Chris boshch01 10 20140110 MIA 2
Allen Ray allenra02 9 20140110 MIA 2
Lewis Rashard lewisra02 12 20140110 MIA 2
Andersen Chris anderch01 4 20140110 MIA 2
Mason Roger masonro01 3 20140110 MIA 2
Beasley Michael beaslmi01 3 20140110 MIA 2
Livingston Shaun livinsh01 19 20140110 BRK 1
Johnson Joe johnsjo02 32 20140110 BRK 1
Pierce Paul piercpa01 23 20140110 BRK 1
Garnett Kevin garneke01 12 20140110 BRK 1
Anderson Alan anderal01 2 20140110 BRK 1
Kirilenko Andrei kirilan01 1 20140110 BRK 1
Terry Jason terryja01 2 20140110 BRK 1
Teletović Mirza teletmi01 3 20140110 BRK 1
Blatche Andray blatcan01 8 20140110 BRK 1
Evans Reggie evansre01 2 20140110 BRK 1
Taylor Tyshawn tayloty01 0 20140110 BRK 1
Plumlee Mason plumlma01 0 20140110 BRK 1
Johnson Joe johnsjo02 11 20140111 BRK 0
Anderson Alan anderal01 13 20140111 BRK 0
Pierce Paul piercpa01 15 20140111 BRK 0
Livingston Shaun livinsh01 8 20140111 BRK 0
Plumlee Mason plumlma01 6 20140111 BRK 0
Teletović Mirza teletmi01 8 20140111 BRK 0
Kirilenko Andrei kirilan01 6 20140111 BRK 0
Terry Jason terryja01 5 20140111 BRK 0
Blatche Andray blatcan01 6 20140111 BRK 0
Evans Reggie evansre01 0 20140111 BRK 0
Taylor Tyshawn tayloty01 0 20140111 BRK 0
Shengelia Tornike shengto01 2 20140111 BRK 0
DeRozan DeMar derozde01 26 20140111 TOR 1
Lowry Kyle lowryky01 12 20140111 TOR 1
Ross Terrence rosste01 14 20140111 TOR 1
Johnson Amir johnsam01 3 20140111 TOR 1
Valančiūnas Jonas valanjo01 8 20140111 TOR 1
Patterson Patrick pattepa01 14 20140111 TOR 1
Salmons John salmojo01 13 20140111 TOR 1
Hayes Chuck hayesch01 4 20140111 TOR 1
Vásquez Greivis vasqugr01 2 20140111 TOR 1
Novak Steve novakst01 0 20140111 TOR 1
Stone Julyan stoneju01 0 20140111 TOR 1
Middleton Khris middlkh01 2 20140113 MIL 2
İlyasova Ersan ilyaser01 29 20140113 MIL 2
Antetokounmpo Giannis antetgi01 11 20140113 MIL 2
Knight Brandon knighbr03 16 20140113 MIL 2
Sanders Larry sandela01 6 20140113 MIL 2
Ridnour Luke ridnolu01 7 20140113 MIL 2
Mayo O.J. mayooj01 5 20140113 MIL 2
Henson John hensojo01 8 20140113 MIL 2
Butler Caron butleca01 5 20140113 MIL 2
Raduljica Miroslav radulmi01 5 20140113 MIL 2
Wolters Nate woltena01 0 20140113 MIL 2
DeRozan DeMar derozde01 19 20140113 TOR 1
Valančiūnas Jonas valanjo01 17 20140113 TOR 1
Lowry Kyle lowryky01 23 20140113 TOR 1
Ross Terrence rosste01 8 20140113 TOR 1
Johnson Amir johnsam01 6 20140113 TOR 1
Salmons John salmojo01 10 20140113 TOR 1
Patterson Patrick pattepa01 18 20140113 TOR 1
Vásquez Greivis vasqugr01 8 20140113 TOR 1
Hayes Chuck hayesch01 2 20140113 TOR 1
Novak Steve novakst01 3 20140113 TOR 1
Fields Landry fieldla01 0 20140113 TOR 1
Daye Austin dayeau01 2 20140113 TOR 1
Lowry Kyle lowryky01 18 20140115 TOR 0
DeRozan DeMar derozde01 23 20140115 TOR 0
Johnson Amir johnsam01 6 20140115 TOR 0
Ross Terrence rosste01 8 20140115 TOR 0
Valančiūnas Jonas valanjo01 5 20140115 TOR 0
Salmons John salmojo01 13 20140115 TOR 0
Patterson Patrick pattepa01 2 20140115 TOR 0
Hayes Chuck hayesch01 2 20140115 TOR 0
Novak Steve novakst01 6 20140115 TOR 0
Vásquez Greivis vasqugr01 0 20140115 TOR 0
Fields Landry fieldla01 0 20140115 TOR 0
Sullinger Jared sullija01 25 20140115 BOS 1
Green Jeff greenje02 13 20140115 BOS 1
Bradley Avery bradlav01 20 20140115 BOS 1
Pressey Phil pressph01 0 20140115 BOS 1
Humphries Kris humphkr01 12 20140115 BOS 1
Bass Brandon bassbr01 7 20140115 BOS 1
Wallace Gerald wallage01 7 20140115 BOS 1
Bayless Jerryd bayleje01 1 20140115 BOS 1
Faverani Vítor favervi01 3 20140115 BOS 1
Olynyk Kelly olynyke01 0 20140115 BOS 1
Marshall Kendall marshke01 19 20140117 LAL 1
Meeks Jodie meeksjo01 17 20140117 LAL 1
Johnson Wesley johnswe01 11 20140117 LAL 1
Gasol Pau gasolpa01 24 20140117 LAL 1
Hill Jordan hilljo01 2 20140117 LAL 1
Kelly Ryan kellyry01 20 20140117 LAL 1
Harris Manny harrima01 7 20140117 LAL 1
Kaman Chris kamanch01 4 20140117 LAL 1
Sacre Robert sacrero01 3 20140117 LAL 1
Green Jeff greenje02 12 20140117 BOS 0
Bradley Avery bradlav01 12 20140117 BOS 0
Sullinger Jared sullija01 11 20140117 BOS 0
Rondo Rajon rondora01 8 20140117 BOS 0
Humphries Kris humphkr01 2 20140117 BOS 0
Olynyk Kelly olynyke01 25 20140117 BOS 0
Wallace Gerald wallage01 14 20140117 BOS 0
Pressey Phil pressph01 6 20140117 BOS 0
Bass Brandon bassbr01 10 20140117 BOS 0
Bayless Jerryd bayleje01 4 20140117 BOS 0
Meeks Jodie meeksjo01 11 20140119 LAL 1
Kelly Ryan kellyry01 17 20140119 LAL 1
Marshall Kendall marshke01 10 20140119 LAL 1
Gasol Pau gasolpa01 22 20140119 LAL 1
Johnson Wesley johnswe01 8 20140119 LAL 1
Young Nick youngni01 29 20140119 LAL 1
Harris Manny harrima01 7 20140119 LAL 1
Hill Jordan hilljo01 6 20140119 LAL 1
Sacre Robert sacrero01 2 20140119 LAL 1
DeRozan DeMar derozde01 23 20140119 TOR 2
Lowry Kyle lowryky01 21 20140119 TOR 2
Ross Terrence rosste01 10 20140119 TOR 2
Johnson Amir johnsam01 13 20140119 TOR 2
Valančiūnas Jonas valanjo01 4 20140119 TOR 2
Patterson Patrick pattepa01 17 20140119 TOR 2
Hayes Chuck hayesch01 7 20140119 TOR 2
Vásquez Greivis vasqugr01 11 20140119 TOR 2
Stone Julyan stoneju01 0 20140119 TOR 2
Meeks Jodie meeksjo01 16 20140120 LAL 0
Marshall Kendall marshke01 3 20140120 LAL 0
Gasol Pau gasolpa01 20 20140120 LAL 0
Kelly Ryan kellyry01 13 20140120 LAL 0
Johnson Wesley johnswe01 1 20140120 LAL 0
Young Nick youngni01 31 20140120 LAL 0
Harris Manny harrima01 5 20140120 LAL 0
Hill Jordan hilljo01 7 20140120 LAL 0
Sacre Robert sacrero01 4 20140120 LAL 0
Butler Jimmy butleji01 13 20140120 CHI 1
Noah Joakim noahjo01 17 20140120 CHI 1
Dunleavy Mike dunlemi02 12 20140120 CHI 1
Boozer Carlos boozeca01 11 20140120 CHI 1
Hinrich Kirk hinriki01 4 20140120 CHI 1
Augustin D.J. augusdj01 27 20140120 CHI 1
Gibson Taj gibsota01 12 20140120 CHI 1
Snell Tony snellto01 6 20140120 CHI 1
Mohammed Nazr mohamna01 0 20140120 CHI 1
Gibson Taj gibsota01 26 20140122 CHI 1
Butler Jimmy butleji01 10 20140122 CHI 1
Noah Joakim noahjo01 9 20140122 CHI 1
Dunleavy Mike dunlemi02 22 20140122 CHI 1
Augustin D.J. augusdj01 27 20140122 CHI 1
Snell Tony snellto01 0 20140122 CHI 1
James Mike jamesmi01 2 20140122 CHI 1
Mohammed Nazr mohamna01 2 20140122 CHI 1
Martin Cartier martica01 0 20140122 CHI 1
Deng Luol denglu01 11 20140122 CLE 2
Irving Kyrie irvinky01 26 20140122 CLE 2
Thompson Tristan thomptr01 6 20140122 CLE 2
Varejão Anderson varejan01 10 20140122 CLE 2
Miles C.J. milescj01 8 20140122 CLE 2
Waiters Dion waitedi01 15 20140122 CLE 2
Jack Jarrett jackja01 2 20140122 CLE 2
Zeller Tyler zellety01 4 20140122 CLE 2
Clark Earl clarkea01 5 20140122 CLE 2
Jordan DeAndre jordade01 10 20140124 LAC 1
Griffin Blake griffbl01 26 20140124 LAC 1
Redick J.J. redicjj01 18 20140124 LAC 1
Collison Darren collida01 17 20140124 LAC 1
Barnes Matt barnema02 13 20140124 LAC 1
Crawford Jamal crawfja01 19 20140124 LAC 1
Dudley Jared dudleja01 0 20140124 LAC 1
Türkoğlu Hedo turkohe01 5 20140124 LAC 1
Morris Darius morrida01 0 20140124 LAC 1
Green Willie greenwi01 4 20140124 LAC 1
Hollins Ryan holliry01 0 20140124 LAC 1
Bullock Reggie bullore01 0 20140124 LAC 1
Butler Jimmy butleji01 9 20140124 CHI 0
Noah Joakim noahjo01 12 20140124 CHI 0
Augustin D.J. augusdj01 7 20140124 CHI 0
Dunleavy Mike dunlemi02 17 20140124 CHI 0
Boozer Carlos boozeca01 22 20140124 CHI 0
Gibson Taj gibsota01 18 20140124 CHI 0
Snell Tony snellto01 5 20140124 CHI 0
James Mike jamesmi01 5 20140124 CHI 0
Mohammed Nazr mohamna01 0 20140124 CHI 0
Martin Cartier martica01 0 20140124 CHI 0
Murphy Erik murpher01 0 20140124 CHI 0
Griffin Blake griffbl01 30 20140125 LAC 1
Collison Darren collida01 12 20140125 LAC 1
Jordan DeAndre jordade01 6 20140125 LAC 1
Barnes Matt barnema02 11 20140125 LAC 1
Redick J.J. redicjj01 18 20140125 LAC 1
Crawford Jamal crawfja01 37 20140125 LAC 1
Dudley Jared dudleja01 4 20140125 LAC 1
Green Willie greenwi01 6 20140125 LAC 1
Türkoğlu Hedo turkohe01 2 20140125 LAC 1
Hollins Ryan holliry01 0 20140125 LAC 1
Morris Darius morrida01 0 20140125 LAC 1
Ross Terrence rosste01 51 20140125 TOR 2
Lowry Kyle lowryky01 11 20140125 TOR 2
Valančiūnas Jonas valanjo01 17 20140125 TOR 2
Johnson Amir johnsam01 8 20140125 TOR 2
DeRozan DeMar derozde01 10 20140125 TOR 2
Vásquez Greivis vasqugr01 8 20140125 TOR 2
Salmons John salmojo01 2 20140125 TOR 2
Patterson Patrick pattepa01 7 20140125 TOR 2
Hayes Chuck hayesch01 2 20140125 TOR 2
Novak Steve novakst01 2 20140125 TOR 2
Jordan DeAndre jordade01 8 20140127 LAC 1
Griffin Blake griffbl01 20 20140127 LAC 1
Barnes Matt barnema02 3 20140127 LAC 1
Collison Darren collida01 15 20140127 LAC 1
Redick J.J. redicjj01 14 20140127 LAC 1
Crawford Jamal crawfja01 25 20140127 LAC 1
Türkoğlu Hedo turkohe01 6 20140127 LAC 1
Green Willie greenwi01 13 20140127 LAC 1
Hollins Ryan holliry01 2 20140127 LAC 1
Dudley Jared dudleja01 4 20140127 LAC 1
Bullock Reggie bullore01 2 20140127 LAC 1
Mullens Byron mulleby01 2 20140127 LAC 1
Middleton Khris middlkh01 14 20140127 MIL 2
Antetokounmpo Giannis antetgi01 8 20140127 MIL 2
İlyasova Ersan ilyaser01 16 20140127 MIL 2
Knight Brandon knighbr03 9 20140127 MIL 2
Henson John hensojo01 11 20140127 MIL 2
Butler Caron butleca01 11 20140127 MIL 2
Raduljica Miroslav radulmi01 11 20140127 MIL 2
Wolters Nate woltena01 4 20140127 MIL 2
Ridnour Luke ridnolu01 2 20140127 MIL 2
Ariza Trevor arizatr01 13 20140129 WAS 2
Wall John walljo01 19 20140129 WAS 2
Beal Bradley bealbr01 20 20140129 WAS 2
Hilário Nenê hilarne01 14 20140129 WAS 2
Gortat Marcin gortama01 8 20140129 WAS 2
Séraphin Kevin serapke01 10 20140129 WAS 2
Webster Martell webstma02 9 20140129 WAS 2
Booker Trevor booketr01 6 20140129 WAS 2
Temple Garrett templga01 4 20140129 WAS 2
Porter Otto porteot01 0 20140129 WAS 2
Jordan DeAndre jordade01 14 20140129 LAC 1
Griffin Blake griffbl01 29 20140129 LAC 1
Redick J.J. redicjj01 20 20140129 LAC 1
Collison Darren collida01 16 20140129 LAC 1
Barnes Matt barnema02 4 20140129 LAC 1
Crawford Jamal crawfja01 21 20140129 LAC 1
Dudley Jared dudleja01 5 20140129 LAC 1
Green Willie greenwi01 0 20140129 LAC 1
Türkoğlu Hedo turkohe01 1 20140129 LAC 1
Hollins Ryan holliry01 0 20140129 LAC 1
Jordan DeAndre jordade01 9 20140130 LAC 0
Griffin Blake griffbl01 27 20140130 LAC 0
Redick J.J. redicjj01 12 20140130 LAC 0
Collison Darren collida01 22 20140130 LAC 0
Barnes Matt barnema02 0 20140130 LAC 0
Crawford Jamal crawfja01 9 20140130 LAC 0
Dudley Jared dudleja01 4 20140130 LAC 0
Green Willie greenwi01 2 20140130 LAC 0
Türkoğlu Hedo turkohe01 2 20140130 LAC 0
Mullens Byron mulleby01 3 20140130 LAC 0
Hollins Ryan holliry01 2 20140130 LAC 0
Bullock Reggie bullore01 0 20140130 LAC 0
Lee David leeda02 22 20140130 GSW 1
Thompson Klay thompkl01 16 20140130 GSW 1
Curry Stephen curryst01 22 20140130 GSW 1
Iguodala Andre iguodan01 8 20140130 GSW 1
Bogut Andrew bogutan01 14 20140130 GSW 1
Barnes Harrison barneha02 10 20140130 GSW 1
Crawford Jordan crawfjo02 5 20140130 GSW 1
Speights Marreese speigma01 12 20140130 GSW 1
Green Draymond greendr01 2 20140130 GSW 1
Brooks MarShon brookma01 0 20140130 GSW 1
Bazemore Kent bazemke01 0 20140130 GSW 1
Thompson Klay thompkl01 11 20140131 GSW 1
Curry Stephen curryst01 44 20140131 GSW 1
Iguodala Andre iguodan01 4 20140131 GSW 1
Bogut Andrew bogutan01 16 20140131 GSW 1
Barnes Harrison barneha02 8 20140131 GSW 1
Green Draymond greendr01 7 20140131 GSW 1
Crawford Jordan crawfjo02 3 20140131 GSW 1
Speights Marreese speigma01 2 20140131 GSW 1
Bazemore Kent bazemke01 0 20140131 GSW 1
Hayward Gordon haywago01 8 20140131 UTA 2
Kanter Enes kanteen01 15 20140131 UTA 2
Jefferson Richard jefferi01 5 20140131 UTA 2
Burke Trey burketr01 4 20140131 UTA 2
Evans Jeremy evansje01 10 20140131 UTA 2
Burks Alec burksal01 26 20140131 UTA 2
Garrett Diante garredi02 13 20140131 UTA 2
Gobert Rudy goberru01 7 20140131 UTA 2
Rush Brandon rushbr01 2 20140131 UTA 2
Thomas Malcolm thomama01 0 20140131 UTA 2
Jefferson Al jeffeal01 30 20140204 CHA 1
Henderson Gerald hendege02 17 20140204 CHA 1
Walker Kemba walkeke02 7 20140204 CHA 1
McRoberts Josh mcrobjo01 9 20140204 CHA 1
Kidd-Gilchrist Michael kiddgmi01 7 20140204 CHA 1
Sessions Ramon sessira01 6 20140204 CHA 1
Tolliver Anthony tollian01 11 20140204 CHA 1
Zeller Cody zelleco01 2 20140204 CHA 1
Biyombo Bismack biyombi01 2 20140204 CHA 1
Curry Stephen curryst01 17 20140204 GSW 0
Thompson Klay thompkl01 12 20140204 GSW 0
Iguodala Andre iguodan01 6 20140204 GSW 0
Bogut Andrew bogutan01 6 20140204 GSW 0
Lee David leeda02 8 20140204 GSW 0
Barnes Harrison barneha02 8 20140204 GSW 0
O'Neal Jermaine onealje01 9 20140204 GSW 0
Crawford Jordan crawfjo02 2 20140204 GSW 0
Green Draymond greendr01 2 20140204 GSW 0
Speights Marreese speigma01 3 20140204 GSW 0
Brooks MarShon brookma01 2 20140204 GSW 0
Bazemore Kent bazemke01 0 20140204 GSW 0
Diaw Boris diawbo01 13 20140208 SAS 1
Joseph Cory josepco01 8 20140208 SAS 1
Duncan Tim duncati01 16 20140208 SAS 1
Parker Tony parketo01 9 20140208 SAS 1
Green Danny greenda02 3 20140208 SAS 1
De_Colo Nando decolna01 15 20140208 SAS 1
Mills Patty millspa02 32 20140208 SAS 1
Ayres Jeff pendeje02 8 20140208 SAS 1
Bonner Matt bonnema01 0 20140208 SAS 1
Brown Shannon brownsh01 0 20140208 SAS 1
Walker Kemba walkeke02 18 20140208 CHA 0
Jefferson Al jeffeal01 26 20140208 CHA 0
Henderson Gerald hendege02 23 20140208 CHA 0
McRoberts Josh mcrobjo01 7 20140208 CHA 0
Kidd-Gilchrist Michael kiddgmi01 4 20140208 CHA 0
Sessions Ramon sessira01 10 20140208 CHA 0
Tolliver Anthony tollian01 6 20140208 CHA 0
Zeller Cody zelleco01 6 20140208 CHA 0
Biyombo Bismack biyombi01 0 20140208 CHA 0
Pargo Jannero pargoja01 0 20140208 CHA 0
De_Colo Nando decolna01 6 20140210 SAS 0
Green Danny greenda02 2 20140210 SAS 0
Duncan Tim duncati01 11 20140210 SAS 0
Parker Tony parketo01 11 20140210 SAS 0
Baynes Aron baynear01 4 20140210 SAS 0
Belinelli Marco belinma01 20 20140210 SAS 0
Joseph Cory josepco01 11 20140210 SAS 0
Diaw Boris diawbo01 12 20140210 SAS 0
Ayres Jeff pendeje02 8 20140210 SAS 0
Mills Patty millspa02 6 20140210 SAS 0
Bonner Matt bonnema01 5 20140210 SAS 0
Brown Shannon brownsh01 4 20140210 SAS 0
Smith Josh smithjo03 12 20140210 DET 1
Monroe Greg monrogr01 15 20140210 DET 1
Jennings Brandon jennibr01 21 20140210 DET 1
Singler Kyle singlky01 10 20140210 DET 1
Drummond Andre drumman01 14 20140210 DET 1
Stuckey Rodney stuckro01 20 20140210 DET 1
Caldwell-Pope Kentavious caldwke01 9 20140210 DET 1
Bynum Will bynumwi01 8 20140210 DET 1
Jerebko Jonas jerebjo01 0 20140210 DET 1
Deng Luol denglu01 4 20140212 CLE 1
Irving Kyrie irvinky01 23 20140212 CLE 1
Thompson Tristan thomptr01 25 20140212 CLE 1
Jack Jarrett jackja01 9 20140212 CLE 1
Zeller Tyler zellety01 8 20140212 CLE 1
Waiters Dion waitedi01 9 20140212 CLE 1
Bennett Anthony bennean01 2 20140212 CLE 1
Sims Henry simshe01 0 20140212 CLE 1
Dellavedova Matthew dellama01 3 20140212 CLE 1
Clark Earl clarkea01 5 20140212 CLE 1
Miles C.J. milescj01 5 20140212 CLE 1
Gee Alonzo geeal01 0 20140212 CLE 1
Singler Kyle singlky01 12 20140212 DET 0
Smith Josh smithjo03 18 20140212 DET 0
Jennings Brandon jennibr01 9 20140212 DET 0
Drummond Andre drumman01 16 20140212 DET 0
Monroe Greg monrogr01 16 20140212 DET 0
Bynum Will bynumwi01 12 20140212 DET 0
Jerebko Jonas jerebjo01 2 20140212 DET 0
Stuckey Rodney stuckro01 4 20140212 DET 0
Caldwell-Pope Kentavious caldwke01 0 20140212 DET 0
Deng Luol denglu01 13 20140218 CLE 1
Thompson Tristan thomptr01 12 20140218 CLE 1
Zeller Tyler zellety01 18 20140218 CLE 1
Irving Kyrie irvinky01 14 20140218 CLE 1
Jack Jarrett jackja01 6 20140218 CLE 1
Bennett Anthony bennean01 10 20140218 CLE 1
Dellavedova Matthew dellama01 4 20140218 CLE 1
Sims Henry simshe01 7 20140218 CLE 1
Waiters Dion waitedi01 13 20140218 CLE 1
Miles C.J. milescj01 10 20140218 CLE 1
Gee Alonzo geeal01 7 20140218 CLE 1
Clark Earl clarkea01 0 20140218 CLE 1
Turner Evan turneev01 11 20140218 PHI 2
Carter-Williams Michael cartemi01 15 20140218 PHI 2
Anderson James anderja01 10 20140218 PHI 2
Hawes Spencer hawessp01 2 20140218 PHI 2
Young Thaddeus youngth01 15 20140218 PHI 2
Allen Lavoy allenla01 6 20140218 PHI 2
Wroten Tony wroteto01 12 20140218 PHI 2
Williams Elliot williel01 10 20140218 PHI 2
Moultrie Arnett moultar01 4 20140218 PHI 2
Brown Lorenzo brownlo01 0 20140218 PHI 2
Harris Tobias harrito02 19 20140219 ORL 2
Vučević Nikola vucevni01 20 20140219 ORL 2
Afflalo Arron afflaar01 23 20140219 ORL 2
Nelson Jameer nelsoja01 5 20140219 ORL 2
Davis Glen davisgl01 0 20140219 ORL 2
O'Quinn Kyle oquinky01 10 20140219 ORL 2
Oladipo Victor oladivi01 4 20140219 ORL 2
Moore E'Twaun mooreet01 2 20140219 ORL 2
Nicholson Andrew nichoan01 9 20140219 ORL 2
Harkless Maurice harklma01 1 20140219 ORL 2
Maxiell Jason maxieja01 0 20140219 ORL 2
Thompson Tristan thomptr01 16 20140219 CLE 1
Irving Kyrie irvinky01 22 20140219 CLE 1
Jack Jarrett jackja01 10 20140219 CLE 1
Deng Luol denglu01 17 20140219 CLE 1
Zeller Tyler zellety01 16 20140219 CLE 1
Bennett Anthony bennean01 7 20140219 CLE 1
Miles C.J. milescj01 4 20140219 CLE 1
Dellavedova Matthew dellama01 4 20140219 CLE 1
Sims Henry simshe01 5 20140219 CLE 1
Gee Alonzo geeal01 0 20140219 CLE 1
Irving Kyrie irvinky01 17 20140221 CLE 0
Jack Jarrett jackja01 9 20140221 CLE 0
Deng Luol denglu01 21 20140221 CLE 0
Thompson Tristan thomptr01 13 20140221 CLE 0
Zeller Tyler zellety01 8 20140221 CLE 0
Hawes Spencer hawessp01 7 20140221 CLE 0
Bennett Anthony bennean01 9 20140221 CLE 0
Dellavedova Matthew dellama01 5 20140221 CLE 0
Gee Alonzo geeal01 2 20140221 CLE 0
DeRozan DeMar derozde01 14 20140221 TOR 1
Ross Terrence rosste01 20 20140221 TOR 1
Lowry Kyle lowryky01 14 20140221 TOR 1
Valančiūnas Jonas valanjo01 18 20140221 TOR 1
Johnson Amir johnsam01 4 20140221 TOR 1
Patterson Patrick pattepa01 8 20140221 TOR 1
Salmons John salmojo01 6 20140221 TOR 1
Hansbrough Tyler hansbty01 6 20140221 TOR 1
Vásquez Greivis vasqugr01 8 20140221 TOR 1
Novak Steve novakst01 0 20140221 TOR 1
Oladipo Victor oladivi01 11 20140223 ORL 2
Harris Tobias harrito02 28 20140223 ORL 2
Nelson Jameer nelsoja01 9 20140223 ORL 2
Vučević Nikola vucevni01 11 20140223 ORL 2
Harkless Maurice harklma01 2 20140223 ORL 2
Moore E'Twaun mooreet01 16 20140223 ORL 2
O'Quinn Kyle oquinky01 10 20140223 ORL 2
Lamb Doron lambdo01 3 20140223 ORL 2
Nicholson Andrew nichoan01 0 20140223 ORL 2
Lowry Kyle lowryky01 28 20140223 TOR 1
DeRozan DeMar derozde01 24 20140223 TOR 1
Ross Terrence rosste01 16 20140223 TOR 1
Valančiūnas Jonas valanjo01 7 20140223 TOR 1
Johnson Amir johnsam01 12 20140223 TOR 1
Vásquez Greivis vasqugr01 10 20140223 TOR 1
Patterson Patrick pattepa01 2 20140223 TOR 1
Hansbrough Tyler hansbty01 5 20140223 TOR 1
Salmons John salmojo01 1 20140223 TOR 1
Hayes Chuck hayesch01 0 20140223 TOR 1
De_Colo Nando decolna01 0 20140223 TOR 1
DeRozan DeMar derozde01 33 20140225 TOR 1
Johnson Amir johnsam01 9 20140225 TOR 1
Lowry Kyle lowryky01 13 20140225 TOR 1
Ross Terrence rosste01 19 20140225 TOR 1
Valančiūnas Jonas valanjo01 2 20140225 TOR 1
Patterson Patrick pattepa01 3 20140225 TOR 1
Salmons John salmojo01 0 20140225 TOR 1
Vásquez Greivis vasqugr01 15 20140225 TOR 1
Hansbrough Tyler hansbty01 5 20140225 TOR 1
Novak Steve novakst01 0 20140225 TOR 1
Irving Kyrie irvinky01 25 20140225 CLE 2
Deng Luol denglu01 8 20140225 CLE 2
Hawes Spencer hawessp01 15 20140225 CLE 2
Thompson Tristan thomptr01 13 20140225 CLE 2
Jack Jarrett jackja01 12 20140225 CLE 2
Dellavedova Matthew dellama01 10 20140225 CLE 2
Zeller Tyler zellety01 8 20140225 CLE 2
Bennett Anthony bennean01 2 20140225 CLE 2
Gee Alonzo geeal01 0 20140225 CLE 2
Beal Bradley bealbr01 11 20140227 WAS 1
Gortat Marcin gortama01 31 20140227 WAS 1
Ariza Trevor arizatr01 16 20140227 WAS 1
Wall John walljo01 31 20140227 WAS 1
Booker Trevor booketr01 5 20140227 WAS 1
Webster Martell webstma02 7 20140227 WAS 1
Singleton Chris singlch01 13 20140227 WAS 1
Harrington Al harrial01 8 20140227 WAS 1
Miller Andre millean02 11 20140227 WAS 1
Temple Garrett templga01 1 20140227 WAS 1
DeRozan DeMar derozde01 34 20140227 TOR 0
Lowry Kyle lowryky01 18 20140227 TOR 0
Johnson Amir johnsam01 16 20140227 TOR 0
Valančiūnas Jonas valanjo01 7 20140227 TOR 0
Ross Terrence rosste01 11 20140227 TOR 0
Vásquez Greivis vasqugr01 26 20140227 TOR 0
Salmons John salmojo01 7 20140227 TOR 0
Patterson Patrick pattepa01 5 20140227 TOR 0
Hansbrough Tyler hansbty01 2 20140227 TOR 0
Novak Steve novakst01 3 20140227 TOR 0
Fields Landry fieldla01 0 20140227 TOR 0
Hayes Chuck hayesch01 0 20140227 TOR 0
De_Colo Nando decolna01 0 20140227 TOR 0
Ariza Trevor arizatr01 40 20140301 WAS 1
Gortat Marcin gortama01 13 20140301 WAS 1
Beal Bradley bealbr01 11 20140301 WAS 1
Booker Trevor booketr01 14 20140301 WAS 1
Wall John walljo01 17 20140301 WAS 1
Webster Martell webstma02 17 20140301 WAS 1
Singleton Chris singlch01 3 20140301 WAS 1
Miller Andre millean02 2 20140301 WAS 1
Gooden Drew goodedr01 0 20140301 WAS 1
Harrington Al harrial01 3 20140301 WAS 1
Temple Garrett templga01 0 20140301 WAS 1
Porter Otto porteot01 2 20140301 WAS 1
Young Thaddeus youngth01 17 20140301 PHI 2
Carter-Williams Michael cartemi01 15 20140301 PHI 2
Thompson Hollis thompho01 7 20140301 PHI 2
Anderson James anderja01 13 20140301 PHI 2
Sims Henry simshe01 7 20140301 PHI 2
Wroten Tony wroteto01 19 20140301 PHI 2
Moultrie Arnett moultar01 2 20140301 PHI 2
Williams Elliot williel01 4 20140301 PHI 2
Maynor Eric maynoer01 13 20140301 PHI 2
Mullens Byron mulleby01 6 20140301 PHI 2
Varnado Jarvis varnaja01 0 20140301 PHI 2
Brown Lorenzo brownlo01 0 20140301 PHI 2
Randolph Zach randoza01 16 20140303 MEM 1
Gasol Marc gasolma01 10 20140303 MEM 1
Conley Mike conlemi01 20 20140303 MEM 1
Prince Tayshaun princta01 21 20140303 MEM 1
Lee Courtney leeco01 9 20140303 MEM 1
Miller Mike millemi01 10 20140303 MEM 1
Allen Tony allento01 7 20140303 MEM 1
Koufos Kosta koufoko01 7 20140303 MEM 1
Calathes Nick calatni01 6 20140303 MEM 1
Davis Ed davised01 4 20140303 MEM 1
Gortat Marcin gortama01 16 20140303 WAS 0
Ariza Trevor arizatr01 15 20140303 WAS 0
Wall John walljo01 23 20140303 WAS 0
Booker Trevor booketr01 15 20140303 WAS 0
Beal Bradley bealbr01 21 20140303 WAS 0
Harrington Al harrial01 6 20140303 WAS 0
Singleton Chris singlch01 2 20140303 WAS 0
Porter Otto porteot01 6 20140303 WAS 0
Miller Andre millean02 0 20140303 WAS 0
Gooden Drew goodedr01 0 20140303 WAS 0
Gasol Marc gasolma01 18 20140305 MEM 0
Lee Courtney leeco01 4 20140305 MEM 0
Conley Mike conlemi01 2 20140305 MEM 0
Prince Tayshaun princta01 0 20140305 MEM 0
Davis Ed davised01 0 20140305 MEM 0
Calathes Nick calatni01 10 20140305 MEM 0
Leuer Jon leuerjo01 19 20140305 MEM 0
Allen Tony allento01 15 20140305 MEM 0
Koufos Kosta koufoko01 12 20140305 MEM 0
Miller Mike millemi01 0 20140305 MEM 0
Johnson James johnsja01 12 20140305 MEM 0
Udrih Beno udrihbe01 2 20140305 MEM 0
Johnson Joe johnsjo02 21 20140305 BRK 1
Williams Deron willide01 16 20140305 BRK 1
Pierce Paul piercpa01 14 20140305 BRK 1
Livingston Shaun livinsh01 2 20140305 BRK 1
Plumlee Mason plumlma01 4 20140305 BRK 1
Thornton Marcus thornma01 20 20140305 BRK 1
Collins Jason collija04 0 20140305 BRK 1
Teletović Mirza teletmi01 8 20140305 BRK 1
Kirilenko Andrei kirilan01 2 20140305 BRK 1
Blatche Andray blatcan01 12 20140305 BRK 1
Anderson Alan anderal01 2 20140305 BRK 1
Teague Marquis teaguma01 2 20140305 BRK 1
Johnson Joe johnsjo02 21 20140307 BRK 0
Williams Deron willide01 20 20140307 BRK 0
Pierce Paul piercpa01 10 20140307 BRK 0
Livingston Shaun livinsh01 3 20140307 BRK 0
Plumlee Mason plumlma01 10 20140307 BRK 0
Thornton Marcus thornma01 4 20140307 BRK 0
Blatche Andray blatcan01 11 20140307 BRK 0
Kirilenko Andrei kirilan01 3 20140307 BRK 0
Teletović Mirza teletmi01 2 20140307 BRK 0
Anderson Alan anderal01 0 20140307 BRK 0
Bayless Jerryd bayleje01 14 20140307 BOS 1
Rondo Rajon rondora01 20 20140307 BOS 1
Green Jeff greenje02 15 20140307 BOS 1
Bass Brandon bassbr01 9 20140307 BOS 1
Humphries Kris humphkr01 7 20140307 BOS 1
Sullinger Jared sullija01 5 20140307 BOS 1
Olynyk Kelly olynyke01 13 20140307 BOS 1
Babb Chris babbch01 6 20140307 BOS 1
Pressey Phil pressph01 0 20140307 BOS 1
Johnson Chris johnsch04 2 20140307 BOS 1
Monroe Greg monrogr01 22 20140309 DET 2
Smith Josh smithjo03 28 20140309 DET 2
Jennings Brandon jennibr01 14 20140309 DET 2
Singler Kyle singlky01 8 20140309 DET 2
Drummond Andre drumman01 18 20140309 DET 2
Bynum Will bynumwi01 18 20140309 DET 2
Stuckey Rodney stuckro01 3 20140309 DET 2
Jerebko Jonas jerebjo01 0 20140309 DET 2
Caldwell-Pope Kentavious caldwke01 0 20140309 DET 2
Bayless Jerryd bayleje01 15 20140309 BOS 1
Green Jeff greenje02 27 20140309 BOS 1
Rondo Rajon rondora01 11 20140309 BOS 1
Humphries Kris humphkr01 20 20140309 BOS 1
Bass Brandon bassbr01 5 20140309 BOS 1
Sullinger Jared sullija01 14 20140309 BOS 1
Olynyk Kelly olynyke01 18 20140309 BOS 1
Pressey Phil pressph01 0 20140309 BOS 1
Babb Chris babbch01 2 20140309 BOS 1
Johnson Chris johnsch04 6 20140309 BOS 1
Rondo Rajon rondora01 8 20140311 BOS 0
Green Jeff greenje02 12 20140311 BOS 0
Humphries Kris humphkr01 15 20140311 BOS 0
Bass Brandon bassbr01 11 20140311 BOS 0
Bayless Jerryd bayleje01 3 20140311 BOS 0
Johnson Chris johnsch04 14 20140311 BOS 0
Sullinger Jared sullija01 17 20140311 BOS 0
Olynyk Kelly olynyke01 3 20140311 BOS 0
Babb Chris babbch01 0 20140311 BOS 0
Pressey Phil pressph01 0 20140311 BOS 0
Anthony Joel anthojo01 0 20140311 BOS 0
Stephenson Lance stephla01 9 20140311 IND 1
Hill George hillge01 12 20140311 IND 1
West David westda01 24 20140311 IND 1
Hibbert Roy hibbero01 6 20140311 IND 1
George Paul georgpa01 12 20140311 IND 1
Turner Evan turneev01 9 20140311 IND 1
Bynum Andrew bynuman01 8 20140311 IND 1
Scola Luis scolalu01 11 20140311 IND 1
Sloan Donald sloando01 3 20140311 IND 1
Butler Rasual butlera01 0 20140311 IND 1
Copeland Chris copelch01 0 20140311 IND 1
Stephenson Lance stephla01 13 20140314 IND 1
Hill George hillge01 14 20140314 IND 1
George Paul georgpa01 25 20140314 IND 1
West David westda01 18 20140314 IND 1
Hibbert Roy hibbero01 4 20140314 IND 1
Turner Evan turneev01 2 20140314 IND 1
Allen Lavoy allenla01 13 20140314 IND 1
Scola Luis scolalu01 9 20140314 IND 1
Watson C.J. watsocj01 3 20140314 IND 1
Young Thaddeus youngth01 25 20140314 PHI 2
Carter-Williams Michael cartemi01 12 20140314 PHI 2
Anderson James anderja01 11 20140314 PHI 2
Thompson Hollis thompho01 8 20140314 PHI 2
Sims Henry simshe01 6 20140314 PHI 2
Mullens Byron mulleby01 15 20140314 PHI 2
Williams Elliot williel01 8 20140314 PHI 2
Wroten Tony wroteto01 8 20140314 PHI 2
Varnado Jarvis varnaja01 1 20140314 PHI 2
George Paul georgpa01 30 20140315 IND 1
Stephenson Lance stephla01 13 20140315 IND 1
West David westda01 15 20140315 IND 1
Hill George hillge01 2 20140315 IND 1
Hibbert Roy hibbero01 12 20140315 IND 1
Turner Evan turneev01 20 20140315 IND 1
Bynum Andrew bynuman01 15 20140315 IND 1
Scola Luis scolalu01 2 20140315 IND 1
Butler Rasual butlera01 3 20140315 IND 1
Hill Solomon hillso01 0 20140315 IND 1
Singler Kyle singlky01 14 20140315 DET 2
Monroe Greg monrogr01 17 20140315 DET 2
Jennings Brandon jennibr01 10 20140315 DET 2
Smith Josh smithjo03 23 20140315 DET 2
Drummond Andre drumman01 4 20140315 DET 2
Stuckey Rodney stuckro01 19 20140315 DET 2
Jerebko Jonas jerebjo01 4 20140315 DET 2
Bynum Will bynumwi01 4 20140315 DET 2
Villanueva Charlie villach01 9 20140315 DET 2
Caldwell-Pope Kentavious caldwke01 0 20140315 DET 2
Carter-Williams Michael cartemi01 15 20140317 PHI 2
Young Thaddeus youngth01 23 20140317 PHI 2
Thompson Hollis thompho01 17 20140317 PHI 2
Wroten Tony wroteto01 17 20140317 PHI 2
Sims Henry simshe01 9 20140317 PHI 2
Williams Elliot williel01 2 20140317 PHI 2
Mullens Byron mulleby01 5 20140317 PHI 2
Nunnally James nunnaja01 0 20140317 PHI 2
Varnado Jarvis varnaja01 2 20140317 PHI 2
Davies Brandon daviebr01 0 20140317 PHI 2
Stephenson Lance stephla01 25 20140317 IND 1
Hill George hillge01 11 20140317 IND 1
George Paul georgpa01 24 20140317 IND 1
West David westda01 7 20140317 IND 1
Hibbert Roy hibbero01 8 20140317 IND 1
Turner Evan turneev01 4 20140317 IND 1
Mahinmi Ian mahinia01 10 20140317 IND 1
Scola Luis scolalu01 5 20140317 IND 1
Sloan Donald sloando01 5 20140317 IND 1
Copeland Chris copelch01 0 20140317 IND 1
Hill George hillge01 7 20140319 IND 0
Stephenson Lance stephla01 21 20140319 IND 0
West David westda01 8 20140319 IND 0
George Paul georgpa01 17 20140319 IND 0
Hibbert Roy hibbero01 20 20140319 IND 0
Turner Evan turneev01 3 20140319 IND 0
Mahinmi Ian mahinia01 3 20140319 IND 0
Scola Luis scolalu01 4 20140319 IND 0
Copeland Chris copelch01 2 20140319 IND 0
Sloan Donald sloando01 0 20140319 IND 0
Allen Lavoy allenla01 1 20140319 IND 0
Anthony Carmelo anthoca01 34 20140319 NYK 1
Chandler Tyson chandty01 7 20140319 NYK 1
Stoudemire Amar'e stoudam01 21 20140319 NYK 1
Smith J.R. smithjr01 7 20140319 NYK 1
Felton Raymond feltora01 11 20140319 NYK 1
Shumpert Iman shumpim01 3 20140319 NYK 1
Prigioni Pablo prigipa01 5 20140319 NYK 1
Hardaway Tim hardati02 2 20140319 NYK 1
Aldrich Cole aldrico01 2 20140319 NYK 1
Brown Shannon brownsh01 0 20140319 NYK 1
Anthony Carmelo anthoca01 21 20140321 NYK 1
Chandler Tyson chandty01 17 20140321 NYK 1
Stoudemire Amar'e stoudam01 22 20140321 NYK 1
Felton Raymond feltora01 7 20140321 NYK 1
Smith J.R. smithjr01 6 20140321 NYK 1
Hardaway Tim hardati02 6 20140321 NYK 1
Shumpert Iman shumpim01 11 20140321 NYK 1
Prigioni Pablo prigipa01 0 20140321 NYK 1
Aldrich Cole aldrico01 2 20140321 NYK 1
Tyler Jeremy tylerje01 0 20140321 NYK 1
Brown Shannon brownsh01 0 20140321 NYK 1
Murry Toure' murryto01 1 20140321 NYK 1
Young Thaddeus youngth01 21 20140321 PHI 2
Carter-Williams Michael cartemi01 22 20140321 PHI 2
Anderson James anderja01 8 20140321 PHI 2
Wroten Tony wroteto01 12 20140321 PHI 2
Sims Henry simshe01 16 20140321 PHI 2
Varnado Jarvis varnaja01 3 20140321 PHI 2
Williams Elliot williel01 2 20140321 PHI 2
Thompson Hollis thompho01 2 20140321 PHI 2
Nunnally James nunnaja01 3 20140321 PHI 2
Mullens Byron mulleby01 3 20140321 PHI 2
Johnson-Odom Darius johnsda03 0 20140321 PHI 2
Jack Jarrett jackja01 31 20140323 CLE 1
Waiters Dion waitedi01 22 20140323 CLE 1
Deng Luol denglu01 13 20140323 CLE 1
Thompson Tristan thomptr01 9 20140323 CLE 1
Hawes Spencer hawessp01 7 20140323 CLE 1
Dellavedova Matthew dellama01 9 20140323 CLE 1
Varejão Anderson varejan01 4 20140323 CLE 1
Gee Alonzo geeal01 11 20140323 CLE 1
Zeller Tyler zellety01 0 20140323 CLE 1
Anthony Carmelo anthoca01 32 20140323 NYK 0
Smith J.R. smithjr01 18 20140323 NYK 0
Chandler Tyson chandty01 4 20140323 NYK 0
Felton Raymond feltora01 14 20140323 NYK 0
Stoudemire Amar'e stoudam01 12 20140323 NYK 0
Hardaway Tim hardati02 12 20140323 NYK 0
Prigioni Pablo prigipa01 6 20140323 NYK 0
Brown Shannon brownsh01 0 20140323 NYK 0
Aldrich Cole aldrico01 2 20140323 NYK 0
DeRozan DeMar derozde01 13 20140325 TOR 2
Johnson Amir johnsam01 12 20140325 TOR 2
Lowry Kyle lowryky01 22 20140325 TOR 2
Ross Terrence rosste01 16 20140325 TOR 2
Valančiūnas Jonas valanjo01 4 20140325 TOR 2
Vásquez Greivis vasqugr01 16 20140325 TOR 2
Novak Steve novakst01 3 20140325 TOR 2
Hayes Chuck hayesch01 6 20140325 TOR 2
Salmons John salmojo01 5 20140325 TOR 2
Hansbrough Tyler hansbty01 0 20140325 TOR 2
De_Colo Nando decolna01 3 20140325 TOR 2
Waiters Dion waitedi01 24 20140325 CLE 1
Deng Luol denglu01 19 20140325 CLE 1
Jack Jarrett jackja01 13 20140325 CLE 1
Thompson Tristan thomptr01 15 20140325 CLE 1
Hawes Spencer hawessp01 11 20140325 CLE 1
Dellavedova Matthew dellama01 0 20140325 CLE 1
Varejão Anderson varejan01 11 20140325 CLE 1
Gee Alonzo geeal01 4 20140325 CLE 1
Zeller Tyler zellety01 5 20140325 CLE 1
Waiters Dion waitedi01 18 20140326 CLE 1
Deng Luol denglu01 7 20140326 CLE 1
Jack Jarrett jackja01 17 20140326 CLE 1
Hawes Spencer hawessp01 4 20140326 CLE 1
Thompson Tristan thomptr01 6 20140326 CLE 1
Dellavedova Matthew dellama01 21 20140326 CLE 1
Varejão Anderson varejan01 12 20140326 CLE 1
Gee Alonzo geeal01 8 20140326 CLE 1
Zeller Tyler zellety01 4 20140326 CLE 1
Smith Josh smithjo03 24 20140326 DET 2
Jennings Brandon jennibr01 17 20140326 DET 2
Singler Kyle singlky01 18 20140326 DET 2
Monroe Greg monrogr01 14 20140326 DET 2
Drummond Andre drumman01 6 20140326 DET 2
Stuckey Rodney stuckro01 6 20140326 DET 2
Jerebko Jonas jerebjo01 4 20140326 DET 2
Caldwell-Pope Kentavious caldwke01 5 20140326 DET 2
Bynum Will bynumwi01 2 20140326 DET 2
Waiters Dion waitedi01 20 20140328 CLE 0
Jack Jarrett jackja01 9 20140328 CLE 0
Deng Luol denglu01 20 20140328 CLE 0
Thompson Tristan thomptr01 14 20140328 CLE 0
Hawes Spencer hawessp01 16 20140328 CLE 0
Varejão Anderson varejan01 8 20140328 CLE 0
Dellavedova Matthew dellama01 8 20140328 CLE 0
Gee Alonzo geeal01 2 20140328 CLE 0
Zeller Tyler zellety01 0 20140328 CLE 0
Livingston Shaun livinsh01 8 20140328 BRK 1
Johnson Joe johnsjo02 14 20140328 BRK 1
Williams Deron willide01 13 20140328 BRK 1
Pierce Paul piercpa01 22 20140328 BRK 1
Plumlee Mason plumlma01 3 20140328 BRK 1
Teletović Mirza teletmi01 9 20140328 BRK 1
Blatche Andray blatcan01 10 20140328 BRK 1
Thornton Marcus thornma01 10 20140328 BRK 1
Anderson Alan anderal01 13 20140328 BRK 1
Gutiérrez Jorge gutiejo01 2 20140328 BRK 1
Collins Jason collija04 2 20140328 BRK 1
Teague Marquis teaguma01 2 20140328 BRK 1
Martin Kevin martike02 21 20140330 MIN 2
Love Kevin loveke01 14 20140330 MIN 2
Rubio Ricky rubiori01 7 20140330 MIN 2
Brewer Corey breweco01 21 20140330 MIN 2
Peković Nikola pekovni01 13 20140330 MIN 2
Dieng Gorgui dienggo01 5 20140330 MIN 2
Budinger Chase budinch01 6 20140330 MIN 2
Barea J.J. bareajo01 6 20140330 MIN 2
Cunningham Dante cunnida01 6 20140330 MIN 2
Mbah_a_Moute Luc mbahalu01 0 20140330 MIN 2
Hummel Robbie hummero01 0 20140330 MIN 2
Shved Alexey shvedal01 0 20140330 MIN 2
Muhammad Shabazz muhamsh01 0 20140330 MIN 2
Williams Deron willide01 6 20140330 BRK 1
Johnson Joe johnsjo02 19 20140330 BRK 1
Livingston Shaun livinsh01 13 20140330 BRK 1
Pierce Paul piercpa01 22 20140330 BRK 1
Plumlee Mason plumlma01 13 20140330 BRK 1
Anderson Alan anderal01 13 20140330 BRK 1
Teletović Mirza teletmi01 7 20140330 BRK 1
Blatche Andray blatcan01 14 20140330 BRK 1
Thornton Marcus thornma01 5 20140330 BRK 1
Gutiérrez Jorge gutiejo01 2 20140330 BRK 1
Collins Jason collija04 0 20140330 BRK 1
Teague Marquis teaguma01 0 20140330 BRK 1
Parsons Chandler parsoch01 16 20140401 HOU 2
Harden James hardeja01 26 20140401 HOU 2
Aşık Ömer asikom01 12 20140401 HOU 2
Lin Jeremy linje01 16 20140401 HOU 2
Motiejūnas Donatas motiedo01 0 20140401 HOU 2
García Francisco garcifr01 10 20140401 HOU 2
Canaan Isaiah canaais01 2 20140401 HOU 2
Casspi Omri casspom01 7 20140401 HOU 2
Hamilton Jordan hamiljo02 7 20140401 HOU 2
Williams Deron willide01 12 20140401 BRK 1
Johnson Joe johnsjo02 32 20140401 BRK 1
Livingston Shaun livinsh01 17 20140401 BRK 1
Plumlee Mason plumlma01 11 20140401 BRK 1
Pierce Paul piercpa01 4 20140401 BRK 1
Anderson Alan anderal01 4 20140401 BRK 1
Teletović Mirza teletmi01 10 20140401 BRK 1
Blatche Andray blatcan01 13 20140401 BRK 1
Gutiérrez Jorge gutiejo01 2 20140401 BRK 1
Teague Marquis teaguma01 0 20140401 BRK 1
Collins Jason collija04 0 20140401 BRK 1
Williams Deron willide01 12 20140402 BRK 0
Pierce Paul piercpa01 8 20140402 BRK 0
Livingston Shaun livinsh01 4 20140402 BRK 0
Plumlee Mason plumlma01 5 20140402 BRK 0
Johnson Joe johnsjo02 16 20140402 BRK 0
Anderson Alan anderal01 11 20140402 BRK 0
Teletović Mirza teletmi01 6 20140402 BRK 0
Thornton Marcus thornma01 8 20140402 BRK 0
Blatche Andray blatcan01 3 20140402 BRK 0
Gutiérrez Jorge gutiejo01 6 20140402 BRK 0
Teague Marquis teaguma01 2 20140402 BRK 0
Collins Jason collija04 0 20140402 BRK 0
Anthony Carmelo anthoca01 23 20140402 NYK 1
Smith J.R. smithjr01 24 20140402 NYK 1
Chandler Tyson chandty01 4 20140402 NYK 1
Stoudemire Amar'e stoudam01 13 20140402 NYK 1
Felton Raymond feltora01 5 20140402 NYK 1
Hardaway Tim hardati02 17 20140402 NYK 1
Shumpert Iman shumpim01 10 20140402 NYK 1
Prigioni Pablo prigipa01 6 20140402 NYK 1
Tyler Jeremy tylerje01 6 20140402 NYK 1
Murry Toure' murryto01 2 20140402 NYK 1
Aldrich Cole aldrico01 0 20140402 NYK 1
Brown Shannon brownsh01 0 20140402 NYK 1
Beal Bradley bealbr01 28 20140404 WAS 1
Ariza Trevor arizatr01 10 20140404 WAS 1
Wall John walljo01 19 20140404 WAS 1
Gortat Marcin gortama01 13 20140404 WAS 1
Booker Trevor booketr01 4 20140404 WAS 1
Webster Martell webstma02 6 20140404 WAS 1
Miller Andre millean02 6 20140404 WAS 1
Gooden Drew goodedr01 4 20140404 WAS 1
Harrington Al harrial01 0 20140404 WAS 1
Smith J.R. smithjr01 32 20140404 NYK 0
Anthony Carmelo anthoca01 10 20140404 NYK 0
Chandler Tyson chandty01 6 20140404 NYK 0
Stoudemire Amar'e stoudam01 16 20140404 NYK 0
Felton Raymond feltora01 9 20140404 NYK 0
Shumpert Iman shumpim01 5 20140404 NYK 0
Hardaway Tim hardati02 5 20140404 NYK 0
Prigioni Pablo prigipa01 6 20140404 NYK 0
Butler Jimmy butleji01 3 20140405 CHI 1
Noah Joakim noahjo01 21 20140405 CHI 1
Dunleavy Mike dunlemi02 8 20140405 CHI 1
Hinrich Kirk hinriki01 11 20140405 CHI 1
Boozer Carlos boozeca01 16 20140405 CHI 1
Augustin D.J. augusdj01 25 20140405 CHI 1
Gibson Taj gibsota01 9 20140405 CHI 1
Snell Tony snellto01 1 20140405 CHI 1
Mohammed Nazr mohamna01 0 20140405 CHI 1
Fredette Jimmer fredeji01 0 20140405 CHI 1
Shengelia Tornike shengto01 2 20140405 CHI 1
Beal Bradley bealbr01 14 20140405 WAS 0
Wall John walljo01 20 20140405 WAS 0
Gortat Marcin gortama01 19 20140405 WAS 0
Ariza Trevor arizatr01 2 20140405 WAS 0
Booker Trevor booketr01 6 20140405 WAS 0
Gooden Drew goodedr01 4 20140405 WAS 0
Webster Martell webstma02 2 20140405 WAS 0
Miller Andre millean02 0 20140405 WAS 0
Porter Otto porteot01 5 20140405 WAS 0
Séraphin Kevin serapke01 2 20140405 WAS 0
Harrington Al harrial01 0 20140405 WAS 0
Temple Garrett templga01 3 20140405 WAS 0
Singleton Chris singlch01 1 20140405 WAS 0
Butler Jimmy butleji01 14 20140409 CHI 1
Noah Joakim noahjo01 15 20140409 CHI 1
Dunleavy Mike dunlemi02 15 20140409 CHI 1
Hinrich Kirk hinriki01 16 20140409 CHI 1
Boozer Carlos boozeca01 6 20140409 CHI 1
Augustin D.J. augusdj01 21 20140409 CHI 1
Gibson Taj gibsota01 13 20140409 CHI 1
Mohammed Nazr mohamna01 2 20140409 CHI 1
Snell Tony snellto01 0 20140409 CHI 1
Love Kevin loveke01 17 20140409 MIN 2
Rubio Ricky rubiori01 15 20140409 MIN 2
Brewer Corey breweco01 9 20140409 MIN 2
Hummel Robbie hummero01 7 20140409 MIN 2
Dieng Gorgui dienggo01 9 20140409 MIN 2
Mbah_a_Moute Luc mbahalu01 2 20140409 MIN 2
Turiaf Ronny turiaro01 11 20140409 MIN 2
Shved Alexey shvedal01 9 20140409 MIN 2
Cunningham Dante cunnida01 6 20140409 MIN 2
Jeffers Othyus jeffeot01 2 20140409 MIN 2
Singler Kyle singlky01 8 20140411 DET 2
Drummond Andre drumman01 26 20140411 DET 2
Monroe Greg monrogr01 7 20140411 DET 2
Jennings Brandon jennibr01 17 20140411 DET 2
Stuckey Rodney stuckro01 22 20140411 DET 2
Caldwell-Pope Kentavious caldwke01 3 20140411 DET 2
Jerebko Jonas jerebjo01 3 20140411 DET 2
Siva Peyton sivape01 12 20140411 DET 2
Butler Jimmy butleji01 13 20140411 CHI 1
Noah Joakim noahjo01 6 20140411 CHI 1
Dunleavy Mike dunlemi02 14 20140411 CHI 1
Hinrich Kirk hinriki01 10 20140411 CHI 1
Boozer Carlos boozeca01 18 20140411 CHI 1
Augustin D.J. augusdj01 24 20140411 CHI 1
Gibson Taj gibsota01 17 20140411 CHI 1
Snell Tony snellto01 0 20140411 CHI 1
Mohammed Nazr mohamna01 4 20140411 CHI 1
Butler Jimmy butleji01 17 20140413 CHI 0
Noah Joakim noahjo01 13 20140413 CHI 0
Hinrich Kirk hinriki01 11 20140413 CHI 0
Dunleavy Mike dunlemi02 13 20140413 CHI 0
Boozer Carlos boozeca01 8 20140413 CHI 0
Augustin D.J. augusdj01 12 20140413 CHI 0
Gibson Taj gibsota01 13 20140413 CHI 0
Mohammed Nazr mohamna01 2 20140413 CHI 0
Snell Tony snellto01 0 20140413 CHI 0
Felton Raymond feltora01 14 20140413 NYK 1
Stoudemire Amar'e stoudam01 12 20140413 NYK 1
Chandler Tyson chandty01 1 20140413 NYK 1
Anthony Carmelo anthoca01 17 20140413 NYK 1
Smith J.R. smithjr01 17 20140413 NYK 1
Shumpert Iman shumpim01 10 20140413 NYK 1
Hardaway Tim hardati02 20 20140413 NYK 1
Aldrich Cole aldrico01 6 20140413 NYK 1
Prigioni Pablo prigipa01 3 20140413 NYK 1
Murry Toure' murryto01 0 20140413 NYK 1
Tyler Jeremy tylerje01 0 20140413 NYK 1
Shumpert Iman shumpim01 11 20140415 NYK 1
Smith J.R. smithjr01 14 20140415 NYK 1
Felton Raymond feltora01 8 20140415 NYK 1
Stoudemire Amar'e stoudam01 14 20140415 NYK 1
Chandler Tyson chandty01 2 20140415 NYK 1
Hardaway Tim hardati02 16 20140415 NYK 1
Brown Shannon brownsh01 14 20140415 NYK 1
Aldrich Cole aldrico01 13 20140415 NYK 1
Murry Toure' murryto01 9 20140415 NYK 1
Tyler Jeremy tylerje01 8 20140415 NYK 1
Prigioni Pablo prigipa01 0 20140415 NYK 1
Johnson Joe johnsjo02 12 20140415 BRK 2
Williams Deron willide01 10 20140415 BRK 2
Kirilenko Andrei kirilan01 4 20140415 BRK 2
Pierce Paul piercpa01 13 20140415 BRK 2
Garnett Kevin garneke01 0 20140415 BRK 2
Plumlee Mason plumlma01 16 20140415 BRK 2
Thornton Marcus thornma01 24 20140415 BRK 2
Gutiérrez Jorge gutiejo01 5 20140415 BRK 2
Blatche Andray blatcan01 8 20140415 BRK 2
Teague Marquis teaguma01 4 20140415 BRK 2
Collins Jason collija04 2 20140415 BRK 2
Lowry Kyle lowryky01 22 20140416 TOR 2
DeRozan DeMar derozde01 9 20140416 TOR 2
Ross Terrence rosste01 4 20140416 TOR 2
Valančiūnas Jonas valanjo01 8 20140416 TOR 2
Johnson Amir johnsam01 2 20140416 TOR 2
Hansbrough Tyler hansbty01 11 20140416 TOR 2
De_Colo Nando decolna01 12 20140416 TOR 2
Buycks Dwight buyckdw01 2 20140416 TOR 2
Vásquez Greivis vasqugr01 13 20140416 TOR 2
Patterson Patrick pattepa01 7 20140416 TOR 2
Hayes Chuck hayesch01 0 20140416 TOR 2
Novak Steve novakst01 2 20140416 TOR 2
Aldrich Cole aldrico01 13 20140416 NYK 1
Shumpert Iman shumpim01 3 20140416 NYK 1
Smith J.R. smithjr01 30 20140416 NYK 1
Stoudemire Amar'e stoudam01 8 20140416 NYK 1
Prigioni Pablo prigipa01 2 20140416 NYK 1
Hardaway Tim hardati02 18 20140416 NYK 1
Murry Toure' murryto01 15 20140416 NYK 1
Tyler Jeremy tylerje01 6 20140416 NYK 1
Brown Shannon brownsh01 0 20140416 NYK 1
Dunleavy Mike dunlemi02 0 20141029 CHI 1
Gasol Pau gasolpa01 21 20141029 CHI 1
Hinrich Kirk hinriki01 12 20141029 CHI 1
Rose Derrick rosede01 13 20141029 CHI 1
Noah Joakim noahjo01 3 20141029 CHI 1
Gibson Taj gibsota01 22 20141029 CHI 1
McDermott Doug mcderdo01 12 20141029 CHI 1
Brooks Aaron brookaa01 13 20141029 CHI 1
Snell Tony snellto01 3 20141029 CHI 1
Mirotić Nikola mirotni01 5 20141029 CHI 1
Bairstow Cameron bairsca01 0 20141029 CHI 1
Moore E'Twaun mooreet01 0 20141029 CHI 1
Anthony Carmelo anthoca01 14 20141029 NYK 0
Larkin Shane larkish01 6 20141029 NYK 0
Stoudemire Amar'e stoudam01 12 20141029 NYK 0
Shumpert Iman shumpim01 5 20141029 NYK 0
Dalembert Samuel dalemsa01 6 20141029 NYK 0
Smith J.R. smithjr01 6 20141029 NYK 0
Acy Quincy acyqu01 6 20141029 NYK 0
Hardaway Tim hardati02 7 20141029 NYK 0
Prigioni Pablo prigipa01 4 20141029 NYK 0
Aldrich Cole aldrico01 2 20141029 NYK 0
Smith Jason smithja02 8 20141029 NYK 0
Early Cleanthony earlycl01 2 20141029 NYK 0
Wear Travis weartr01 2 20141029 NYK 0
James LeBron jamesle01 36 20141031 CLE 1
Love Kevin loveke01 16 20141031 CLE 1
Irving Kyrie irvinky01 23 20141031 CLE 1
Varejão Anderson varejan01 10 20141031 CLE 1
Waiters Dion waitedi01 9 20141031 CLE 1
Thompson Tristan thomptr01 16 20141031 CLE 1
Dellavedova Matthew dellama01 0 20141031 CLE 1
Marion Shawn mariosh01 4 20141031 CLE 1
Miller Mike millemi01 0 20141031 CLE 1
Harris Joe harrijo01 0 20141031 CLE 1
Dunleavy Mike dunlemi02 14 20141031 CHI 0
Noah Joakim noahjo01 8 20141031 CHI 0
Gasol Pau gasolpa01 15 20141031 CHI 0
Hinrich Kirk hinriki01 20 20141031 CHI 0
Rose Derrick rosede01 20 20141031 CHI 0
Gibson Taj gibsota01 10 20141031 CHI 0
Snell Tony snellto01 10 20141031 CHI 0
Brooks Aaron brookaa01 11 20141031 CHI 0
McDermott Doug mcderdo01 0 20141031 CHI 0
Mirotić Nikola mirotni01 0 20141031 CHI 0
Irving Kyrie irvinky01 9 20141104 CLE 0
Love Kevin loveke01 22 20141104 CLE 0
James LeBron jamesle01 11 20141104 CLE 0
Waiters Dion waitedi01 6 20141104 CLE 0
Varejão Anderson varejan01 9 20141104 CLE 0
Thompson Tristan thomptr01 10 20141104 CLE 0
Marion Shawn mariosh01 7 20141104 CLE 0
Miller Mike millemi01 2 20141104 CLE 0
Dellavedova Matthew dellama01 2 20141104 CLE 0
Harris Joe harrijo01 2 20141104 CLE 0
Kirk Alex kirkal01 2 20141104 CLE 0
Jones James jonesja02 0 20141104 CLE 0
Haywood Brendan haywobr01 0 20141104 CLE 0
Aldridge LaMarcus aldrila01 16 20141104 POR 1
Matthews Wesley matthwe02 21 20141104 POR 1
Batum Nicolas batumni01 7 20141104 POR 1
Lillard Damian lillada01 27 20141104 POR 1
Lopez Robin lopezro01 19 20141104 POR 1
Blake Steve blakest01 0 20141104 POR 1
Kaman Chris kamanch01 5 20141104 POR 1
Barton Will bartowi01 2 20141104 POR 1
Robinson Thomas robinth01 2 20141104 POR 1
Crabbe Allen crabbal01 2 20141104 POR 1
Leonard Meyers leoname01 0 20141104 POR 1
McCollum CJ mccolcj01 0 20141104 POR 1
Chandler Tyson chandty01 4 20141106 DAL 2
Parsons Chandler parsoch01 11 20141106 DAL 2
Nowitzki Dirk nowitdi01 17 20141106 DAL 2
Ellis Monta ellismo01 14 20141106 DAL 2
Nelson Jameer nelsoja01 6 20141106 DAL 2
Harris Devin harride01 7 20141106 DAL 2
Aminu Al-Farouq aminual01 7 20141106 DAL 2
Barea J.J. bareajo01 8 20141106 DAL 2
Wright Brandan wrighbr03 6 20141106 DAL 2
Jefferson Richard jefferi01 3 20141106 DAL 2
Villanueva Charlie villach01 2 20141106 DAL 2
Smith Greg smithgr02 2 20141106 DAL 2
Crowder Jae crowdja01 0 20141106 DAL 2
Lillard Damian lillada01 18 20141106 POR 1
Aldridge LaMarcus aldrila01 20 20141106 POR 1
Batum Nicolas batumni01 8 20141106 POR 1
Matthews Wesley matthwe02 12 20141106 POR 1
Lopez Robin lopezro01 8 20141106 POR 1
McCollum CJ mccolcj01 13 20141106 POR 1
Blake Steve blakest01 8 20141106 POR 1
Kaman Chris kamanch01 12 20141106 POR 1
Robinson Thomas robinth01 3 20141106 POR 1
Barton Will bartowi01 0 20141106 POR 1
Leonard Meyers leoname01 3 20141106 POR 1
Wright Dorell wrighdo01 3 20141106 POR 1
Freeland Joel freeljo01 0 20141106 POR 1
Aldridge LaMarcus aldrila01 21 20141108 POR 0
Lillard Damian lillada01 25 20141108 POR 0
Batum Nicolas batumni01 10 20141108 POR 0
Matthews Wesley matthwe02 14 20141108 POR 0
Lopez Robin lopezro01 19 20141108 POR 0
Blake Steve blakest01 0 20141108 POR 0
Kaman Chris kamanch01 8 20141108 POR 0
McCollum CJ mccolcj01 5 20141108 POR 0
Barton Will bartowi01 0 20141108 POR 0
Robinson Thomas robinth01 0 20141108 POR 0
Jordan DeAndre jordade01 6 20141108 LAC 1
Redick J.J. redicjj01 30 20141108 LAC 1
Paul Chris paulch01 22 20141108 LAC 1
Griffin Blake griffbl01 23 20141108 LAC 1
Crawford Jamal crawfja01 20 20141108 LAC 1
Barnes Matt barnema02 4 20141108 LAC 1
Farmar Jordan farmajo01 0 20141108 LAC 1
Hawes Spencer hawessp01 1 20141108 LAC 1
Davis Glen davisgl01 0 20141108 LAC 1
Leonard Kawhi leonaka01 26 20141110 SAS 1
Duncan Tim duncati01 18 20141110 SAS 1
Parker Tony parketo01 13 20141110 SAS 1
Green Danny greenda02 2 20141110 SAS 1
Bonner Matt bonnema01 5 20141110 SAS 1
Diaw Boris diawbo01 8 20141110 SAS 1
Ginóbili Manu ginobma01 10 20141110 SAS 1
Joseph Cory josepco01 0 20141110 SAS 1
Baynes Aron baynear01 7 20141110 SAS 1
Anderson Kyle anderky01 0 20141110 SAS 1
Paul Chris paulch01 12 20141110 LAC 0
Crawford Jamal crawfja01 10 20141110 LAC 0
Griffin Blake griffbl01 23 20141110 LAC 0
Jordan DeAndre jordade01 6 20141110 LAC 0
Redick J.J. redicjj01 13 20141110 LAC 0
Barnes Matt barnema02 8 20141110 LAC 0
Hawes Spencer hawessp01 9 20141110 LAC 0
Farmar Jordan farmajo01 0 20141110 LAC 0
Davis Glen davisgl01 4 20141110 LAC 0
Türkoğlu Hedo turkohe01 0 20141110 LAC 0
Cunningham Jared cunnija01 0 20141110 LAC 0
Leonard Kawhi leonaka01 19 20141111 SAS 1
Duncan Tim duncati01 12 20141111 SAS 1
Parker Tony parketo01 28 20141111 SAS 1
Green Danny greenda02 9 20141111 SAS 1
Bonner Matt bonnema01 5 20141111 SAS 1
Ginóbili Manu ginobma01 17 20141111 SAS 1
Diaw Boris diawbo01 8 20141111 SAS 1
Joseph Cory josepco01 11 20141111 SAS 1
Baynes Aron baynear01 4 20141111 SAS 1
Anderson Kyle anderky01 0 20141111 SAS 1
Ayres Jeff pendeje02 0 20141111 SAS 1
Daye Austin dayeau01 0 20141111 SAS 1
Thompson Klay thompkl01 29 20141111 GSW 2
Barnes Harrison barneha02 22 20141111 GSW 2
Curry Stephen curryst01 16 20141111 GSW 2
Green Draymond greendr01 9 20141111 GSW 2
Bogut Andrew bogutan01 4 20141111 GSW 2
Iguodala Andre iguodan01 2 20141111 GSW 2
Speights Marreese speigma01 11 20141111 GSW 2
Livingston Shaun livinsh01 2 20141111 GSW 2
Ezeli Festus ezelife01 3 20141111 GSW 2
Barbosa Leandro barbole01 2 20141111 GSW 2
Rush Brandon rushbr01 0 20141111 GSW 2
Parker Tony parketo01 11 20141114 SAS 1
Green Danny greenda02 9 20141114 SAS 1
Duncan Tim duncati01 13 20141114 SAS 1
Bonner Matt bonnema01 10 20141114 SAS 1
Leonard Kawhi leonaka01 12 20141114 SAS 1
Joseph Cory josepco01 14 20141114 SAS 1
Ginóbili Manu ginobma01 9 20141114 SAS 1
Diaw Boris diawbo01 7 20141114 SAS 1
Baynes Aron baynear01 4 20141114 SAS 1
Anderson Kyle anderky01 0 20141114 SAS 1
Ayres Jeff pendeje02 2 20141114 SAS 1
Daye Austin dayeau01 2 20141114 SAS 1
Lin Jeremy linje01 15 20141114 LAL 2
Bryant Kobe bryanko01 9 20141114 LAL 2
Johnson Wesley johnswe01 6 20141114 LAL 2
Boozer Carlos boozeca01 19 20141114 LAL 2
Hill Jordan hilljo01 10 20141114 LAL 2
Clarkson Jordan clarkjo01 8 20141114 LAL 2
Davis Ed davised01 6 20141114 LAL 2
Sacre Robert sacrero01 2 20141114 LAL 2
Kelly Ryan kellyry01 5 20141114 LAL 2
Henry Xavier henryxa01 0 20141114 LAL 2
Leonard Kawhi leonaka01 16 20141115 SAS 0
Parker Tony parketo01 11 20141115 SAS 0
Duncan Tim duncati01 15 20141115 SAS 0
Green Danny greenda02 16 20141115 SAS 0
Baynes Aron baynear01 2 20141115 SAS 0
Ginóbili Manu ginobma01 21 20141115 SAS 0
Diaw Boris diawbo01 7 20141115 SAS 0
Joseph Cory josepco01 0 20141115 SAS 0
Bonner Matt bonnema01 3 20141115 SAS 0
Ayres Jeff pendeje02 0 20141115 SAS 0
McLemore Ben mclembe01 8 20141115 SAC 1
Collison Darren collida01 19 20141115 SAC 1
Gay Rudy gayru01 18 20141115 SAC 1
Thompson Jason thompja02 4 20141115 SAC 1
Cousins DeMarcus couside01 25 20141115 SAC 1
Casspi Omri casspom01 9 20141115 SAC 1
Landry Carl landrca01 8 20141115 SAC 1
Sessions Ramon sessira01 0 20141115 SAC 1
Stauskas Nik stausni01 0 20141115 SAC 1
Williams Derrick willide02 3 20141115 SAC 1
Davis Anthony davisan02 28 20141118 NOP 1
Gordon Eric gordoer01 17 20141118 NOP 1
Holiday Jrue holidjr01 9 20141118 NOP 1
Evans Tyreke evansty01 18 20141118 NOP 1
Ajinça Alexis ajincal01 5 20141118 NOP 1
Anderson Ryan anderry01 22 20141118 NOP 1
Babbitt Luke babbilu01 5 20141118 NOP 1
Rivers Austin riverau01 2 20141118 NOP 1
Salmons John salmojo01 0 20141118 NOP 1
Gay Rudy gayru01 15 20141118 SAC 0
Cousins DeMarcus couside01 24 20141118 SAC 0
Collison Darren collida01 13 20141118 SAC 0
McLemore Ben mclembe01 2 20141118 SAC 0
Thompson Jason thompja02 15 20141118 SAC 0
Casspi Omri casspom01 13 20141118 SAC 0
McCallum Ray mccalra01 5 20141118 SAC 0
Stauskas Nik stausni01 5 20141118 SAC 0
Landry Carl landrca01 8 20141118 SAC 0
Hollins Ryan holliry01 0 20141118 SAC 0
Davis Anthony davisan02 18 20141121 NOP 0
Evans Tyreke evansty01 10 20141121 NOP 0
Gordon Eric gordoer01 13 20141121 NOP 0
Holiday Jrue holidjr01 12 20141121 NOP 0
Ajinça Alexis ajincal01 12 20141121 NOP 0
Anderson Ryan anderry01 10 20141121 NOP 0
Rivers Austin riverau01 8 20141121 NOP 0
Babbitt Luke babbilu01 0 20141121 NOP 0
Withey Jeff witheje01 9 20141121 NOP 0
Salmons John salmojo01 5 20141121 NOP 0
Miller Darius milleda01 0 20141121 NOP 0
Chandler Wilson chandwi01 18 20141121 DEN 1
Afflalo Arron afflaar01 19 20141121 DEN 1
Lawson Ty lawsoty01 11 20141121 DEN 1
Faried Kenneth farieke01 19 20141121 DEN 1
Mozgov Timofey mozgoti01 5 20141121 DEN 1
Gallinari Danilo gallida01 17 20141121 DEN 1
Foye Randy foyera01 7 20141121 DEN 1
Robinson Nate robinna01 3 20141121 DEN 1
McGee JaVale mcgeeja01 14 20141121 DEN 1
Arthur Darrell arthuda01 2 20141121 DEN 1
Nurkić Jusuf nurkiju01 0 20141121 DEN 1
Gee Alonzo geeal01 2 20141121 DEN 1
Lawson Ty lawsoty01 18 20141123 DEN 1
Afflalo Arron afflaar01 15 20141123 DEN 1
Chandler Wilson chandwi01 19 20141123 DEN 1
Mozgov Timofey mozgoti01 13 20141123 DEN 1
Faried Kenneth farieke01 8 20141123 DEN 1
Gallinari Danilo gallida01 10 20141123 DEN 1
Arthur Darrell arthuda01 9 20141123 DEN 1
Hickson J.J. hicksjj01 6 20141123 DEN 1
Foye Randy foyera01 0 20141123 DEN 1
Robinson Nate robinna01 1 20141123 DEN 1
McGee JaVale mcgeeja01 2 20141123 DEN 1
Bryant Kobe bryanko01 27 20141123 LAL 2
Hill Jordan hilljo01 11 20141123 LAL 2
Johnson Wesley johnswe01 7 20141123 LAL 2
Lin Jeremy linje01 17 20141123 LAL 2
Davis Ed davised01 4 20141123 LAL 2
Young Nick youngni01 7 20141123 LAL 2
Sacre Robert sacrero01 13 20141123 LAL 2
Price Ronnie pricero01 0 20141123 LAL 2
Ellington Wayne ellinwa01 8 20141123 LAL 2
Butler Jimmy butleji01 32 20141125 CHI 2
Dunleavy Mike dunlemi02 17 20141125 CHI 2
Gasol Pau gasolpa01 22 20141125 CHI 2
Bairstow Cameron bairsca01 2 20141125 CHI 2
Rose Derrick rosede01 2 20141125 CHI 2
Hinrich Kirk hinriki01 10 20141125 CHI 2
Brooks Aaron brookaa01 16 20141125 CHI 2
Mirotić Nikola mirotni01 4 20141125 CHI 2
Mohammed Nazr mohamna01 4 20141125 CHI 2
McDermott Doug mcderdo01 0 20141125 CHI 2
Snell Tony snellto01 0 20141125 CHI 2
Lawson Ty lawsoty01 20 20141125 DEN 1
Afflalo Arron afflaar01 19 20141125 DEN 1
Chandler Wilson chandwi01 14 20141125 DEN 1
Mozgov Timofey mozgoti01 11 20141125 DEN 1
Faried Kenneth farieke01 12 20141125 DEN 1
Gallinari Danilo gallida01 15 20141125 DEN 1
Hickson J.J. hicksjj01 7 20141125 DEN 1
Arthur Darrell arthuda01 3 20141125 DEN 1
Robinson Nate robinna01 7 20141125 DEN 1
Gee Alonzo geeal01 6 20141125 DEN 1
Harris Gary harriga01 0 20141125 DEN 1
Lawson Ty lawsoty01 17 20141126 DEN 0
Afflalo Arron afflaar01 18 20141126 DEN 0
Mozgov Timofey mozgoti01 18 20141126 DEN 0
Chandler Wilson chandwi01 19 20141126 DEN 0
Faried Kenneth farieke01 8 20141126 DEN 0
Gee Alonzo geeal01 11 20141126 DEN 0
Arthur Darrell arthuda01 6 20141126 DEN 0
Robinson Nate robinna01 8 20141126 DEN 0
Hickson J.J. hicksjj01 7 20141126 DEN 0
Gallinari Danilo gallida01 0 20141126 DEN 0
Bledsoe Eric bledser01 21 20141126 PHO 1
Morris Markieff morrima02 15 20141126 PHO 1
Dragić Goran dragigo01 20 20141126 PHO 1
Morris Marcus morrima03 14 20141126 PHO 1
Plumlee Miles plumlmi01 6 20141126 PHO 1
Tucker P.J. tuckepj01 10 20141126 PHO 1
Green Gerald greenge01 24 20141126 PHO 1
Len Alex lenal01 10 20141126 PHO 1
Tolliver Anthony tollian01 0 20141126 PHO 1
Bledsoe Eric bledser01 16 20141128 PHO 0
Dragić Goran dragigo01 7 20141128 PHO 0
Morris Markieff morrima02 7 20141128 PHO 0
Plumlee Miles plumlmi01 0 20141128 PHO 0
Morris Marcus morrima03 8 20141128 PHO 0
Warren T.J. warretj01 11 20141128 PHO 0
Tucker P.J. tuckepj01 11 20141128 PHO 0
Green Gerald greenge01 12 20141128 PHO 0
Len Alex lenal01 0 20141128 PHO 0
Goodwin Archie goodwar01 11 20141128 PHO 0
Ennis Tyler ennisty01 7 20141128 PHO 0
Tolliver Anthony tollian01 3 20141128 PHO 0
Randolph Shavlik randosh01 4 20141128 PHO 0
Lawson Ty lawsoty01 11 20141128 DEN 1
Chandler Wilson chandwi01 11 20141128 DEN 1
Afflalo Arron afflaar01 22 20141128 DEN 1
Mozgov Timofey mozgoti01 13 20141128 DEN 1
Faried Kenneth farieke01 11 20141128 DEN 1
Harris Gary harriga01 8 20141128 DEN 1
Gallinari Danilo gallida01 11 20141128 DEN 1
Hickson J.J. hicksjj01 10 20141128 DEN 1
Arthur Darrell arthuda01 6 20141128 DEN 1
Robinson Nate robinna01 6 20141128 DEN 1
Gee Alonzo geeal01 9 20141128 DEN 1
Green Erick greener01 4 20141128 DEN 1
Nurkić Jusuf nurkiju01 0 20141128 DEN 1
Lawson Ty lawsoty01 15 20141201 DEN 1
Chandler Wilson chandwi01 15 20141201 DEN 1
Afflalo Arron afflaar01 14 20141201 DEN 1
Faried Kenneth farieke01 11 20141201 DEN 1
Mozgov Timofey mozgoti01 10 20141201 DEN 1
Hickson J.J. hicksjj01 10 20141201 DEN 1
Harris Gary harriga01 6 20141201 DEN 1
Arthur Darrell arthuda01 12 20141201 DEN 1
Gallinari Danilo gallida01 6 20141201 DEN 1
Robinson Nate robinna01 4 20141201 DEN 1
Hayward Gordon haywago01 25 20141201 UTA 2
Burks Alec burksal01 22 20141201 UTA 2
Burke Trey burketr01 18 20141201 UTA 2
Booker Trevor booketr01 6 20141201 UTA 2
Kanter Enes kanteen01 17 20141201 UTA 2
Gobert Rudy goberru01 9 20141201 UTA 2
Exum Dante exumda01 2 20141201 UTA 2
Ingles Joe inglejo01 0 20141201 UTA 2
Hood Rodney hoodro01 2 20141201 UTA 2
Novak Steve novakst01 0 20141201 UTA 2
Aldridge LaMarcus aldrila01 39 20141202 POR 1
Matthews Wesley matthwe02 15 20141202 POR 1
Batum Nicolas batumni01 4 20141202 POR 1
Lopez Robin lopezro01 11 20141202 POR 1
Lillard Damian lillada01 17 20141202 POR 1
Blake Steve blakest01 13 20141202 POR 1
Crabbe Allen crabbal01 0 20141202 POR 1
Kaman Chris kamanch01 4 20141202 POR 1
Freeland Joel freeljo01 2 20141202 POR 1
Lawson Ty lawsoty01 24 20141202 DEN 0
Afflalo Arron afflaar01 18 20141202 DEN 0
Chandler Wilson chandwi01 18 20141202 DEN 0
Faried Kenneth farieke01 8 20141202 DEN 0
Mozgov Timofey mozgoti01 7 20141202 DEN 0
Hickson J.J. hicksjj01 11 20141202 DEN 0
Gallinari Danilo gallida01 9 20141202 DEN 0
Arthur Darrell arthuda01 6 20141202 DEN 0
Harris Gary harriga01 2 20141202 DEN 0
Robinson Nate robinna01 0 20141202 DEN 0
West David westda01 13 20141204 IND 2
Hibbert Roy hibbero01 9 20141204 IND 2
Hill Solomon hillso01 15 20141204 IND 2
Stuckey Rodney stuckro01 16 20141204 IND 2
Copeland Chris copelch01 5 20141204 IND 2
Rudež Damjan rudezda01 5 20141204 IND 2
Miles C.J. milescj01 5 20141204 IND 2
Watson C.J. watsocj01 4 20141204 IND 2
Mahinmi Ian mahinia01 0 20141204 IND 2
Scola Luis scolalu01 10 20141204 IND 2
Batum Nicolas batumni01 13 20141204 POR 1
Aldridge LaMarcus aldrila01 18 20141204 POR 1
Lillard Damian lillada01 23 20141204 POR 1
Matthews Wesley matthwe02 12 20141204 POR 1
Lopez Robin lopezro01 4 20141204 POR 1
Blake Steve blakest01 2 20141204 POR 1
Kaman Chris kamanch01 6 20141204 POR 1
Crabbe Allen crabbal01 6 20141204 POR 1
Freeland Joel freeljo01 4 20141204 POR 1
Aldridge LaMarcus aldrila01 24 20141207 POR 1
Lillard Damian lillada01 20 20141207 POR 1
Batum Nicolas batumni01 11 20141207 POR 1
Matthews Wesley matthwe02 18 20141207 POR 1
Lopez Robin lopezro01 6 20141207 POR 1
Blake Steve blakest01 5 20141207 POR 1
Kaman Chris kamanch01 8 20141207 POR 1
Crabbe Allen crabbal01 6 20141207 POR 1
Freeland Joel freeljo01 2 20141207 POR 1
Wright Dorell wrighdo01 3 20141207 POR 1
Stoudemire Amar'e stoudam01 16 20141207 NYK 2
Anthony Carmelo anthoca01 23 20141207 NYK 2
Calderón José caldejo01 4 20141207 NYK 2
Shumpert Iman shumpim01 11 20141207 NYK 2
Acy Quincy acyqu01 6 20141207 NYK 2
Smith J.R. smithjr01 20 20141207 NYK 2
Prigioni Pablo prigipa01 0 20141207 NYK 2
Smith Jason smithja02 8 20141207 NYK 2
Dalembert Samuel dalemsa01 4 20141207 NYK 2
Hardaway Tim hardati02 7 20141207 NYK 2
Aldridge LaMarcus aldrila01 23 20141209 POR 1
Lillard Damian lillada01 14 20141209 POR 1
Batum Nicolas batumni01 8 20141209 POR 1
Matthews Wesley matthwe02 19 20141209 POR 1
Lopez Robin lopezro01 6 20141209 POR 1
Kaman Chris kamanch01 14 20141209 POR 1
Crabbe Allen crabbal01 9 20141209 POR 1
Blake Steve blakest01 5 20141209 POR 1
Freeland Joel freeljo01 0 20141209 POR 1
Drummond Andre drumman01 10 20141209 DET 2
Caldwell-Pope Kentavious caldwke01 11 20141209 DET 2
Smith Josh smithjo03 10 20141209 DET 2
Jennings Brandon jennibr01 1 20141209 DET 2
Singler Kyle singlky01 8 20141209 DET 2
Monroe Greg monrogr01 22 20141209 DET 2
Butler Caron butleca01 13 20141209 DET 2
Augustin D.J. augusdj01 5 20141209 DET 2
Dinwiddie Spencer dinwisp01 3 20141209 DET 2
Jerebko Jonas jerebjo01 3 20141209 DET 2
Martin Cartier martica01 0 20141209 DET 2
Lillard Damian lillada01 23 20141210 POR 0
Batum Nicolas batumni01 5 20141210 POR 0
Aldridge LaMarcus aldrila01 10 20141210 POR 0
Matthews Wesley matthwe02 18 20141210 POR 0
Lopez Robin lopezro01 8 20141210 POR 0
Blake Steve blakest01 0 20141210 POR 0
Kaman Chris kamanch01 8 20141210 POR 0
Crabbe Allen crabbal01 6 20141210 POR 0
Freeland Joel freeljo01 0 20141210 POR 0
Wright Dorell wrighdo01 2 20141210 POR 0
Robinson Thomas robinth01 2 20141210 POR 0
Wiggins Andrew wiggian01 23 20141210 MIN 1
Brewer Corey breweco01 19 20141210 MIN 1
Young Thaddeus youngth01 13 20141210 MIN 1
LaVine Zach lavinza01 10 20141210 MIN 1
Dieng Gorgui dienggo01 6 20141210 MIN 1
Muhammad Shabazz muhamsh01 11 20141210 MIN 1
Adrien Jeff adrieje01 8 20141210 MIN 1
Bennett Anthony bennean01 0 20141210 MIN 1
Hummel Robbie hummero01 0 20141210 MIN 1
Westbrook Russell westbru01 34 20141212 OKC 1
Ibaka Serge ibakase01 13 20141212 OKC 1
Adams Steven adamsst01 16 20141212 OKC 1
Durant Kevin duranke01 16 20141212 OKC 1
Roberson Andre roberan03 5 20141212 OKC 1
Morrow Anthony morroan01 14 20141212 OKC 1
Jackson Reggie jacksre01 6 20141212 OKC 1
Lamb Jeremy lambje01 2 20141212 OKC 1
Perkins Kendrick perkike01 0 20141212 OKC 1
Collison Nick collini01 1 20141212 OKC 1
Jones Perry jonespe01 0 20141212 OKC 1
Smith Ish smithis01 4 20141212 OKC 1
Wiggins Andrew wiggian01 18 20141212 MIN 0
Brewer Corey breweco01 6 20141212 MIN 0
Dieng Gorgui dienggo01 11 20141212 MIN 0
Young Thaddeus youngth01 16 20141212 MIN 0
LaVine Zach lavinza01 11 20141212 MIN 0
Muhammad Shabazz muhamsh01 18 20141212 MIN 0
Bennett Anthony bennean01 8 20141212 MIN 0
Adrien Jeff adrieje01 4 20141212 MIN 0
Hummel Robbie hummero01 0 20141212 MIN 0
Budinger Chase budinch01 0 20141212 MIN 0
Robinson Glenn robingl02 0 20141212 MIN 0
Green Gerald greenge01 15 20141214 PHO 2
Plumlee Miles plumlmi01 6 20141214 PHO 2
Tucker P.J. tuckepj01 3 20141214 PHO 2
Bledsoe Eric bledser01 12 20141214 PHO 2
Morris Markieff morrima02 4 20141214 PHO 2
Thomas Isaiah thomais02 6 20141214 PHO 2
Warren T.J. warretj01 8 20141214 PHO 2
Goodwin Archie goodwar01 5 20141214 PHO 2
Morris Marcus morrima03 10 20141214 PHO 2
Randolph Shavlik randosh01 6 20141214 PHO 2
Len Alex lenal01 2 20141214 PHO 2
Tolliver Anthony tollian01 0 20141214 PHO 2
Ennis Tyler ennisty01 11 20141214 PHO 2
Westbrook Russell westbru01 28 20141214 OKC 1
Adams Steven adamsst01 6 20141214 OKC 1
Durant Kevin duranke01 23 20141214 OKC 1
Roberson Andre roberan03 0 20141214 OKC 1
Ibaka Serge ibakase01 12 20141214 OKC 1
Morrow Anthony morroan01 14 20141214 OKC 1
Perkins Kendrick perkike01 5 20141214 OKC 1
Jones Perry jonespe01 7 20141214 OKC 1
Jackson Reggie jacksre01 6 20141214 OKC 1
Collison Nick collini01 6 20141214 OKC 1
Smith Ish smithis01 2 20141214 OKC 1
McGary Mitch mcgarmi01 3 20141214 OKC 1
Durant Kevin duranke01 26 20141216 OKC 1
Ibaka Serge ibakase01 9 20141216 OKC 1
Westbrook Russell westbru01 32 20141216 OKC 1
Adams Steven adamsst01 5 20141216 OKC 1
Roberson Andre roberan03 4 20141216 OKC 1
Perkins Kendrick perkike01 0 20141216 OKC 1
Jackson Reggie jacksre01 8 20141216 OKC 1
Morrow Anthony morroan01 10 20141216 OKC 1
Lamb Jeremy lambje01 6 20141216 OKC 1
Collison Nick collini01 4 20141216 OKC 1
Jones Perry jonespe01 0 20141216 OKC 1
Smith Ish smithis01 0 20141216 OKC 1
Gay Rudy gayru01 22 20141216 SAC 2
Thompson Jason thompja02 6 20141216 SAC 2
McLemore Ben mclembe01 10 20141216 SAC 2
Collison Darren collida01 6 20141216 SAC 2
Evans Reggie evansre01 4 20141216 SAC 2
Sessions Ramon sessira01 11 20141216 SAC 2
Landry Carl landrca01 14 20141216 SAC 2
Hollins Ryan holliry01 6 20141216 SAC 2
Williams Derrick willide02 8 20141216 SAC 2
Stauskas Nik stausni01 5 20141216 SAC 2
Westbrook Russell westbru01 33 20141218 OKC 0
Ibaka Serge ibakase01 12 20141218 OKC 0
Roberson Andre roberan03 10 20141218 OKC 0
Durant Kevin duranke01 30 20141218 OKC 0
Adams Steven adamsst01 6 20141218 OKC 0
Morrow Anthony morroan01 4 20141218 OKC 0
Jackson Reggie jacksre01 4 20141218 OKC 0
Jones Perry jonespe01 4 20141218 OKC 0
Perkins Kendrick perkike01 2 20141218 OKC 0
Lamb Jeremy lambje01 4 20141218 OKC 0
Green Draymond greendr01 16 20141218 GSW 1
Curry Stephen curryst01 34 20141218 GSW 1
Thompson Klay thompkl01 19 20141218 GSW 1
Barnes Harrison barneha02 12 20141218 GSW 1
Ezeli Festus ezelife01 4 20141218 GSW 1
Iguodala Andre iguodan01 7 20141218 GSW 1
Speights Marreese speigma01 10 20141218 GSW 1
Livingston Shaun livinsh01 12 20141218 GSW 1
Holiday Justin holidju01 0 20141218 GSW 1
Gay Rudy gayru01 13 20141222 SAC 2
McLemore Ben mclembe01 11 20141222 SAC 2
Collison Darren collida01 17 20141222 SAC 2
Cousins DeMarcus couside01 22 20141222 SAC 2
Thompson Jason thompja02 6 20141222 SAC 2
Casspi Omri casspom01 16 20141222 SAC 2
McCallum Ray mccalra01 5 20141222 SAC 2
Williams Derrick willide02 3 20141222 SAC 2
Stauskas Nik stausni01 3 20141222 SAC 2
Landry Carl landrca01 12 20141222 SAC 2
Sessions Ramon sessira01 0 20141222 SAC 2
Thompson Klay thompkl01 25 20141222 GSW 1
Barnes Harrison barneha02 8 20141222 GSW 1
Curry Stephen curryst01 12 20141222 GSW 1
Green Draymond greendr01 6 20141222 GSW 1
Ezeli Festus ezelife01 15 20141222 GSW 1
Livingston Shaun livinsh01 6 20141222 GSW 1
Iguodala Andre iguodan01 12 20141222 GSW 1
Holiday Justin holidju01 18 20141222 GSW 1
Lee David leeda02 6 20141222 GSW 1
Speights Marreese speigma01 12 20141222 GSW 1
Rush Brandon rushbr01 2 20141222 GSW 1
Barbosa Leandro barbole01 4 20141222 GSW 1
Kuzmić Ognjen kuzmiog01 2 20141222 GSW 1
Thompson Klay thompkl01 18 20141223 GSW 0
Curry Stephen curryst01 22 20141223 GSW 0
Barnes Harrison barneha02 5 20141223 GSW 0
Green Draymond greendr01 2 20141223 GSW 0
Ezeli Festus ezelife01 10 20141223 GSW 0
Speights Marreese speigma01 6 20141223 GSW 0
Holiday Justin holidju01 11 20141223 GSW 0
Lee David leeda02 12 20141223 GSW 0
Livingston Shaun livinsh01 5 20141223 GSW 0
Iguodala Andre iguodan01 3 20141223 GSW 0
Barbosa Leandro barbole01 9 20141223 GSW 0
Kuzmić Ognjen kuzmiog01 2 20141223 GSW 0
Rush Brandon rushbr01 0 20141223 GSW 0
Price Ronnie pricero01 17 20141223 LAL 1
Johnson Wesley johnswe01 14 20141223 LAL 1
Ellington Wayne ellinwa01 12 20141223 LAL 1
Davis Ed davised01 14 20141223 LAL 1
Hill Jordan hilljo01 4 20141223 LAL 1
Young Nick youngni01 15 20141223 LAL 1
Boozer Carlos boozeca01 18 20141223 LAL 1
Lin Jeremy linje01 11 20141223 LAL 1
Sacre Robert sacrero01 6 20141223 LAL 1
Clarkson Jordan clarkjo01 4 20141223 LAL 1
Ellington Wayne ellinwa01 12 20141225 LAL 0
Johnson Wesley johnswe01 19 20141225 LAL 0
Davis Ed davised01 13 20141225 LAL 0
Hill Jordan hilljo01 16 20141225 LAL 0
Price Ronnie pricero01 7 20141225 LAL 0
Lin Jeremy linje01 6 20141225 LAL 0
Boozer Carlos boozeca01 14 20141225 LAL 0
Young Nick youngni01 3 20141225 LAL 0
Sacre Robert sacrero01 2 20141225 LAL 0
Clarkson Jordan clarkjo01 1 20141225 LAL 0
Butler Jimmy butleji01 21 20141225 CHI 1
Gasol Pau gasolpa01 23 20141225 CHI 1
Rose Derrick rosede01 20 20141225 CHI 1
Noah Joakim noahjo01 4 20141225 CHI 1
Dunleavy Mike dunlemi02 6 20141225 CHI 1
Brooks Aaron brookaa01 13 20141225 CHI 1
Gibson Taj gibsota01 9 20141225 CHI 1
Mirotić Nikola mirotni01 13 20141225 CHI 1
Moore E'Twaun mooreet01 4 20141225 CHI 1
Snell Tony snellto01 0 20141225 CHI 1
Bairstow Cameron bairsca01 0 20141225 CHI 1
Davis Anthony davisan02 29 20141227 NOP 2
Evans Tyreke evansty01 26 20141227 NOP 2
Holiday Jrue holidjr01 19 20141227 NOP 2
Aşık Ömer asikom01 4 20141227 NOP 2
Babbitt Luke babbilu01 0 20141227 NOP 2
Rivers Austin riverau01 7 20141227 NOP 2
Anderson Ryan anderry01 13 20141227 NOP 2
Cunningham Dante cunnida01 0 20141227 NOP 2
Salmons John salmojo01 0 20141227 NOP 2
Ajinça Alexis ajincal01 2 20141227 NOP 2
Butler Jimmy butleji01 33 20141227 CHI 1
Gasol Pau gasolpa01 8 20141227 CHI 1
Dunleavy Mike dunlemi02 3 20141227 CHI 1
Noah Joakim noahjo01 7 20141227 CHI 1
Rose Derrick rosede01 19 20141227 CHI 1
Brooks Aaron brookaa01 13 20141227 CHI 1
Gibson Taj gibsota01 12 20141227 CHI 1
Moore E'Twaun mooreet01 2 20141227 CHI 1
Mirotić Nikola mirotni01 10 20141227 CHI 1
Snell Tony snellto01 0 20141227 CHI 1
Butler Jimmy butleji01 27 20141229 CHI 1
Gasol Pau gasolpa01 20 20141229 CHI 1
Rose Derrick rosede01 17 20141229 CHI 1
Noah Joakim noahjo01 6 20141229 CHI 1
Dunleavy Mike dunlemi02 8 20141229 CHI 1
Brooks Aaron brookaa01 2 20141229 CHI 1
Gibson Taj gibsota01 7 20141229 CHI 1
Moore E'Twaun mooreet01 0 20141229 CHI 1
Mirotić Nikola mirotni01 5 20141229 CHI 1
Snell Tony snellto01 0 20141229 CHI 1
Hill Solomon hillso01 10 20141229 IND 2
West David westda01 10 20141229 IND 2
Hill George hillge01 11 20141229 IND 2
Stuckey Rodney stuckro01 5 20141229 IND 2
Hibbert Roy hibbero01 6 20141229 IND 2
Allen Lavoy allenla01 6 20141229 IND 2
Watson C.J. watsocj01 4 20141229 IND 2
Miles C.J. milescj01 11 20141229 IND 2
Scola Luis scolalu01 10 20141229 IND 2
Copeland Chris copelch01 17 20141229 IND 2
Johnson Joe johnsjo02 20 20141230 BRK 1
Lopez Brook lopezbr01 29 20141230 BRK 1
Jack Jarrett jackja01 11 20141230 BRK 1
Karasev Sergey karasse01 2 20141230 BRK 1
Plumlee Mason plumlma01 6 20141230 BRK 1
Teletović Mirza teletmi01 5 20141230 BRK 1
Anderson Alan anderal01 11 20141230 BRK 1
Williams Deron willide01 6 20141230 BRK 1
Jordan Jerome jordaje01 6 20141230 BRK 1
Jefferson Cory jeffeco01 0 20141230 BRK 1
Morris Darius morrida01 0 20141230 BRK 1
Davies Brandon daviebr01 0 20141230 BRK 1
Bogdanović Bojan bogdabo02 0 20141230 BRK 1
Butler Jimmy butleji01 8 20141230 CHI 0
Dunleavy Mike dunlemi02 23 20141230 CHI 0
Noah Joakim noahjo01 12 20141230 CHI 0
Gasol Pau gasolpa01 10 20141230 CHI 0
Rose Derrick rosede01 4 20141230 CHI 0
Gibson Taj gibsota01 8 20141230 CHI 0
Moore E'Twaun mooreet01 0 20141230 CHI 0
Mirotić Nikola mirotni01 2 20141230 CHI 0
Snell Tony snellto01 9 20141230 CHI 0
Brooks Aaron brookaa01 4 20141230 CHI 0
Mohammed Nazr mohamna01 2 20141230 CHI 0
