Hornacek Jeff hornaje01 11 19940102 PHI 1
Weatherspoon Clarence weathcl01 21 19940102 PHI 1
Bradley Shawn bradlsh01 13 19940102 PHI 1
Barros Dana barroda01 14 19940102 PHI 1
Perry Tim perryti01 11 19940102 PHI 1
Woolridge Orlando woolror01 8 19940102 PHI 1
Dawkins Johnny dawkijo01 8 19940102 PHI 1
Leckner Eric leckner01 4 19940102 PHI 1
Green Sean greense01 6 19940102 PHI 1
Kidd Warren kiddwa01 0 19940102 PHI 1
Ellis LaPhonso ellisla01 15 19940102 DEN 0
Stith Bryant stithbr01 14 19940102 DEN 0
Abdul-Rauf Mahmoud abdulma02 6 19940102 DEN 0
Mutombo Dikembe mutomdi01 8 19940102 DEN 0
Williams Reggie willire01 8 19940102 DEN 0
Dele Bison delebi01 8 19940102 DEN 0
Pack Robert packro01 8 19940102 DEN 0
Rogers Rodney rogerro01 6 19940102 DEN 0
Mee Darnell meeda01 0 19940102 DEN 0
Hammonds Tom hammoto01 3 19940102 DEN 0
Randall Mark randama01 4 19940102 DEN 0
Brooks Kevin brookke01 0 19940102 DEN 0
Weatherspoon Clarence weathcl01 19 19940104 PHI 0
Hornacek Jeff hornaje01 15 19940104 PHI 0
Bradley Shawn bradlsh01 13 19940104 PHI 0
Perry Tim perryti01 14 19940104 PHI 0
Barros Dana barroda01 10 19940104 PHI 0
Woolridge Orlando woolror01 3 19940104 PHI 0
Graham Greg grahagr01 3 19940104 PHI 0
Dawkins Johnny dawkijo01 2 19940104 PHI 0
Leckner Eric leckner01 1 19940104 PHI 0
Kidd Warren kiddwa01 4 19940104 PHI 0
Robinson David robinda01 32 19940104 SAS 1
Ellis Dale ellisda01 6 19940104 SAS 1
Del_Negro Vinny delnevi01 17 19940104 SAS 1
Anderson Willie anderwi01 8 19940104 SAS 1
Cummings Terry cummite01 7 19940104 SAS 1
Rodman Dennis rodmade01 0 19940104 SAS 1
Knight Negele knighne01 20 19940104 SAS 1
Reid J.R. reidjr01 7 19940104 SAS 1
Whitney Chris whitnch01 0 19940104 SAS 1
Daniels Lloyd daniell01 6 19940104 SAS 1
Floyd Sleepy floydsl01 0 19940104 SAS 1
Haley Jack haleyja01 4 19940104 SAS 1
Robinson David robinda01 32 19940106 SAS 0
Ellis Dale ellisda01 13 19940106 SAS 0
Anderson Willie anderwi01 13 19940106 SAS 0
Del_Negro Vinny delnevi01 6 19940106 SAS 0
Cummings Terry cummite01 2 19940106 SAS 0
Rodman Dennis rodmade01 2 19940106 SAS 0
Floyd Sleepy floydsl01 4 19940106 SAS 0
Daniels Lloyd daniell01 14 19940106 SAS 0
Reid J.R. reidjr01 8 19940106 SAS 0
Knight Negele knighne01 4 19940106 SAS 0
Haley Jack haleyja01 0 19940106 SAS 0
Sprewell Latrell sprewla01 22 19940106 GSW 1
Owens Billy owensbi01 21 19940106 GSW 1
Alexander Victor alexavi01 13 19940106 GSW 1
Johnson Avery johnsav01 13 19940106 GSW 1
Webber Chris webbech01 19 19940106 GSW 1
Mullin Chris mullich01 12 19940106 GSW 1
Houston Byron houstby01 0 19940106 GSW 1
Gatling Chris gatlich01 2 19940106 GSW 1
Jennings Keith jennike01 0 19940106 GSW 1
Grayer Jeff grayeje01 0 19940106 GSW 1
Buechler Jud buechju01 0 19940106 GSW 1
Sprewell Latrell sprewla01 15 19940109 GSW 0
Owens Billy owensbi01 17 19940109 GSW 0
Webber Chris webbech01 18 19940109 GSW 0
Johnson Avery johnsav01 13 19940109 GSW 0
Alexander Victor alexavi01 8 19940109 GSW 0
Mullin Chris mullich01 16 19940109 GSW 0
Grayer Jeff grayeje01 6 19940109 GSW 0
Jennings Keith jennike01 5 19940109 GSW 0
Gatling Chris gatlich01 8 19940109 GSW 0
Houston Byron houstby01 1 19940109 GSW 0
Buechler Jud buechju01 0 19940109 GSW 0
Grant Josh grantjo01 0 19940109 GSW 0
Majerle Dan majerda01 23 19940109 PHO 1
Green A.C. greenac01 29 19940109 PHO 1
Miller Oliver milleol01 6 19940109 PHO 1
Johnson Frank johnsfr01 26 19940109 PHO 1
Mustaf Jerrod mustaje01 2 19940109 PHO 1
Ainge Danny aingeda01 21 19940109 PHO 1
Cooper Duane coopedu01 7 19940109 PHO 1
Courtney Joe courtjo01 2 19940109 PHO 1
West Mark westma01 4 19940109 PHO 1
Kleine Joe kleinjo01 0 19940109 PHO 1
Ceballos Cedric cebalce01 2 19940109 PHO 1
Hawkins Hersey hawkihe01 8 19940111 CHH 1
Bogues Muggsy boguemu01 13 19940111 CHH 1
Johnson Eddie johnsed03 8 19940111 CHH 1
Gattison Kenny gattike01 13 19940111 CHH 1
Burrell Scott burresc01 9 19940111 CHH 1
Curry Dell curryde01 23 19940111 CHH 1
Ellis LeRon ellisle02 15 19940111 CHH 1
Gminski Mike gminsmi01 4 19940111 CHH 1
Bennett Tony benneto01 2 19940111 CHH 1
Majerle Dan majerda01 14 19940111 PHO 0
Green A.C. greenac01 18 19940111 PHO 0
Miller Oliver milleol01 15 19940111 PHO 0
Johnson Frank johnsfr01 6 19940111 PHO 0
Mustaf Jerrod mustaje01 2 19940111 PHO 0
Ainge Danny aingeda01 17 19940111 PHO 0
Cooper Duane coopedu01 6 19940111 PHO 0
Ceballos Cedric cebalce01 9 19940111 PHO 0
Kleine Joe kleinjo01 2 19940111 PHO 0
Courtney Joe courtjo01 4 19940111 PHO 0
West Mark westma01 0 19940111 PHO 0
Hawkins Hersey hawkihe01 13 19940113 CHH 0
Bogues Muggsy boguemu01 9 19940113 CHH 0
Johnson Eddie johnsed03 11 19940113 CHH 0
Gattison Kenny gattike01 9 19940113 CHH 0
Burrell Scott burresc01 9 19940113 CHH 0
Curry Dell curryde01 17 19940113 CHH 0
Mourning Alonzo mournal01 18 19940113 CHH 0
Ellis LeRon ellisle02 5 19940113 CHH 0
Bennett Tony benneto01 6 19940113 CHH 0
Wingate David wingada01 7 19940113 CHH 0
Tisdale Wayman tisdawa01 22 19940113 SAC 1
Richmond Mitch richmmi01 17 19940113 SAC 1
Simmons Lionel simmoli01 17 19940113 SAC 1
Webb Spud webbsp01 11 19940113 SAC 1
Chilcutt Pete chilcpe01 7 19940113 SAC 1
Williams Walt williwa02 15 19940113 SAC 1
Wilson Trevor wilsotr01 11 19940113 SAC 1
Smith LaBradford smithla02 13 19940113 SAC 1
Peplowski Mike peplomi01 2 19940113 SAC 1
Brown Randy brownra02 0 19940113 SAC 1
Burns Evers burnsev01 0 19940113 SAC 1
Green A.C. greenac01 35 19940115 PHO 1
Majerle Dan majerda01 13 19940115 PHO 1
Miller Oliver milleol01 11 19940115 PHO 1
Johnson Kevin johnske02 16 19940115 PHO 1
Ceballos Cedric cebalce01 14 19940115 PHO 1
Ainge Danny aingeda01 12 19940115 PHO 1
Johnson Frank johnsfr01 12 19940115 PHO 1
Kleine Joe kleinjo01 2 19940115 PHO 1
West Mark westma01 2 19940115 PHO 1
Courtney Joe courtjo01 2 19940115 PHO 1
Cooper Duane coopedu01 0 19940115 PHO 1
Mackey Malcolm mackema01 0 19940115 PHO 1
Richmond Mitch richmmi01 18 19940115 SAC 0
Wilson Trevor wilsotr01 25 19940115 SAC 0
Tisdale Wayman tisdawa01 18 19940115 SAC 0
Simmons Lionel simmoli01 11 19940115 SAC 0
Webb Spud webbsp01 10 19940115 SAC 0
Williams Walt williwa02 14 19940115 SAC 0
Smith LaBradford smithla02 2 19940115 SAC 0
Brown Randy brownra02 2 19940115 SAC 0
Peplowski Mike peplomi01 3 19940115 SAC 0
Majerle Dan majerda01 12 19940117 PHO 0
Green A.C. greenac01 17 19940117 PHO 0
Johnson Frank johnsfr01 8 19940117 PHO 0
Miller Oliver milleol01 14 19940117 PHO 0
Ceballos Cedric cebalce01 14 19940117 PHO 0
Ainge Danny aingeda01 18 19940117 PHO 0
West Mark westma01 12 19940117 PHO 0
Kleine Joe kleinjo01 4 19940117 PHO 0
Courtney Joe courtjo01 0 19940117 PHO 0
Cooper Duane coopedu01 0 19940117 PHO 0
Sprewell Latrell sprewla01 23 19940117 GSW 1
Mullin Chris mullich01 11 19940117 GSW 1
Owens Billy owensbi01 19 19940117 GSW 1
Webber Chris webbech01 16 19940117 GSW 1
Johnson Avery johnsav01 10 19940117 GSW 1
Grayer Jeff grayeje01 14 19940117 GSW 1
Alexander Victor alexavi01 6 19940117 GSW 1
Gatling Chris gatlich01 5 19940117 GSW 1
Jennings Keith jennike01 0 19940117 GSW 1
Mullin Chris mullich01 28 19940119 GSW 1
Sprewell Latrell sprewla01 23 19940119 GSW 1
Johnson Avery johnsav01 19 19940119 GSW 1
Webber Chris webbech01 18 19940119 GSW 1
Owens Billy owensbi01 11 19940119 GSW 1
Grayer Jeff grayeje01 9 19940119 GSW 1
Gatling Chris gatlich01 10 19940119 GSW 1
Alexander Victor alexavi01 2 19940119 GSW 1
Grant Josh grantjo01 0 19940119 GSW 1
Jennings Keith jennike01 0 19940119 GSW 1
Wilkins Dominique wilkido01 39 19940119 ATL 2
Willis Kevin willike02 12 19940119 ATL 2
Blaylock Mookie blaylmo01 12 19940119 ATL 2
Augmon Stacey augmost01 3 19940119 ATL 2
Koncak Jon koncajo01 0 19940119 ATL 2
Ehlo Craig ehlocr01 20 19940119 ATL 2
Lang Andrew langan01 3 19940119 ATL 2
Ferrell Duane ferredu01 23 19940119 ATL 2
Whatley Ennis whatlen01 7 19940119 ATL 2
Sprewell Latrell sprewla01 23 19940121 GSW 0
Mullin Chris mullich01 23 19940121 GSW 0
Johnson Avery johnsav01 15 19940121 GSW 0
Webber Chris webbech01 18 19940121 GSW 0
Owens Billy owensbi01 6 19940121 GSW 0
Alexander Victor alexavi01 10 19940121 GSW 0
Gatling Chris gatlich01 10 19940121 GSW 0
Grayer Jeff grayeje01 6 19940121 GSW 0
Grant Josh grantjo01 2 19940121 GSW 0
Murphy Tod murphto01 0 19940121 GSW 0
Jennings Keith jennike01 3 19940121 GSW 0
Brown Dee brownde01 22 19940121 BOS 1
Douglas Sherman douglsh01 18 19940121 BOS 1
Parish Robert parisro01 18 19940121 BOS 1
Fox Rick foxri01 17 19940121 BOS 1
Rađa Dino radjadi01 21 19940121 BOS 1
Gamble Kevin gamblke01 12 19940121 BOS 1
McDaniel Xavier mcdanxa01 9 19940121 BOS 1
Earl Acie earlac01 5 19940121 BOS 1
Abdelnaby Alaa abdelal01 2 19940121 BOS 1
Mashburn Jamal mashbja01 27 19940124 DAL 2
Jackson Jim jacksji01 20 19940124 DAL 2
Rooks Sean rooksse01 18 19940124 DAL 2
Lever Fat leverfa01 5 19940124 DAL 2
Jones Popeye jonespo01 6 19940124 DAL 2
Legler Tim legleti01 12 19940124 DAL 2
Smith Doug smithdo03 3 19940124 DAL 2
Harris Lucious harrilu01 6 19940124 DAL 2
Davis Terry daviste01 2 19940124 DAL 2
White Randy whitera01 3 19940124 DAL 2
Dreiling Greg dreilgr01 0 19940124 DAL 2
Fox Rick foxri01 22 19940124 BOS 1
Brown Dee brownde01 10 19940124 BOS 1
Douglas Sherman douglsh01 7 19940124 BOS 1
Rađa Dino radjadi01 15 19940124 BOS 1
Parish Robert parisro01 15 19940124 BOS 1
Gamble Kevin gamblke01 18 19940124 BOS 1
McDaniel Xavier mcdanxa01 11 19940124 BOS 1
Abdelnaby Alaa abdelal01 12 19940124 BOS 1
Corchiani Chris corchch01 0 19940124 BOS 1
Seikaly Rony seikaro01 23 19940126 MIA 2
Rice Glen ricegl01 12 19940126 MIA 2
Smith Steve smithst01 6 19940126 MIA 2
Shaw Brian shawbr01 13 19940126 MIA 2
Long Grant longgr01 6 19940126 MIA 2
Salley John sallejo01 6 19940126 MIA 2
Coles Bimbo colesbi01 2 19940126 MIA 2
Geiger Matt geigema01 20 19940126 MIA 2
Miner Harold minerha01 10 19940126 MIA 2
Askins Keith askinke01 0 19940126 MIA 2
Brown Dee brownde01 14 19940126 BOS 1
Douglas Sherman douglsh01 9 19940126 BOS 1
Parish Robert parisro01 11 19940126 BOS 1
Rađa Dino radjadi01 23 19940126 BOS 1
Fox Rick foxri01 12 19940126 BOS 1
McDaniel Xavier mcdanxa01 13 19940126 BOS 1
Gamble Kevin gamblke01 8 19940126 BOS 1
Abdelnaby Alaa abdelal01 11 19940126 BOS 1
Earl Acie earlac01 2 19940126 BOS 1
Majerle Dan majerda01 16 19940130 PHO 2
Green A.C. greenac01 10 19940130 PHO 2
Ceballos Cedric cebalce01 27 19940130 PHO 2
Miller Oliver milleol01 10 19940130 PHO 2
Perry Elliot perryel01 7 19940130 PHO 2
Johnson Frank johnsfr01 12 19940130 PHO 2
Kleine Joe kleinjo01 8 19940130 PHO 2
West Mark westma01 0 19940130 PHO 2
Courtney Joe courtjo01 4 19940130 PHO 2
Mackey Malcolm mackema01 0 19940130 PHO 2
Brown Dee brownde01 15 19940130 BOS 1
Douglas Sherman douglsh01 14 19940130 BOS 1
Parish Robert parisro01 14 19940130 BOS 1
Fox Rick foxri01 14 19940130 BOS 1
Rađa Dino radjadi01 21 19940130 BOS 1
McDaniel Xavier mcdanxa01 11 19940130 BOS 1
Gamble Kevin gamblke01 12 19940130 BOS 1
Abdelnaby Alaa abdelal01 5 19940130 BOS 1
Earl Acie earlac01 0 19940130 BOS 1
Pinckney Ed pincked01 0 19940130 BOS 1
Brown Dee brownde01 9 19940201 BOS 0
Rađa Dino radjadi01 14 19940201 BOS 0
Douglas Sherman douglsh01 9 19940201 BOS 0
Parish Robert parisro01 5 19940201 BOS 0
Fox Rick foxri01 2 19940201 BOS 0
Gamble Kevin gamblke01 13 19940201 BOS 0
McDaniel Xavier mcdanxa01 4 19940201 BOS 0
Abdelnaby Alaa abdelal01 8 19940201 BOS 0
Pinckney Ed pincked01 4 19940201 BOS 0
Earl Acie earlac01 6 19940201 BOS 0
Corchiani Chris corchch01 5 19940201 BOS 0
Oliver Jimmy oliveji01 0 19940201 BOS 0
Ewing Patrick ewingpa01 23 19940201 NYK 1
Oakley Charles oaklech01 8 19940201 NYK 1
Starks John starkjo01 12 19940201 NYK 1
Anthony Greg anthogr01 13 19940201 NYK 1
Smith Charles smithch01 14 19940201 NYK 1
Blackman Rolando blackro01 13 19940201 NYK 1
Mason Anthony masonan01 12 19940201 NYK 1
Bonner Anthony bonnean01 0 19940201 NYK 1
Harper Derek harpede01 12 19940201 NYK 1
Williams Herb willihe01 2 19940201 NYK 1
Gaines Corey gaineco01 5 19940201 NYK 1
Anderson Eric anderer01 0 19940201 NYK 1
Ewing Patrick ewingpa01 29 19940202 NYK 1
Oakley Charles oaklech01 18 19940202 NYK 1
Smith Charles smithch01 13 19940202 NYK 1
Anthony Greg anthogr01 4 19940202 NYK 1
Starks John starkjo01 3 19940202 NYK 1
Blackman Rolando blackro01 10 19940202 NYK 1
Harper Derek harpede01 8 19940202 NYK 1
Mason Anthony masonan01 0 19940202 NYK 1
Bonner Anthony bonnean01 0 19940202 NYK 1
Williams Herb willihe01 0 19940202 NYK 1
Gugliotta Tom guglito01 18 19940202 WSB 2
Adams Michael adamsmi01 11 19940202 WSB 2
Cheaney Calbert cheanca01 15 19940202 WSB 2
Walker Kenny walkeke01 6 19940202 WSB 2
Duckworth Kevin duckwke01 2 19940202 WSB 2
Mureșan Gheorghe muresgh01 15 19940202 WSB 2
Ellison Pervis ellispe01 4 19940202 WSB 2
Paddio Gerald paddige01 7 19940202 WSB 2
Price Brent pricebr01 2 19940202 WSB 2
Butler Mitchell butlemi02 0 19940202 WSB 2
Ewing Patrick ewingpa01 35 19940204 NYK 0
Starks John starkjo01 20 19940204 NYK 0
Oakley Charles oaklech01 12 19940204 NYK 0
Smith Charles smithch01 8 19940204 NYK 0
Anthony Greg anthogr01 1 19940204 NYK 0
Harper Derek harpede01 2 19940204 NYK 0
Mason Anthony masonan01 9 19940204 NYK 0
Blackman Rolando blackro01 8 19940204 NYK 0
Bonner Anthony bonnean01 2 19940204 NYK 0
Williams Herb willihe01 5 19940204 NYK 0
Willis Kevin willike02 25 19940204 ATL 1
Blaylock Mookie blaylmo01 22 19940204 ATL 1
Wilkins Dominique wilkido01 34 19940204 ATL 1
Augmon Stacey augmost01 8 19940204 ATL 1
Koncak Jon koncajo01 0 19940204 ATL 1
Lang Andrew langan01 9 19940204 ATL 1
Ehlo Craig ehlocr01 14 19940204 ATL 1
Whatley Ennis whatlen01 2 19940204 ATL 1
Keefe Adam keefead01 0 19940204 ATL 1
Ferrell Duane ferredu01 0 19940204 ATL 1
Augmon Stacey augmost01 10 19940205 ATL 0
Willis Kevin willike02 10 19940205 ATL 0
Blaylock Mookie blaylmo01 12 19940205 ATL 0
Wilkins Dominique wilkido01 21 19940205 ATL 0
Koncak Jon koncajo01 4 19940205 ATL 0
Ehlo Craig ehlocr01 4 19940205 ATL 0
Lang Andrew langan01 8 19940205 ATL 0
Ferrell Duane ferredu01 9 19940205 ATL 0
Whatley Ennis whatlen01 6 19940205 ATL 0
Keefe Adam keefead01 5 19940205 ATL 0
Edwards Doug edwardo01 4 19940205 ATL 0
Graham Paul grahapa01 0 19940205 ATL 0
Williams Hot_Rod williho01 19 19940205 CLE 1
Nance Larry nancela01 18 19940205 CLE 1
Price Mark pricema01 16 19940205 CLE 1
Wilkins Gerald wilkige01 16 19940205 CLE 1
Phills Bobby phillbo01 7 19940205 CLE 1
Ferry Danny ferryda01 10 19940205 CLE 1
Mills Chris millsch01 10 19940205 CLE 1
Battle John battljo01 4 19940205 CLE 1
Brandon Terrell brandte01 4 19940205 CLE 1
Higgins Rod higgiro01 5 19940205 CLE 1
Guidinger Jay guidija01 0 19940205 CLE 1
Coleman Derrick colemde01 19 19940208 NJN 2
Anderson Kenny anderke01 22 19940208 NJN 2
Edwards Kevin edwarke01 3 19940208 NJN 2
Morris Chris morrich01 19 19940208 NJN 2
Benjamin Benoit benjabe01 8 19940208 NJN 2
Newman Johnny newmajo01 9 19940208 NJN 2
Gilliam Armen gilliar01 12 19940208 NJN 2
Walters Rex waltere01 6 19940208 NJN 2
Williams Jayson willija01 3 19940208 NJN 2
Wesley David wesleda01 3 19940208 NJN 2
Brown P.J. brownpj01 0 19940208 NJN 2
Williams Hot_Rod williho01 18 19940208 CLE 1
Nance Larry nancela01 16 19940208 CLE 1
Price Mark pricema01 26 19940208 CLE 1
Wilkins Gerald wilkige01 8 19940208 CLE 1
Phills Bobby phillbo01 2 19940208 CLE 1
Mills Chris millsch01 10 19940208 CLE 1
Hill Tyrone hillty01 10 19940208 CLE 1
Battle John battljo01 11 19940208 CLE 1
Brandon Terrell brandte01 7 19940208 CLE 1
Ferry Danny ferryda01 4 19940208 CLE 1
Williams Hot_Rod williho01 14 19940209 CLE 0
Hill Tyrone hillty01 18 19940209 CLE 0
Wilkins Gerald wilkige01 13 19940209 CLE 0
Price Mark pricema01 11 19940209 CLE 0
Phills Bobby phillbo01 4 19940209 CLE 0
Ferry Danny ferryda01 14 19940209 CLE 0
Mills Chris millsch01 8 19940209 CLE 0
Brandon Terrell brandte01 6 19940209 CLE 0
Higgins Rod higgiro01 3 19940209 CLE 0
Battle John battljo01 4 19940209 CLE 0
Anderson Kenny anderke01 24 19940209 NJN 1
Edwards Kevin edwarke01 10 19940209 NJN 1
Coleman Derrick colemde01 9 19940209 NJN 1
Brown P.J. brownpj01 2 19940209 NJN 1
Benjamin Benoit benjabe01 13 19940209 NJN 1
Gilliam Armen gilliar01 19 19940209 NJN 1
Williams Jayson willija01 14 19940209 NJN 1
Newman Johnny newmajo01 11 19940209 NJN 1
Walters Rex waltere01 4 19940209 NJN 1
Schintzius Dwayne schindw01 0 19940209 NJN 1
Wesley David wesleda01 0 19940209 NJN 1
Smith Charles smithch01 15 19940215 NYK 2
Ewing Patrick ewingpa01 18 19940215 NYK 2
Anthony Greg anthogr01 8 19940215 NYK 2
Oakley Charles oaklech01 6 19940215 NYK 2
Starks John starkjo01 18 19940215 NYK 2
Mason Anthony masonan01 0 19940215 NYK 2
Davis Hubert davishu01 12 19940215 NYK 2
Williams Herb willihe01 6 19940215 NYK 2
Harper Derek harpede01 0 19940215 NYK 2
Anderson Kenny anderke01 29 19940215 NJN 1
Coleman Derrick colemde01 23 19940215 NJN 1
Edwards Kevin edwarke01 21 19940215 NJN 1
Benjamin Benoit benjabe01 11 19940215 NJN 1
Morris Chris morrich01 0 19940215 NJN 1
Brown P.J. brownpj01 2 19940215 NJN 1
Gilliam Armen gilliar01 11 19940215 NJN 1
Williams Jayson willija01 3 19940215 NJN 1
Newman Johnny newmajo01 3 19940215 NJN 1
Walters Rex waltere01 0 19940215 NJN 1
Anderson Kenny anderke01 17 19940217 NJN 1
Coleman Derrick colemde01 28 19940217 NJN 1
Edwards Kevin edwarke01 19 19940217 NJN 1
Morris Chris morrich01 10 19940217 NJN 1
Benjamin Benoit benjabe01 4 19940217 NJN 1
Brown P.J. brownpj01 8 19940217 NJN 1
Gilliam Armen gilliar01 15 19940217 NJN 1
Newman Johnny newmajo01 12 19940217 NJN 1
Walters Rex waltere01 2 19940217 NJN 1
Williams Jayson willija01 0 19940217 NJN 1
Schintzius Dwayne schindw01 2 19940217 NJN 1
Wesley David wesleda01 0 19940217 NJN 1
Oliver Jimmy oliveji01 16 19940217 BOS 2
Douglas Sherman douglsh01 14 19940217 BOS 2
Fox Rick foxri01 11 19940217 BOS 2
Parish Robert parisro01 10 19940217 BOS 2
Rađa Dino radjadi01 10 19940217 BOS 2
Abdelnaby Alaa abdelal01 9 19940217 BOS 2
Earl Acie earlac01 12 19940217 BOS 2
Gamble Kevin gamblke01 6 19940217 BOS 2
Corchiani Chris corchch01 4 19940217 BOS 2
McDaniel Xavier mcdanxa01 6 19940217 BOS 2
Pinckney Ed pincked01 0 19940217 BOS 2
Anderson Kenny anderke01 42 19940218 NJN 1
Morris Chris morrich01 17 19940218 NJN 1
Edwards Kevin edwarke01 19 19940218 NJN 1
Coleman Derrick colemde01 5 19940218 NJN 1
Benjamin Benoit benjabe01 4 19940218 NJN 1
Gilliam Armen gilliar01 14 19940218 NJN 1
Brown P.J. brownpj01 4 19940218 NJN 1
Williams Jayson willija01 4 19940218 NJN 1
Newman Johnny newmajo01 4 19940218 NJN 1
Walters Rex waltere01 0 19940218 NJN 1
Schintzius Dwayne schindw01 0 19940218 NJN 1
Gugliotta Tom guglito01 15 19940218 WSB 2
Cheaney Calbert cheanca01 31 19940218 WSB 2
Adams Michael adamsmi01 17 19940218 WSB 2
MacLean Don macledo01 16 19940218 WSB 2
Ellison Pervis ellispe01 7 19940218 WSB 2
Anderson Ron anderro01 6 19940218 WSB 2
Mureșan Gheorghe muresgh01 14 19940218 WSB 2
Butler Mitchell butlemi02 2 19940218 WSB 2
Overton Doug overtdo01 2 19940218 WSB 2
MacLean Don macledo01 18 19940220 WSB 2
Gugliotta Tom guglito01 13 19940220 WSB 2
Adams Michael adamsmi01 13 19940220 WSB 2
Ellison Pervis ellispe01 8 19940220 WSB 2
Cheaney Calbert cheanca01 4 19940220 WSB 2
Overton Doug overtdo01 8 19940220 WSB 2
Mureșan Gheorghe muresgh01 4 19940220 WSB 2
Butler Mitchell butlemi02 14 19940220 WSB 2
Anderson Ron anderro01 9 19940220 WSB 2
Price Brent pricebr01 10 19940220 WSB 2
Edwards Kevin edwarke01 14 19940220 NJN 1
Morris Chris morrich01 13 19940220 NJN 1
Gilliam Armen gilliar01 24 19940220 NJN 1
Anderson Kenny anderke01 14 19940220 NJN 1
Benjamin Benoit benjabe01 18 19940220 NJN 1
Brown P.J. brownpj01 9 19940220 NJN 1
Newman Johnny newmajo01 8 19940220 NJN 1
Walters Rex waltere01 7 19940220 NJN 1
Williams Jayson willija01 13 19940220 NJN 1
Wesley David wesleda01 2 19940220 NJN 1
Schintzius Dwayne schindw01 0 19940220 NJN 1
Seikaly Rony seikaro01 19 19940222 MIA 1
Shaw Brian shawbr01 12 19940222 MIA 1
Long Grant longgr01 9 19940222 MIA 1
Rice Glen ricegl01 21 19940222 MIA 1
Smith Steve smithst01 21 19940222 MIA 1
Coles Bimbo colesbi01 6 19940222 MIA 1
Salley John sallejo01 14 19940222 MIA 1
Burton Willie burtowi01 12 19940222 MIA 1
Askins Keith askinke01 4 19940222 MIA 1
Kessler Alec kesslal01 5 19940222 MIA 1
Gilliam Armen gilliar01 11 19940222 NJN 0
Anderson Kenny anderke01 11 19940222 NJN 0
Edwards Kevin edwarke01 10 19940222 NJN 0
Benjamin Benoit benjabe01 9 19940222 NJN 0
Morris Chris morrich01 11 19940222 NJN 0
Newman Johnny newmajo01 14 19940222 NJN 0
Walters Rex waltere01 7 19940222 NJN 0
Williams Jayson willija01 15 19940222 NJN 0
Schintzius Dwayne schindw01 4 19940222 NJN 0
Wesley David wesleda01 5 19940222 NJN 0
Rice Glen ricegl01 25 19940225 MIA 1
Smith Steve smithst01 21 19940225 MIA 1
Seikaly Rony seikaro01 13 19940225 MIA 1
Shaw Brian shawbr01 10 19940225 MIA 1
Long Grant longgr01 6 19940225 MIA 1
Coles Bimbo colesbi01 11 19940225 MIA 1
Salley John sallejo01 4 19940225 MIA 1
Geiger Matt geigema01 16 19940225 MIA 1
Burton Willie burtowi01 7 19940225 MIA 1
Askins Keith askinke01 2 19940225 MIA 1
Kessler Alec kesslal01 0 19940225 MIA 1
Graham Greg grahagr01 13 19940225 PHI 2
Weatherspoon Clarence weathcl01 22 19940225 PHI 2
Perry Tim perryti01 11 19940225 PHI 2
Barros Dana barroda01 15 19940225 PHI 2
Leckner Eric leckner01 4 19940225 PHI 2
Woolridge Orlando woolror01 0 19940225 PHI 2
Dawkins Johnny dawkijo01 8 19940225 PHI 2
Malone Moses malonmo01 5 19940225 PHI 2
Kidd Warren kiddwa01 6 19940225 PHI 2
Smith Steve smithst01 18 19940226 MIA 1
Rice Glen ricegl01 12 19940226 MIA 1
Shaw Brian shawbr01 16 19940226 MIA 1
Long Grant longgr01 18 19940226 MIA 1
Seikaly Rony seikaro01 13 19940226 MIA 1
Coles Bimbo colesbi01 12 19940226 MIA 1
Salley John sallejo01 8 19940226 MIA 1
Geiger Matt geigema01 5 19940226 MIA 1
Burton Willie burtowi01 1 19940226 MIA 1
Askins Keith askinke01 2 19940226 MIA 1
Elliott Sean elliose01 8 19940226 DET 2
Mills Terry millste01 16 19940226 DET 2
Dumars Joe dumarjo01 6 19940226 DET 2
Thomas Isiah thomais01 24 19940226 DET 2
Anderson Greg andergr01 7 19940226 DET 2
Houston Allan houstal01 15 19940226 DET 2
Hunter Lindsey hunteli01 12 19940226 DET 2
Jones Charles jonesch01 4 19940226 DET 2
Chilcutt Pete chilcpe01 6 19940226 DET 2
Wood David woodda01 2 19940226 DET 2
Macon Mark maconma01 0 19940226 DET 2
Shaw Brian shawbr01 8 19940301 MIA 1
Rice Glen ricegl01 25 19940301 MIA 1
Long Grant longgr01 22 19940301 MIA 1
Seikaly Rony seikaro01 14 19940301 MIA 1
Smith Steve smithst01 9 19940301 MIA 1
Coles Bimbo colesbi01 14 19940301 MIA 1
Geiger Matt geigema01 6 19940301 MIA 1
Burton Willie burtowi01 12 19940301 MIA 1
Salley John sallejo01 0 19940301 MIA 1
Baker Vin bakervi01 26 19940301 MIL 2
Day Todd dayto01 23 19940301 MIL 2
Norman Ken normake01 12 19940301 MIL 2
Murdock Eric murdoer01 7 19940301 MIL 2
Edwards Blue edwarbl01 2 19940301 MIL 2
Strong Derek stronde01 10 19940301 MIL 2
Mayberry Lee maybele01 11 19940301 MIL 2
Barry Jon barryjo01 7 19940301 MIL 2
Lohaus Brad lohaubr01 4 19940301 MIL 2
Cook Anthony cookan01 0 19940301 MIL 2
Rice Glen ricegl01 33 19940302 MIA 1
Shaw Brian shawbr01 19 19940302 MIA 1
Long Grant longgr01 16 19940302 MIA 1
Smith Steve smithst01 22 19940302 MIA 1
Seikaly Rony seikaro01 3 19940302 MIA 1
Salley John sallejo01 8 19940302 MIA 1
Coles Bimbo colesbi01 2 19940302 MIA 1
Burton Willie burtowi01 5 19940302 MIA 1
Smith Chris smithch03 19 19940302 MIN 2
Laettner Christian laettch01 21 19940302 MIN 2
West Doug westdo01 13 19940302 MIN 2
Rider Isaiah rideris01 15 19940302 MIN 2
King Stacey kingst01 6 19940302 MIN 2
Brown Mike brownmi01 3 19940302 MIN 2
Bailey Thurl baileth01 7 19940302 MIN 2
Person Chuck persoch01 12 19940302 MIN 2
Maxey Marlon maxeyma01 4 19940302 MIN 2
Davis Brian davisbr02 0 19940302 MIN 2
Jackson Stanley jacksst01 0 19940302 MIN 2
Frank Tellis frankte01 0 19940302 MIN 2
Weatherspoon Clarence weathcl01 6 19940305 PHI 2
Malone Jeff malonje01 21 19940305 PHI 2
Leckner Eric leckner01 4 19940305 PHI 2
Barros Dana barroda01 15 19940305 PHI 2
Perry Tim perryti01 4 19940305 PHI 2
Edwards Bill edwarbi01 4 19940305 PHI 2
Dawkins Johnny dawkijo01 2 19940305 PHI 2
Graham Greg grahagr01 7 19940305 PHI 2
Woolridge Orlando woolror01 9 19940305 PHI 2
Malone Moses malonmo01 7 19940305 PHI 2
Kidd Warren kiddwa01 4 19940305 PHI 2
Seikaly Rony seikaro01 22 19940305 MIA 1
Smith Steve smithst01 10 19940305 MIA 1
Rice Glen ricegl01 32 19940305 MIA 1
Long Grant longgr01 12 19940305 MIA 1
Shaw Brian shawbr01 12 19940305 MIA 1
Coles Bimbo colesbi01 9 19940305 MIA 1
Geiger Matt geigema01 8 19940305 MIA 1
Burton Willie burtowi01 10 19940305 MIA 1
Salley John sallejo01 0 19940305 MIA 1
Askins Keith askinke01 0 19940305 MIA 1
Miner Harold minerha01 2 19940305 MIA 1
Kessler Alec kesslal01 3 19940305 MIA 1
Douglas Sherman douglsh01 20 19940307 BOS 1
Rađa Dino radjadi01 14 19940307 BOS 1
Brown Dee brownde01 21 19940307 BOS 1
Fox Rick foxri01 16 19940307 BOS 1
Earl Acie earlac01 9 19940307 BOS 1
McDaniel Xavier mcdanxa01 14 19940307 BOS 1
Gamble Kevin gamblke01 11 19940307 BOS 1
Pinckney Ed pincked01 4 19940307 BOS 1
Oliver Jimmy oliveji01 3 19940307 BOS 1
Smith Steve smithst01 18 19940307 MIA 0
Seikaly Rony seikaro01 22 19940307 MIA 0
Rice Glen ricegl01 17 19940307 MIA 0
Long Grant longgr01 24 19940307 MIA 0
Shaw Brian shawbr01 12 19940307 MIA 0
Geiger Matt geigema01 2 19940307 MIA 0
Burton Willie burtowi01 5 19940307 MIA 0
Coles Bimbo colesbi01 4 19940307 MIA 0
Oakley Charles oaklech01 6 19940311 NYK 1
Ewing Patrick ewingpa01 28 19940311 NYK 1
Davis Hubert davishu01 25 19940311 NYK 1
Harper Derek harpede01 5 19940311 NYK 1
Bonner Anthony bonnean01 1 19940311 NYK 1
Smith Charles smithch01 12 19940311 NYK 1
Mason Anthony masonan01 3 19940311 NYK 1
Anthony Greg anthogr01 2 19940311 NYK 1
Blackman Rolando blackro01 2 19940311 NYK 1
Williams Herb willihe01 6 19940311 NYK 1
Brown Dee brownde01 16 19940311 BOS 0
Rađa Dino radjadi01 26 19940311 BOS 0
Douglas Sherman douglsh01 11 19940311 BOS 0
Parish Robert parisro01 6 19940311 BOS 0
Fox Rick foxri01 2 19940311 BOS 0
McDaniel Xavier mcdanxa01 4 19940311 BOS 0
Gamble Kevin gamblke01 16 19940311 BOS 0
Pinckney Ed pincked01 0 19940311 BOS 0
Earl Acie earlac01 2 19940311 BOS 0
Hill Tyrone hillty01 22 19940312 CLE 2
Wilkins Gerald wilkige01 11 19940312 CLE 2
Brandon Terrell brandte01 11 19940312 CLE 2
Williams Hot_Rod williho01 5 19940312 CLE 2
Phills Bobby phillbo01 2 19940312 CLE 2
Mills Chris millsch01 14 19940312 CLE 2
Nance Larry nancela01 13 19940312 CLE 2
Madkins Gerald madkige01 2 19940312 CLE 2
Ferry Danny ferryda01 6 19940312 CLE 2
Ewing Patrick ewingpa01 29 19940312 NYK 1
Davis Hubert davishu01 18 19940312 NYK 1
Oakley Charles oaklech01 12 19940312 NYK 1
Bonner Anthony bonnean01 10 19940312 NYK 1
Harper Derek harpede01 8 19940312 NYK 1
Anthony Greg anthogr01 3 19940312 NYK 1
Smith Charles smithch01 10 19940312 NYK 1
Mason Anthony masonan01 2 19940312 NYK 1
Blackman Rolando blackro01 2 19940312 NYK 1
Williams Herb willihe01 2 19940312 NYK 1
Davis Dale davisda01 6 19940315 IND 2
McKey Derrick mckeyde01 9 19940315 IND 2
Miller Reggie millere01 22 19940315 IND 2
Smits Rik smitsri01 10 19940315 IND 2
Richardson Pooh richapo01 4 19940315 IND 2
Davis Antonio davisan01 4 19940315 IND 2
Fleming Vern flemive01 11 19940315 IND 2
Scott Byron scottby01 9 19940315 IND 2
Mitchell Sam mitchsa01 5 19940315 IND 2
Workman Haywoode workmha01 0 19940315 IND 2
Williams Kenny willike03 2 19940315 IND 2
Ewing Patrick ewingpa01 26 19940315 NYK 1
Harper Derek harpede01 17 19940315 NYK 1
Oakley Charles oaklech01 15 19940315 NYK 1
Davis Hubert davishu01 15 19940315 NYK 1
Bonner Anthony bonnean01 2 19940315 NYK 1
Smith Charles smithch01 11 19940315 NYK 1
Mason Anthony masonan01 2 19940315 NYK 1
Blackman Rolando blackro01 0 19940315 NYK 1
Anthony Greg anthogr01 0 19940315 NYK 1
Gaines Corey gaineco01 0 19940315 NYK 1
Williams Herb willihe01 0 19940315 NYK 1
Baker Vin bakervi01 25 19940317 MIL 2
Norman Ken normake01 14 19940317 MIL 2
Barry Jon barryjo01 10 19940317 MIL 2
Murdock Eric murdoer01 9 19940317 MIL 2
Edwards Blue edwarbl01 21 19940317 MIL 2
Mayberry Lee maybele01 2 19940317 MIL 2
Lohaus Brad lohaubr01 2 19940317 MIL 2
Strong Derek stronde01 0 19940317 MIL 2
Gminski Mike gminsmi01 0 19940317 MIL 2
Courtney Joe courtjo01 0 19940317 MIL 2
Ewing Patrick ewingpa01 26 19940317 NYK 1
Harper Derek harpede01 13 19940317 NYK 1
Davis Hubert davishu01 6 19940317 NYK 1
Oakley Charles oaklech01 8 19940317 NYK 1
Bonner Anthony bonnean01 8 19940317 NYK 1
Mason Anthony masonan01 17 19940317 NYK 1
Smith Charles smithch01 9 19940317 NYK 1
Blackman Rolando blackro01 12 19940317 NYK 1
Anthony Greg anthogr01 0 19940317 NYK 1
Williams Herb willihe01 6 19940317 NYK 1
Douglas Sherman douglsh01 20 19940319 BOS 2
Rađa Dino radjadi01 12 19940319 BOS 2
Brown Dee brownde01 9 19940319 BOS 2
Fox Rick foxri01 12 19940319 BOS 2
Parish Robert parisro01 12 19940319 BOS 2
Earl Acie earlac01 3 19940319 BOS 2
McDaniel Xavier mcdanxa01 6 19940319 BOS 2
Oliver Jimmy oliveji01 8 19940319 BOS 2
Pinckney Ed pincked01 5 19940319 BOS 2
Harris Tony harrito01 4 19940319 BOS 2
Corchiani Chris corchch01 0 19940319 BOS 2
Oakley Charles oaklech01 16 19940319 NYK 1
Ewing Patrick ewingpa01 35 19940319 NYK 1
Harper Derek harpede01 17 19940319 NYK 1
Davis Hubert davishu01 5 19940319 NYK 1
Bonner Anthony bonnean01 2 19940319 NYK 1
Mason Anthony masonan01 7 19940319 NYK 1
Blackman Rolando blackro01 13 19940319 NYK 1
Anthony Greg anthogr01 10 19940319 NYK 1
Williams Herb willihe01 0 19940319 NYK 1
Pippen Scottie pippesc01 25 19940322 CHI 2
Grant Horace grantho01 17 19940322 CHI 2
Armstrong B.J. armstbj01 4 19940322 CHI 2
Myers Pete myerspe01 6 19940322 CHI 2
Cartwright Bill cartwbi01 7 19940322 CHI 2
Kukoč Toni kukocto01 12 19940322 CHI 2
Longley Luc longllu01 4 19940322 CHI 2
Kerr Steve kerrst01 0 19940322 CHI 2
English Jo_Jo englijo01 3 19940322 CHI 2
Wennington Bill wennibi01 0 19940322 CHI 2
Ewing Patrick ewingpa01 18 19940322 NYK 1
Oakley Charles oaklech01 12 19940322 NYK 1
Harper Derek harpede01 14 19940322 NYK 1
Davis Hubert davishu01 24 19940322 NYK 1
Bonner Anthony bonnean01 2 19940322 NYK 1
Mason Anthony masonan01 11 19940322 NYK 1
Blackman Rolando blackro01 4 19940322 NYK 1
Anthony Greg anthogr01 2 19940322 NYK 1
Williams Herb willihe01 0 19940322 NYK 1
Harper Derek harpede01 19 19940324 NYK 1
Davis Hubert davishu01 32 19940324 NYK 1
Oakley Charles oaklech01 6 19940324 NYK 1
Bonner Anthony bonnean01 17 19940324 NYK 1
Ewing Patrick ewingpa01 17 19940324 NYK 1
Mason Anthony masonan01 13 19940324 NYK 1
Anthony Greg anthogr01 11 19940324 NYK 1
Williams Herb willihe01 4 19940324 NYK 1
Anderson Eric anderer01 2 19940324 NYK 1
Gaines Corey gaineco01 2 19940324 NYK 1
King Stacey kingst01 21 19940324 MIN 2
Williams Micheal willimi02 12 19940324 MIN 2
Rider Isaiah rideris01 22 19940324 MIN 2
Laettner Christian laettch01 16 19940324 MIN 2
Person Chuck persoch01 4 19940324 MIN 2
West Doug westdo01 13 19940324 MIN 2
Smith Chris smithch03 0 19940324 MIN 2
Frank Tellis frankte01 6 19940324 MIN 2
Bailey Thurl baileth01 4 19940324 MIN 2
Maxey Marlon maxeyma01 6 19940324 MIN 2
Davis Brian davisbr02 2 19940324 MIN 2
Brown Mike brownmi01 0 19940324 MIN 2
Oakley Charles oaklech01 13 19940325 NYK 1
Ewing Patrick ewingpa01 25 19940325 NYK 1
Davis Hubert davishu01 12 19940325 NYK 1
Harper Derek harpede01 14 19940325 NYK 1
Bonner Anthony bonnean01 5 19940325 NYK 1
Mason Anthony masonan01 8 19940325 NYK 1
Anthony Greg anthogr01 8 19940325 NYK 1
Williams Herb willihe01 0 19940325 NYK 1
Davis Dale davisda01 15 19940325 IND 2
Miller Reggie millere01 18 19940325 IND 2
McKey Derrick mckeyde01 5 19940325 IND 2
Smits Rik smitsri01 7 19940325 IND 2
Workman Haywoode workmha01 0 19940325 IND 2
Davis Antonio davisan01 8 19940325 IND 2
Richardson Pooh richapo01 8 19940325 IND 2
Williams Kenny willike03 8 19940325 IND 2
Scott Byron scottby01 9 19940325 IND 2
Mitchell Sam mitchsa01 4 19940325 IND 2
Ewing Patrick ewingpa01 31 19940327 NYK 1
Davis Hubert davishu01 10 19940327 NYK 1
Bonner Anthony bonnean01 6 19940327 NYK 1
Oakley Charles oaklech01 18 19940327 NYK 1
Harper Derek harpede01 13 19940327 NYK 1
Mason Anthony masonan01 8 19940327 NYK 1
Anthony Greg anthogr01 11 19940327 NYK 1
Blackman Rolando blackro01 8 19940327 NYK 1
Williams Herb willihe01 2 19940327 NYK 1
Anderson Eric anderer01 2 19940327 NYK 1
Gaines Corey gaineco01 2 19940327 NYK 1
Scott Dennis scottde01 22 19940327 ORL 2
O'Neal Shaquille onealsh01 30 19940327 ORL 2
Anderson Nick anderni01 11 19940327 ORL 2
Hardaway Anfernee hardaan01 7 19940327 ORL 2
Turner Jeff turneje01 8 19940327 ORL 2
Royal Donald royaldo01 4 19940327 ORL 2
Skiles Scott skilesc01 0 19940327 ORL 2
Bowie Anthony bowiean01 4 19940327 ORL 2
Rollins Tree rollitr01 0 19940327 ORL 2
Green Litterial greenli01 4 19940327 ORL 2
Avent Anthony aventan01 0 19940327 ORL 2
Bogues Muggsy boguemu01 13 19940329 CHH 2
Mourning Alonzo mournal01 28 19940329 CHH 2
Johnson Larry johnsla02 19 19940329 CHH 2
Hawkins Hersey hawkihe01 16 19940329 CHH 2
Wingate David wingada01 2 19940329 CHH 2
Curry Dell curryde01 13 19940329 CHH 2
Gattison Kenny gattike01 0 19940329 CHH 2
Brickowski Frank brickfr01 2 19940329 CHH 2
Johnson Eddie johnsed03 0 19940329 CHH 2
Burrell Scott burresc01 2 19940329 CHH 2
Harper Derek harpede01 12 19940329 NYK 1
Oakley Charles oaklech01 22 19940329 NYK 1
Ewing Patrick ewingpa01 17 19940329 NYK 1
Bonner Anthony bonnean01 4 19940329 NYK 1
Davis Hubert davishu01 6 19940329 NYK 1
Mason Anthony masonan01 17 19940329 NYK 1
Blackman Rolando blackro01 13 19940329 NYK 1
Anthony Greg anthogr01 8 19940329 NYK 1
Williams Herb willihe01 7 19940329 NYK 1
Gaines Corey gaineco01 0 19940329 NYK 1
Salley John sallejo01 14 19940402 MIA 2
Long Grant longgr01 12 19940402 MIA 2
Smith Steve smithst01 6 19940402 MIA 2
Shaw Brian shawbr01 5 19940402 MIA 2
Burton Willie burtowi01 4 19940402 MIA 2
Miner Harold minerha01 15 19940402 MIA 2
Askins Keith askinke01 13 19940402 MIA 2
Coles Bimbo colesbi01 8 19940402 MIA 2
Geiger Matt geigema01 8 19940402 MIA 2
Kessler Alec kesslal01 2 19940402 MIA 2
Oakley Charles oaklech01 17 19940402 NYK 1
Ewing Patrick ewingpa01 15 19940402 NYK 1
Bonner Anthony bonnean01 5 19940402 NYK 1
Davis Hubert davishu01 21 19940402 NYK 1
Harper Derek harpede01 13 19940402 NYK 1
Mason Anthony masonan01 9 19940402 NYK 1
Anthony Greg anthogr01 12 19940402 NYK 1
Blackman Rolando blackro01 5 19940402 NYK 1
Williams Herb willihe01 10 19940402 NYK 1
Anderson Eric anderer01 3 19940402 NYK 1
Gaines Corey gaineco01 0 19940402 NYK 1
Ewing Patrick ewingpa01 18 19940405 NYK 0
Davis Hubert davishu01 15 19940405 NYK 0
Oakley Charles oaklech01 10 19940405 NYK 0
Harper Derek harpede01 6 19940405 NYK 0
Bonner Anthony bonnean01 10 19940405 NYK 0
Mason Anthony masonan01 7 19940405 NYK 0
Anthony Greg anthogr01 5 19940405 NYK 0
Blackman Rolando blackro01 3 19940405 NYK 0
Williams Herb willihe01 10 19940405 NYK 0
Gaines Corey gaineco01 2 19940405 NYK 0
Long Grant longgr01 15 19940405 MIA 1
Salley John sallejo01 15 19940405 MIA 1
Rice Glen ricegl01 11 19940405 MIA 1
Smith Steve smithst01 20 19940405 MIA 1
Shaw Brian shawbr01 4 19940405 MIA 1
Miner Harold minerha01 22 19940405 MIA 1
Coles Bimbo colesbi01 8 19940405 MIA 1
Askins Keith askinke01 3 19940405 MIA 1
Geiger Matt geigema01 2 19940405 MIA 1
Smith Steve smithst01 26 19940406 MIA 1
Rice Glen ricegl01 21 19940406 MIA 1
Salley John sallejo01 16 19940406 MIA 1
Long Grant longgr01 17 19940406 MIA 1
Shaw Brian shawbr01 8 19940406 MIA 1
Geiger Matt geigema01 12 19940406 MIA 1
Coles Bimbo colesbi01 10 19940406 MIA 1
Askins Keith askinke01 0 19940406 MIA 1
Miner Harold minerha01 4 19940406 MIA 1
Cheaney Calbert cheanca01 17 19940406 WSB 2
Gugliotta Tom guglito01 19 19940406 WSB 2
Chapman Rex chapmre01 19 19940406 WSB 2
MacLean Don macledo01 12 19940406 WSB 2
Butler Mitchell butlemi02 26 19940406 WSB 2
Adams Michael adamsmi01 6 19940406 WSB 2
Walker Kenny walkeke01 2 19940406 WSB 2
Conlon Marty conloma01 2 19940406 WSB 2
Anderson Nick anderni01 25 19940409 ORL 1
Hardaway Anfernee hardaan01 24 19940409 ORL 1
Scott Dennis scottde01 23 19940409 ORL 1
O'Neal Shaquille onealsh01 17 19940409 ORL 1
Turner Jeff turneje01 1 19940409 ORL 1
Royal Donald royaldo01 7 19940409 ORL 1
Skiles Scott skilesc01 15 19940409 ORL 1
Krystkowiak Larry krystla01 5 19940409 ORL 1
Rollins Tree rollitr01 8 19940409 ORL 1
Salley John sallejo01 19 19940409 MIA 0
Smith Steve smithst01 21 19940409 MIA 0
Rice Glen ricegl01 31 19940409 MIA 0
Long Grant longgr01 6 19940409 MIA 0
Shaw Brian shawbr01 10 19940409 MIA 0
Geiger Matt geigema01 6 19940409 MIA 0
Coles Bimbo colesbi01 5 19940409 MIA 0
Miner Harold minerha01 7 19940409 MIA 0
Askins Keith askinke01 0 19940409 MIA 0
O'Neal Shaquille onealsh01 23 19940411 ORL 1
Scott Dennis scottde01 15 19940411 ORL 1
Hardaway Anfernee hardaan01 20 19940411 ORL 1
Anderson Nick anderni01 36 19940411 ORL 1
Turner Jeff turneje01 4 19940411 ORL 1
Krystkowiak Larry krystla01 2 19940411 ORL 1
Skiles Scott skilesc01 6 19940411 ORL 1
Royal Donald royaldo01 2 19940411 ORL 1
Rollins Tree rollitr01 0 19940411 ORL 1
Ewing Patrick ewingpa01 22 19940411 NYK 2
Oakley Charles oaklech01 16 19940411 NYK 2
Davis Hubert davishu01 18 19940411 NYK 2
Harper Derek harpede01 13 19940411 NYK 2
Smith Charles smithch01 10 19940411 NYK 2
Mason Anthony masonan01 3 19940411 NYK 2
Anthony Greg anthogr01 7 19940411 NYK 2
Blackman Rolando blackro01 11 19940411 NYK 2
Williams Herb willihe01 0 19940411 NYK 2
Bogues Muggsy boguemu01 8 19940414 CHH 1
Johnson Larry johnsla02 31 19940414 CHH 1
Mourning Alonzo mournal01 17 19940414 CHH 1
Hawkins Hersey hawkihe01 6 19940414 CHH 1
Wingate David wingada01 5 19940414 CHH 1
Curry Dell curryde01 21 19940414 CHH 1
Brickowski Frank brickfr01 4 19940414 CHH 1
Gattison Kenny gattike01 17 19940414 CHH 1
Burrell Scott burresc01 3 19940414 CHH 1
Bennett Tony benneto01 0 19940414 CHH 1
O'Neal Shaquille onealsh01 37 19940414 ORL 0
Scott Dennis scottde01 32 19940414 ORL 0
Anderson Nick anderni01 21 19940414 ORL 0
Hardaway Anfernee hardaan01 5 19940414 ORL 0
Turner Jeff turneje01 9 19940414 ORL 0
Rollins Tree rollitr01 0 19940414 ORL 0
Skiles Scott skilesc01 2 19940414 ORL 0
Royal Donald royaldo01 0 19940414 ORL 0
Bowie Anthony bowiean01 2 19940414 ORL 0
Krystkowiak Larry krystla01 0 19940414 ORL 0
Armstrong B.J. armstbj01 17 19940415 CHI 1
Grant Horace grantho01 15 19940415 CHI 1
Pippen Scottie pippesc01 24 19940415 CHI 1
Myers Pete myerspe01 8 19940415 CHI 1
Longley Luc longllu01 4 19940415 CHI 1
Kerr Steve kerrst01 8 19940415 CHI 1
Williams Scott willisc01 8 19940415 CHI 1
Wennington Bill wennibi01 2 19940415 CHI 1
Kukoč Toni kukocto01 2 19940415 CHI 1
Paxson John paxsojo01 0 19940415 CHI 1
Bogues Muggsy boguemu01 10 19940415 CHH 0
Johnson Larry johnsla02 9 19940415 CHH 0
Mourning Alonzo mournal01 11 19940415 CHH 0
Hawkins Hersey hawkihe01 4 19940415 CHH 0
Wingate David wingada01 8 19940415 CHH 0
Curry Dell curryde01 20 19940415 CHH 0
Gattison Kenny gattike01 7 19940415 CHH 0
Brickowski Frank brickfr01 4 19940415 CHH 0
Johnson Eddie johnsed03 4 19940415 CHH 0
Burrell Scott burresc01 4 19940415 CHH 0
Bennett Tony benneto01 4 19940415 CHH 0
Ellis LeRon ellisle02 0 19940415 CHH 0
Pippen Scottie pippesc01 34 19940417 CHI 0
Grant Horace grantho01 17 19940417 CHI 0
Armstrong B.J. armstbj01 14 19940417 CHI 0
Myers Pete myerspe01 6 19940417 CHI 0
Longley Luc longllu01 8 19940417 CHI 0
Kukoč Toni kukocto01 8 19940417 CHI 0
Kerr Steve kerrst01 2 19940417 CHI 0
Williams Scott willisc01 6 19940417 CHI 0
Wennington Bill wennibi01 4 19940417 CHI 0
Blount Corie blounco01 2 19940417 CHI 0
O'Neal Shaquille onealsh01 32 19940417 ORL 1
Hardaway Anfernee hardaan01 21 19940417 ORL 1
Anderson Nick anderni01 22 19940417 ORL 1
Turner Jeff turneje01 15 19940417 ORL 1
Scott Dennis scottde01 9 19940417 ORL 1
Skiles Scott skilesc01 4 19940417 ORL 1
Royal Donald royaldo01 13 19940417 ORL 1
Krystkowiak Larry krystla01 2 19940417 ORL 1
Rollins Tree rollitr01 0 19940417 ORL 1
Scott Dennis scottde01 20 19940419 ORL 1
Hardaway Anfernee hardaan01 25 19940419 ORL 1
Anderson Nick anderni01 17 19940419 ORL 1
O'Neal Shaquille onealsh01 19 19940419 ORL 1
Krystkowiak Larry krystla01 12 19940419 ORL 1
Avent Anthony aventan01 13 19940419 ORL 1
Rollins Tree rollitr01 2 19940419 ORL 1
Skiles Scott skilesc01 6 19940419 ORL 1
Royal Donald royaldo01 6 19940419 ORL 1
Bowie Anthony bowiean01 8 19940419 ORL 1
Green Litterial greenli01 4 19940419 ORL 1
Dumars Joe dumarjo01 25 19940419 DET 2
Mills Terry millste01 6 19940419 DET 2
Elliott Sean elliose01 6 19940419 DET 2
Thomas Isiah thomais01 12 19940419 DET 2
Anderson Greg andergr01 4 19940419 DET 2
Houston Allan houstal01 16 19940419 DET 2
Jones Charles jonesch01 4 19940419 DET 2
Chilcutt Pete chilcpe01 6 19940419 DET 2
Hunter Lindsey hunteli01 4 19940419 DET 2
Wood David woodda01 10 19940419 DET 2
Macon Mark maconma01 9 19940419 DET 2
Liberty Marcus liberma01 2 19940419 DET 2
Rider Isaiah rideris01 28 19940420 MIN 2
Laettner Christian laettch01 6 19940420 MIN 2
West Doug westdo01 12 19940420 MIN 2
Brown Mike brownmi01 6 19940420 MIN 2
Williams Micheal willimi02 4 19940420 MIN 2
Person Chuck persoch01 17 19940420 MIN 2
Bailey Thurl baileth01 5 19940420 MIN 2
Smith Chris smithch03 7 19940420 MIN 2
Maxey Marlon maxeyma01 2 19940420 MIN 2
Jackson Stanley jacksst01 4 19940420 MIN 2
Guibert Andrés guibean01 10 19940420 MIN 2
Davis Brian davisbr02 0 19940420 MIN 2
Scott Dennis scottde01 12 19940420 ORL 1
O'Neal Shaquille onealsh01 53 19940420 ORL 1
Krystkowiak Larry krystla01 10 19940420 ORL 1
Hardaway Anfernee hardaan01 16 19940420 ORL 1
Anderson Nick anderni01 15 19940420 ORL 1
Avent Anthony aventan01 2 19940420 ORL 1
Royal Donald royaldo01 4 19940420 ORL 1
Skiles Scott skilesc01 3 19940420 ORL 1
Bowie Anthony bowiean01 3 19940420 ORL 1
Green Litterial greenli01 3 19940420 ORL 1
O'Neal Shaquille onealsh01 27 19940423 ORL 0
Scott Dennis scottde01 20 19940423 ORL 0
Hardaway Anfernee hardaan01 18 19940423 ORL 0
Anderson Nick anderni01 11 19940423 ORL 0
Krystkowiak Larry krystla01 4 19940423 ORL 0
Avent Anthony aventan01 7 19940423 ORL 0
Skiles Scott skilesc01 2 19940423 ORL 0
Royal Donald royaldo01 0 19940423 ORL 0
Rollins Tree rollitr01 0 19940423 ORL 0
Blaylock Mookie blaylmo01 15 19940423 ATL 1
Augmon Stacey augmost01 22 19940423 ATL 1
Willis Kevin willike02 21 19940423 ATL 1
Manning Danny mannida01 19 19940423 ATL 1
Koncak Jon koncajo01 4 19940423 ATL 1
Ehlo Craig ehlocr01 6 19940423 ATL 1
Lang Andrew langan01 6 19940423 ATL 1
Whatley Ennis whatlen01 0 19940423 ATL 1
Ferrell Duane ferredu01 0 19940423 ATL 1
Salley John sallejo01 14 19940428 MIA 1
Rice Glen ricegl01 13 19940428 MIA 1
Smith Steve smithst01 22 19940428 MIA 1
Long Grant longgr01 9 19940428 MIA 1
Shaw Brian shawbr01 0 19940428 MIA 1
Coles Bimbo colesbi01 17 19940428 MIA 1
Seikaly Rony seikaro01 13 19940428 MIA 1
Miner Harold minerha01 5 19940428 MIA 1
Askins Keith askinke01 0 19940428 MIA 1
Blaylock Mookie blaylmo01 9 19940428 ATL 0
Willis Kevin willike02 17 19940428 ATL 0
Augmon Stacey augmost01 14 19940428 ATL 0
Manning Danny mannida01 10 19940428 ATL 0
Koncak Jon koncajo01 11 19940428 ATL 0
Ehlo Craig ehlocr01 15 19940428 ATL 0
Keefe Adam keefead01 6 19940428 ATL 0
Ferrell Duane ferredu01 4 19940428 ATL 0
Whatley Ennis whatlen01 2 19940428 ATL 0
Lang Andrew langan01 0 19940428 ATL 0
Rice Glen ricegl01 9 19940430 MIA 0
Salley John sallejo01 4 19940430 MIA 0
Smith Steve smithst01 24 19940430 MIA 0
Long Grant longgr01 10 19940430 MIA 0
Shaw Brian shawbr01 10 19940430 MIA 0
Coles Bimbo colesbi01 13 19940430 MIA 0
Miner Harold minerha01 15 19940430 MIA 0
Seikaly Rony seikaro01 0 19940430 MIA 0
Geiger Matt geigema01 1 19940430 MIA 0
Burton Willie burtowi01 0 19940430 MIA 0
Blaylock Mookie blaylmo01 8 19940430 ATL 1
Manning Danny mannida01 20 19940430 ATL 1
Willis Kevin willike02 18 19940430 ATL 1
Augmon Stacey augmost01 6 19940430 ATL 1
Koncak Jon koncajo01 4 19940430 ATL 1
Ehlo Craig ehlocr01 17 19940430 ATL 1
Ferrell Duane ferredu01 23 19940430 ATL 1
Lang Andrew langan01 3 19940430 ATL 1
Whatley Ennis whatlen01 4 19940430 ATL 1
Keefe Adam keefead01 1 19940430 ATL 1
Manning Danny mannida01 16 19940503 ATL 0
Willis Kevin willike02 2 19940503 ATL 0
Blaylock Mookie blaylmo01 9 19940503 ATL 0
Augmon Stacey augmost01 10 19940503 ATL 0
Koncak Jon koncajo01 6 19940503 ATL 0
Ehlo Craig ehlocr01 20 19940503 ATL 0
Ferrell Duane ferredu01 10 19940503 ATL 0
Whatley Ennis whatlen01 6 19940503 ATL 0
Lang Andrew langan01 7 19940503 ATL 0
Salley John sallejo01 12 19940503 MIA 1
Seikaly Rony seikaro01 12 19940503 MIA 1
Smith Steve smithst01 25 19940503 MIA 1
Rice Glen ricegl01 19 19940503 MIA 1
Shaw Brian shawbr01 4 19940503 MIA 1
Coles Bimbo colesbi01 14 19940503 MIA 1
Burton Willie burtowi01 2 19940503 MIA 1
Miner Harold minerha01 2 19940503 MIA 1
Geiger Matt geigema01 0 19940503 MIA 1
Manning Danny mannida01 26 19940505 ATL 1
Augmon Stacey augmost01 19 19940505 ATL 1
Blaylock Mookie blaylmo01 29 19940505 ATL 1
Willis Kevin willike02 6 19940505 ATL 1
Koncak Jon koncajo01 8 19940505 ATL 1
Ehlo Craig ehlocr01 8 19940505 ATL 1
Lang Andrew langan01 5 19940505 ATL 1
Whatley Ennis whatlen01 2 19940505 ATL 1
Ferrell Duane ferredu01 0 19940505 ATL 1
Keefe Adam keefead01 0 19940505 ATL 1
Seikaly Rony seikaro01 9 19940505 MIA 0
Smith Steve smithst01 15 19940505 MIA 0
Rice Glen ricegl01 13 19940505 MIA 0
Salley John sallejo01 8 19940505 MIA 0
Shaw Brian shawbr01 8 19940505 MIA 0
Coles Bimbo colesbi01 18 19940505 MIA 0
Long Grant longgr01 8 19940505 MIA 0
Miner Harold minerha01 10 19940505 MIA 0
Salley John sallejo01 17 19940508 MIA 2
Rice Glen ricegl01 11 19940508 MIA 2
Smith Steve smithst01 10 19940508 MIA 2
Shaw Brian shawbr01 17 19940508 MIA 2
Seikaly Rony seikaro01 7 19940508 MIA 2
Long Grant longgr01 22 19940508 MIA 2
Coles Bimbo colesbi01 7 19940508 MIA 2
Willis Kevin willike02 24 19940508 ATL 1
Blaylock Mookie blaylmo01 13 19940508 ATL 1
Manning Danny mannida01 18 19940508 ATL 1
Augmon Stacey augmost01 14 19940508 ATL 1
Koncak Jon koncajo01 11 19940508 ATL 1
Ehlo Craig ehlocr01 9 19940508 ATL 1
Lang Andrew langan01 12 19940508 ATL 1
Whatley Ennis whatlen01 0 19940508 ATL 1
Ferrell Duane ferredu01 1 19940508 ATL 1
Davis Dale davisda01 14 19940510 IND 1
Miller Reggie millere01 18 19940510 IND 1
Workman Haywoode workmha01 13 19940510 IND 1
Smits Rik smitsri01 14 19940510 IND 1
McKey Derrick mckeyde01 2 19940510 IND 1
Davis Antonio davisan01 15 19940510 IND 1
Scott Byron scottby01 9 19940510 IND 1
Fleming Vern flemive01 6 19940510 IND 1
Mitchell Sam mitchsa01 3 19940510 IND 1
Williams Kenny willike03 2 19940510 IND 1
Manning Danny mannida01 21 19940510 ATL 0
Blaylock Mookie blaylmo01 10 19940510 ATL 0
Willis Kevin willike02 17 19940510 ATL 0
Augmon Stacey augmost01 17 19940510 ATL 0
Koncak Jon koncajo01 6 19940510 ATL 0
Lang Andrew langan01 8 19940510 ATL 0
Ehlo Craig ehlocr01 4 19940510 ATL 0
Whatley Ennis whatlen01 0 19940510 ATL 0
Ferrell Duane ferredu01 2 19940510 ATL 0
Davis Dale davisda01 4 19940512 IND 0
Workman Haywoode workmha01 7 19940512 IND 0
Miller Reggie millere01 12 19940512 IND 0
McKey Derrick mckeyde01 11 19940512 IND 0
Smits Rik smitsri01 8 19940512 IND 0
Davis Antonio davisan01 8 19940512 IND 0
Scott Byron scottby01 6 19940512 IND 0
Fleming Vern flemive01 9 19940512 IND 0
Williams Kenny willike03 4 19940512 IND 0
Mitchell Sam mitchsa01 0 19940512 IND 0
Blaylock Mookie blaylmo01 11 19940512 ATL 1
Manning Danny mannida01 20 19940512 ATL 1
Willis Kevin willike02 20 19940512 ATL 1
Koncak Jon koncajo01 8 19940512 ATL 1
Augmon Stacey augmost01 7 19940512 ATL 1
Ferrell Duane ferredu01 10 19940512 ATL 1
Ehlo Craig ehlocr01 14 19940512 ATL 1
Lang Andrew langan01 0 19940512 ATL 1
Whatley Ennis whatlen01 2 19940512 ATL 1
Keefe Adam keefead01 0 19940512 ATL 1
Willis Kevin willike02 14 19940514 ATL 0
Manning Danny mannida01 13 19940514 ATL 0
Blaylock Mookie blaylmo01 6 19940514 ATL 0
Augmon Stacey augmost01 13 19940514 ATL 0
Koncak Jon koncajo01 2 19940514 ATL 0
Ehlo Craig ehlocr01 9 19940514 ATL 0
Lang Andrew langan01 11 19940514 ATL 0
Ferrell Duane ferredu01 8 19940514 ATL 0
Whatley Ennis whatlen01 3 19940514 ATL 0
Keefe Adam keefead01 0 19940514 ATL 0
Edwards Doug edwardo01 0 19940514 ATL 0
Graham Paul grahapa01 2 19940514 ATL 0
Miller Reggie millere01 16 19940514 IND 1
Smits Rik smitsri01 27 19940514 IND 1
Davis Dale davisda01 6 19940514 IND 1
McKey Derrick mckeyde01 5 19940514 IND 1
Workman Haywoode workmha01 11 19940514 IND 1
Davis Antonio davisan01 9 19940514 IND 1
Scott Byron scottby01 15 19940514 IND 1
Fleming Vern flemive01 10 19940514 IND 1
Mitchell Sam mitchsa01 2 19940514 IND 1
Conner Lester connele01 0 19940514 IND 1
Williams Kenny willike03 0 19940514 IND 1
Manning Danny mannida01 35 19940515 ATL 2
Blaylock Mookie blaylmo01 11 19940515 ATL 2
Willis Kevin willike02 2 19940515 ATL 2
Augmon Stacey augmost01 4 19940515 ATL 2
Koncak Jon koncajo01 2 19940515 ATL 2
Lang Andrew langan01 17 19940515 ATL 2
Ehlo Craig ehlocr01 5 19940515 ATL 2
Ferrell Duane ferredu01 4 19940515 ATL 2
Keefe Adam keefead01 2 19940515 ATL 2
Whatley Ennis whatlen01 4 19940515 ATL 2
Miller Reggie millere01 25 19940515 IND 1
Smits Rik smitsri01 12 19940515 IND 1
Workman Haywoode workmha01 9 19940515 IND 1
Davis Dale davisda01 3 19940515 IND 1
McKey Derrick mckeyde01 12 19940515 IND 1
Davis Antonio davisan01 17 19940515 IND 1
Scott Byron scottby01 13 19940515 IND 1
Fleming Vern flemive01 5 19940515 IND 1
Williams Kenny willike03 6 19940515 IND 1
Mitchell Sam mitchsa01 0 19940515 IND 1
McKey Derrick mckeyde01 20 19940517 IND 0
Davis Dale davisda01 0 19940517 IND 0
Miller Reggie millere01 22 19940517 IND 0
Workman Haywoode workmha01 4 19940517 IND 0
Smits Rik smitsri01 6 19940517 IND 0
Davis Antonio davisan01 8 19940517 IND 0
Scott Byron scottby01 7 19940517 IND 0
Fleming Vern flemive01 9 19940517 IND 0
Williams Kenny willike03 0 19940517 IND 0
Mitchell Sam mitchsa01 0 19940517 IND 0
Manning Danny mannida01 20 19940517 ATL 1
Blaylock Mookie blaylmo01 14 19940517 ATL 1
Willis Kevin willike02 10 19940517 ATL 1
Augmon Stacey augmost01 9 19940517 ATL 1
Koncak Jon koncajo01 0 19940517 ATL 1
Lang Andrew langan01 5 19940517 ATL 1
Ehlo Craig ehlocr01 22 19940517 ATL 1
Ferrell Duane ferredu01 7 19940517 ATL 1
Whatley Ennis whatlen01 1 19940517 ATL 1
Blaylock Mookie blaylmo01 23 19940519 ATL 0
Manning Danny mannida01 21 19940519 ATL 0
Augmon Stacey augmost01 6 19940519 ATL 0
Willis Kevin willike02 4 19940519 ATL 0
Koncak Jon koncajo01 0 19940519 ATL 0
Lang Andrew langan01 7 19940519 ATL 0
Ehlo Craig ehlocr01 2 19940519 ATL 0
Ferrell Duane ferredu01 9 19940519 ATL 0
Keefe Adam keefead01 7 19940519 ATL 0
Whatley Ennis whatlen01 0 19940519 ATL 0
McKey Derrick mckeyde01 17 19940519 IND 1
Miller Reggie millere01 18 19940519 IND 1
Workman Haywoode workmha01 11 19940519 IND 1
Davis Dale davisda01 10 19940519 IND 1
Smits Rik smitsri01 27 19940519 IND 1
Davis Antonio davisan01 1 19940519 IND 1
Scott Byron scottby01 14 19940519 IND 1
Fleming Vern flemive01 0 19940519 IND 1
Davis Dale davisda01 11 19940524 IND 0
McKey Derrick mckeyde01 3 19940524 IND 0
Miller Reggie millere01 14 19940524 IND 0
Smits Rik smitsri01 27 19940524 IND 0
Fleming Vern flemive01 11 19940524 IND 0
Davis Antonio davisan01 8 19940524 IND 0
Workman Haywoode workmha01 0 19940524 IND 0
Scott Byron scottby01 7 19940524 IND 0
Williams Kenny willike03 2 19940524 IND 0
Mitchell Sam mitchsa01 6 19940524 IND 0
Ewing Patrick ewingpa01 28 19940524 NYK 1
Oakley Charles oaklech01 20 19940524 NYK 1
Starks John starkjo01 3 19940524 NYK 1
Smith Charles smithch01 6 19940524 NYK 1
Harper Derek harpede01 5 19940524 NYK 1
Mason Anthony masonan01 10 19940524 NYK 1
Anthony Greg anthogr01 16 19940524 NYK 1
Davis Hubert davishu01 12 19940524 NYK 1
Williams Herb willihe01 0 19940524 NYK 1
McKey Derrick mckeyde01 4 19940526 IND 2
Davis Dale davisda01 9 19940526 IND 2
Miller Reggie millere01 23 19940526 IND 2
Workman Haywoode workmha01 8 19940526 IND 2
Smits Rik smitsri01 22 19940526 IND 2
Davis Antonio davisan01 2 19940526 IND 2
Scott Byron scottby01 5 19940526 IND 2
Fleming Vern flemive01 3 19940526 IND 2
Williams Kenny willike03 0 19940526 IND 2
Mitchell Sam mitchsa01 2 19940526 IND 2
Thompson LaSalle thompla01 0 19940526 IND 2
Ewing Patrick ewingpa01 32 19940526 NYK 1
Oakley Charles oaklech01 17 19940526 NYK 1
Harper Derek harpede01 18 19940526 NYK 1
Smith Charles smithch01 2 19940526 NYK 1
Starks John starkjo01 9 19940526 NYK 1
Mason Anthony masonan01 7 19940526 NYK 1
Davis Hubert davishu01 1 19940526 NYK 1
Anthony Greg anthogr01 3 19940526 NYK 1
Williams Herb willihe01 0 19940526 NYK 1
Oakley Charles oaklech01 12 19940528 NYK 0
Starks John starkjo01 12 19940528 NYK 0
Ewing Patrick ewingpa01 1 19940528 NYK 0
Harper Derek harpede01 6 19940528 NYK 0
Smith Charles smithch01 8 19940528 NYK 0
Davis Hubert davishu01 9 19940528 NYK 0
Williams Herb willihe01 4 19940528 NYK 0
Mason Anthony masonan01 11 19940528 NYK 0
Anthony Greg anthogr01 5 19940528 NYK 0
Bonner Anthony bonnean01 0 19940528 NYK 0
Gaines Corey gaineco01 0 19940528 NYK 0
Blackman Rolando blackro01 0 19940528 NYK 0
McKey Derrick mckeyde01 15 19940528 IND 1
Davis Dale davisda01 10 19940528 IND 1
Smits Rik smitsri01 14 19940528 IND 1
Workman Haywoode workmha01 12 19940528 IND 1
Miller Reggie millere01 14 19940528 IND 1
Davis Antonio davisan01 8 19940528 IND 1
Scott Byron scottby01 7 19940528 IND 1
Fleming Vern flemive01 0 19940528 IND 1
Conner Lester connele01 4 19940528 IND 1
Williams Kenny willike03 2 19940528 IND 1
Thompson LaSalle thompla01 2 19940528 IND 1
Mitchell Sam mitchsa01 0 19940528 IND 1
Oakley Charles oaklech01 10 19940530 NYK 2
Ewing Patrick ewingpa01 25 19940530 NYK 2
Harper Derek harpede01 9 19940530 NYK 2
Starks John starkjo01 14 19940530 NYK 2
Smith Charles smithch01 2 19940530 NYK 2
Mason Anthony masonan01 6 19940530 NYK 2
Davis Hubert davishu01 8 19940530 NYK 2
Anthony Greg anthogr01 3 19940530 NYK 2
Williams Herb willihe01 0 19940530 NYK 2
Miller Reggie millere01 31 19940530 IND 1
Davis Dale davisda01 7 19940530 IND 1
McKey Derrick mckeyde01 10 19940530 IND 1
Workman Haywoode workmha01 5 19940530 IND 1
Smits Rik smitsri01 15 19940530 IND 1
Davis Antonio davisan01 5 19940530 IND 1
Fleming Vern flemive01 4 19940530 IND 1
Scott Byron scottby01 4 19940530 IND 1
Williams Kenny willike03 2 19940530 IND 1
Mitchell Sam mitchsa01 0 19940530 IND 1
Thompson LaSalle thompla01 0 19940530 IND 1
Conner Lester connele01 0 19940530 IND 1
Davis Dale davisda01 6 19940601 IND 1
Miller Reggie millere01 39 19940601 IND 1
Workman Haywoode workmha01 12 19940601 IND 1
McKey Derrick mckeyde01 10 19940601 IND 1
Smits Rik smitsri01 6 19940601 IND 1
Davis Antonio davisan01 12 19940601 IND 1
Fleming Vern flemive01 6 19940601 IND 1
Williams Kenny willike03 2 19940601 IND 1
Scott Byron scottby01 0 19940601 IND 1
Thompson LaSalle thompla01 0 19940601 IND 1
Conner Lester connele01 0 19940601 IND 1
Mitchell Sam mitchsa01 0 19940601 IND 1
Ewing Patrick ewingpa01 29 19940601 NYK 2
Oakley Charles oaklech01 12 19940601 NYK 2
Starks John starkjo01 16 19940601 NYK 2
Harper Derek harpede01 10 19940601 NYK 2
Smith Charles smithch01 16 19940601 NYK 2
Mason Anthony masonan01 1 19940601 NYK 2
Anthony Greg anthogr01 0 19940601 NYK 2
Davis Hubert davishu01 0 19940601 NYK 2
Williams Herb willihe01 2 19940601 NYK 2
Starks John starkjo01 26 19940603 NYK 1
Ewing Patrick ewingpa01 17 19940603 NYK 1
Oakley Charles oaklech01 14 19940603 NYK 1
Harper Derek harpede01 11 19940603 NYK 1
Smith Charles smithch01 8 19940603 NYK 1
Mason Anthony masonan01 11 19940603 NYK 1
Anthony Greg anthogr01 9 19940603 NYK 1
Davis Hubert davishu01 2 19940603 NYK 1
Williams Herb willihe01 0 19940603 NYK 1
Bonner Anthony bonnean01 0 19940603 NYK 1
Miller Reggie millere01 27 19940603 IND 0
McKey Derrick mckeyde01 9 19940603 IND 0
Davis Dale davisda01 3 19940603 IND 0
Smits Rik smitsri01 18 19940603 IND 0
Workman Haywoode workmha01 7 19940603 IND 0
Davis Antonio davisan01 11 19940603 IND 0
Fleming Vern flemive01 12 19940603 IND 0
Thompson LaSalle thompla01 4 19940603 IND 0
Scott Byron scottby01 0 19940603 IND 0
Williams Kenny willike03 0 19940603 IND 0
Mitchell Sam mitchsa01 0 19940603 IND 0
McKey Derrick mckeyde01 14 19940605 IND 2
Miller Reggie millere01 25 19940605 IND 2
Davis Dale davisda01 6 19940605 IND 2
Workman Haywoode workmha01 2 19940605 IND 2
Smits Rik smitsri01 12 19940605 IND 2
Davis Antonio davisan01 8 19940605 IND 2
Fleming Vern flemive01 2 19940605 IND 2
Scott Byron scottby01 17 19940605 IND 2
Thompson LaSalle thompla01 2 19940605 IND 2
Mitchell Sam mitchsa01 2 19940605 IND 2
Ewing Patrick ewingpa01 24 19940605 NYK 1
Oakley Charles oaklech01 14 19940605 NYK 1
Harper Derek harpede01 16 19940605 NYK 1
Starks John starkjo01 17 19940605 NYK 1
Smith Charles smithch01 5 19940605 NYK 1
Mason Anthony masonan01 12 19940605 NYK 1
Davis Hubert davishu01 6 19940605 NYK 1
Anthony Greg anthogr01 0 19940605 NYK 1
Williams Herb willihe01 0 19940605 NYK 1
Ewing Patrick ewingpa01 23 19940608 NYK 0
Oakley Charles oaklech01 12 19940608 NYK 0
Starks John starkjo01 11 19940608 NYK 0
Harper Derek harpede01 8 19940608 NYK 0
Smith Charles smithch01 9 19940608 NYK 0
Mason Anthony masonan01 5 19940608 NYK 0
Anthony Greg anthogr01 6 19940608 NYK 0
Davis Hubert davishu01 4 19940608 NYK 0
Williams Herb willihe01 0 19940608 NYK 0
Olajuwon Hakeem olajuha01 28 19940608 HOU 1
Horry Robert horryro01 9 19940608 HOU 1
Maxwell Vernon maxweve01 11 19940608 HOU 1
Thorpe Otis thorpot01 14 19940608 HOU 1
Smith Kenny smithke01 3 19940608 HOU 1
Cassell Sam cassesa01 8 19940608 HOU 1
Herrera Carl herreca01 10 19940608 HOU 1
Elie Mario eliema01 2 19940608 HOU 1
Jent Chris jentch01 0 19940608 HOU 1
Ewing Patrick ewingpa01 16 19940610 NYK 1
Starks John starkjo01 19 19940610 NYK 1
Harper Derek harpede01 18 19940610 NYK 1
Oakley Charles oaklech01 10 19940610 NYK 1
Smith Charles smithch01 10 19940610 NYK 1
Mason Anthony masonan01 13 19940610 NYK 1
Anthony Greg anthogr01 4 19940610 NYK 1
Davis Hubert davishu01 1 19940610 NYK 1
Williams Herb willihe01 0 19940610 NYK 1
Olajuwon Hakeem olajuha01 25 19940610 HOU 0
Thorpe Otis thorpot01 10 19940610 HOU 0
Maxwell Vernon maxweve01 20 19940610 HOU 0
Horry Robert horryro01 11 19940610 HOU 0
Smith Kenny smithke01 2 19940610 HOU 0
Cassell Sam cassesa01 9 19940610 HOU 0
Bullard Matt bullama01 4 19940610 HOU 0
Herrera Carl herreca01 2 19940610 HOU 0
Elie Mario eliema01 0 19940610 HOU 0
Olajuwon Hakeem olajuha01 21 19940612 HOU 1
Horry Robert horryro01 16 19940612 HOU 1
Thorpe Otis thorpot01 9 19940612 HOU 1
Maxwell Vernon maxweve01 12 19940612 HOU 1
Smith Kenny smithke01 10 19940612 HOU 1
Cassell Sam cassesa01 15 19940612 HOU 1
Herrera Carl herreca01 4 19940612 HOU 1
Elie Mario eliema01 6 19940612 HOU 1
Ewing Patrick ewingpa01 18 19940612 NYK 0
Starks John starkjo01 20 19940612 NYK 0
Oakley Charles oaklech01 7 19940612 NYK 0
Harper Derek harpede01 21 19940612 NYK 0
Smith Charles smithch01 9 19940612 NYK 0
Mason Anthony masonan01 10 19940612 NYK 0
Anthony Greg anthogr01 2 19940612 NYK 0
Davis Hubert davishu01 0 19940612 NYK 0
Bonner Anthony bonnean01 2 19940612 NYK 0
Olajuwon Hakeem olajuha01 32 19940615 HOU 0
Thorpe Otis thorpot01 9 19940615 HOU 0
Maxwell Vernon maxweve01 12 19940615 HOU 0
Horry Robert horryro01 10 19940615 HOU 0
Smith Kenny smithke01 0 19940615 HOU 0
Cassell Sam cassesa01 10 19940615 HOU 0
Herrera Carl herreca01 5 19940615 HOU 0
Bullard Matt bullama01 4 19940615 HOU 0
Elie Mario eliema01 0 19940615 HOU 0
Starks John starkjo01 20 19940615 NYK 1
Harper Derek harpede01 21 19940615 NYK 1
Ewing Patrick ewingpa01 16 19940615 NYK 1
Oakley Charles oaklech01 16 19940615 NYK 1
Smith Charles smithch01 10 19940615 NYK 1
Mason Anthony masonan01 2 19940615 NYK 1
Anthony Greg anthogr01 4 19940615 NYK 1
Bonner Anthony bonnean01 2 19940615 NYK 1
Thorpe Otis thorpot01 14 19940617 HOU 2
Olajuwon Hakeem olajuha01 27 19940617 HOU 2
Maxwell Vernon maxweve01 8 19940617 HOU 2
Horry Robert horryro01 7 19940617 HOU 2
Smith Kenny smithke01 6 19940617 HOU 2
Cassell Sam cassesa01 6 19940617 HOU 2
Herrera Carl herreca01 11 19940617 HOU 2
Elie Mario eliema01 5 19940617 HOU 2
Jent Chris jentch01 0 19940617 HOU 2
Ewing Patrick ewingpa01 25 19940617 NYK 1
Oakley Charles oaklech01 10 19940617 NYK 1
Harper Derek harpede01 14 19940617 NYK 1
Starks John starkjo01 19 19940617 NYK 1
Smith Charles smithch01 6 19940617 NYK 1
Mason Anthony masonan01 17 19940617 NYK 1
Anthony Greg anthogr01 0 19940617 NYK 1
Davis Hubert davishu01 0 19940617 NYK 1
Williams Herb willihe01 0 19940617 NYK 1
Starks John starkjo01 27 19940619 NYK 0
Ewing Patrick ewingpa01 17 19940619 NYK 0
Oakley Charles oaklech01 12 19940619 NYK 0
Harper Derek harpede01 10 19940619 NYK 0
Smith Charles smithch01 11 19940619 NYK 0
Mason Anthony masonan01 7 19940619 NYK 0
Anthony Greg anthogr01 0 19940619 NYK 0
Williams Herb willihe01 0 19940619 NYK 0
Olajuwon Hakeem olajuha01 30 19940619 HOU 1
Horry Robert horryro01 11 19940619 HOU 1
Thorpe Otis thorpot01 3 19940619 HOU 1
Maxwell Vernon maxweve01 10 19940619 HOU 1
Smith Kenny smithke01 7 19940619 HOU 1
Cassell Sam cassesa01 9 19940619 HOU 1
Herrera Carl herreca01 12 19940619 HOU 1
Elie Mario eliema01 4 19940619 HOU 1
Ewing Patrick ewingpa01 17 19940622 NYK 2
Oakley Charles oaklech01 10 19940622 NYK 2
Starks John starkjo01 8 19940622 NYK 2
Harper Derek harpede01 23 19940622 NYK 2
Smith Charles smithch01 10 19940622 NYK 2
Mason Anthony masonan01 6 19940622 NYK 2
Anthony Greg anthogr01 7 19940622 NYK 2
Davis Hubert davishu01 3 19940622 NYK 2
Olajuwon Hakeem olajuha01 25 19940622 HOU 1
Maxwell Vernon maxweve01 21 19940622 HOU 1
Horry Robert horryro01 8 19940622 HOU 1
Thorpe Otis thorpot01 6 19940622 HOU 1
Smith Kenny smithke01 11 19940622 HOU 1
Herrera Carl herreca01 6 19940622 HOU 1
Cassell Sam cassesa01 13 19940622 HOU 1
Elie Mario eliema01 0 19940622 HOU 1
Cureton Earl curetea01 0 19940622 HOU 1
Jent Chris jentch01 0 19940622 HOU 1
Anderson Kenny anderke01 14 19941104 NJN 2
Edwards Kevin edwarke01 10 19941104 NJN 2
Coleman Derrick colemde01 20 19941104 NJN 2
Benjamin Benoit benjabe01 5 19941104 NJN 2
Morris Chris morrich01 9 19941104 NJN 2
Brown P.J. brownpj01 10 19941104 NJN 2
Gilliam Armen gilliar01 9 19941104 NJN 2
Williams Jayson willija01 4 19941104 NJN 2
Higgins Sean higgise01 0 19941104 NJN 2
Walters Rex waltere01 5 19941104 NJN 2
Olajuwon Hakeem olajuha01 19 19941104 HOU 1
Maxwell Vernon maxweve01 17 19941104 HOU 1
Horry Robert horryro01 14 19941104 HOU 1
Thorpe Otis thorpot01 17 19941104 HOU 1
Smith Kenny smithke01 0 19941104 HOU 1
Cassell Sam cassesa01 12 19941104 HOU 1
Elie Mario eliema01 7 19941104 HOU 1
Herrera Carl herreca01 4 19941104 HOU 1
Caldwell Adrian caldwad01 0 19941104 HOU 1
Thorpe Otis thorpot01 18 19941105 HOU 1
Horry Robert horryro01 13 19941105 HOU 1
Olajuwon Hakeem olajuha01 23 19941105 HOU 1
Maxwell Vernon maxweve01 17 19941105 HOU 1
Cassell Sam cassesa01 12 19941105 HOU 1
Elie Mario eliema01 4 19941105 HOU 1
Brooks Scott brooksc01 13 19941105 HOU 1
Herrera Carl herreca01 4 19941105 HOU 1
Breaux Tim breauti01 6 19941105 HOU 1
Caldwell Adrian caldwad01 2 19941105 HOU 1
Tabak Žan tabakza01 3 19941105 HOU 1
Rider Isaiah rideris01 18 19941105 MIN 2
West Doug westdo01 15 19941105 MIN 2
King Stacey kingst01 9 19941105 MIN 2
Smith Chris smithch03 6 19941105 MIN 2
Laettner Christian laettch01 9 19941105 MIN 2
Marshall Donyell marshdo01 12 19941105 MIN 2
Eisley Howard eisleho01 7 19941105 MIN 2
Guibert Andrés guibean01 5 19941105 MIN 2
Brown Mike brownmi01 2 19941105 MIN 2
Rooks Sean rooksse01 2 19941105 MIN 2
Jones Askia jonesas01 0 19941105 MIN 2
Olajuwon Hakeem olajuha01 21 19941108 HOU 1
Maxwell Vernon maxweve01 17 19941108 HOU 1
Thorpe Otis thorpot01 16 19941108 HOU 1
Horry Robert horryro01 13 19941108 HOU 1
Smith Kenny smithke01 5 19941108 HOU 1
Cassell Sam cassesa01 9 19941108 HOU 1
Elie Mario eliema01 15 19941108 HOU 1
Herrera Carl herreca01 4 19941108 HOU 1
Mills Chris millsch01 18 19941108 CLE 2
Williams Hot_Rod williho01 16 19941108 CLE 2
Phills Bobby phillbo01 16 19941108 CLE 2
Price Mark pricema01 12 19941108 CLE 2
Hill Tyrone hillty01 7 19941108 CLE 2
Brandon Terrell brandte01 19 19941108 CLE 2
Cage Michael cagemi01 8 19941108 CLE 2
Campbell Tony campbto01 2 19941108 CLE 2
Dreiling Greg dreilgr01 0 19941108 CLE 2
Ferry Danny ferryda01 0 19941108 CLE 2
Olajuwon Hakeem olajuha01 43 19941109 HOU 1
Maxwell Vernon maxweve01 8 19941109 HOU 1
Thorpe Otis thorpot01 6 19941109 HOU 1
Horry Robert horryro01 9 19941109 HOU 1
Smith Kenny smithke01 13 19941109 HOU 1
Elie Mario eliema01 11 19941109 HOU 1
Cassell Sam cassesa01 13 19941109 HOU 1
Herrera Carl herreca01 6 19941109 HOU 1
Breaux Tim breauti01 0 19941109 HOU 1
Caldwell Adrian caldwad01 0 19941109 HOU 1
Miller Reggie millere01 25 19941109 IND 2
McKey Derrick mckeyde01 17 19941109 IND 2
Jackson Mark jacksma01 6 19941109 IND 2
Davis Dale davisda01 15 19941109 IND 2
Smits Rik smitsri01 3 19941109 IND 2
Davis Antonio davisan01 6 19941109 IND 2
Scott Byron scottby01 14 19941109 IND 2
Workman Haywoode workmha01 12 19941109 IND 2
Mitchell Sam mitchsa01 2 19941109 IND 2
Thompson LaSalle thompla01 2 19941109 IND 2
Ferrell Duane ferredu01 0 19941109 IND 2
Fleming Vern flemive01 2 19941109 IND 2
Olajuwon Hakeem olajuha01 26 19941111 HOU 1
Horry Robert horryro01 15 19941111 HOU 1
Maxwell Vernon maxweve01 21 19941111 HOU 1
Thorpe Otis thorpot01 6 19941111 HOU 1
Smith Kenny smithke01 10 19941111 HOU 1
Elie Mario eliema01 4 19941111 HOU 1
Cassell Sam cassesa01 10 19941111 HOU 1
Herrera Carl herreca01 5 19941111 HOU 1
Brooks Scott brooksc01 4 19941111 HOU 1
Caldwell Adrian caldwad01 1 19941111 HOU 1
Breaux Tim breauti01 0 19941111 HOU 1
Tabak Žan tabakza01 0 19941111 HOU 1
Rađa Dino radjadi01 31 19941111 BOS 2
Brown Dee brownde01 9 19941111 BOS 2
Wilkins Dominique wilkido01 8 19941111 BOS 2
Edwards Blue edwarbl01 0 19941111 BOS 2
Earl Acie earlac01 2 19941111 BOS 2
Montross Eric montrer01 8 19941111 BOS 2
McDaniel Xavier mcdanxa01 10 19941111 BOS 2
Fox Rick foxri01 9 19941111 BOS 2
Wesley David wesleda01 0 19941111 BOS 2
Strong Derek stronde01 3 19941111 BOS 2
Minor Greg minorgr01 2 19941111 BOS 2
Olajuwon Hakeem olajuha01 31 19941112 HOU 1
Horry Robert horryro01 4 19941112 HOU 1
Thorpe Otis thorpot01 16 19941112 HOU 1
Maxwell Vernon maxweve01 19 19941112 HOU 1
Smith Kenny smithke01 9 19941112 HOU 1
Elie Mario eliema01 7 19941112 HOU 1
Herrera Carl herreca01 4 19941112 HOU 1
Cassell Sam cassesa01 6 19941112 HOU 1
Breaux Tim breauti01 1 19941112 HOU 1
Caldwell Adrian caldwad01 1 19941112 HOU 1
Brooks Scott brooksc01 2 19941112 HOU 1
Tabak Žan tabakza01 0 19941112 HOU 1
Anderson Kenny anderke01 26 19941112 NJN 2
Edwards Kevin edwarke01 14 19941112 NJN 2
Coleman Derrick colemde01 7 19941112 NJN 2
Morris Chris morrich01 13 19941112 NJN 2
Benjamin Benoit benjabe01 10 19941112 NJN 2
Brown P.J. brownpj01 4 19941112 NJN 2
Gilliam Armen gilliar01 4 19941112 NJN 2
Higgins Sean higgise01 4 19941112 NJN 2
Walters Rex waltere01 2 19941112 NJN 2
Williams Jayson willija01 0 19941112 NJN 2
Richmond Mitch richmmi01 31 19941115 SAC 2
Williams Walt williwa02 15 19941115 SAC 2
Polynice Olden polynol01 10 19941115 SAC 2
Webb Spud webbsp01 11 19941115 SAC 2
Causwell Duane causwdu01 4 19941115 SAC 2
Smith Michael smithmi02 9 19941115 SAC 2
Grant Brian grantbr01 8 19941115 SAC 2
Brown Randy brownra02 6 19941115 SAC 2
Wilson Trevor wilsotr01 2 19941115 SAC 2
Hurley Bobby hurlebo01 3 19941115 SAC 2
Olajuwon Hakeem olajuha01 28 19941115 HOU 1
Maxwell Vernon maxweve01 18 19941115 HOU 1
Thorpe Otis thorpot01 15 19941115 HOU 1
Horry Robert horryro01 13 19941115 HOU 1
Smith Kenny smithke01 15 19941115 HOU 1
Cassell Sam cassesa01 8 19941115 HOU 1
Elie Mario eliema01 7 19941115 HOU 1
Herrera Carl herreca01 1 19941115 HOU 1
Breaux Tim breauti01 0 19941115 HOU 1
Pippen Scottie pippesc01 15 19941117 CHI 2
Armstrong B.J. armstbj01 14 19941117 CHI 2
Harper Ron harpero01 10 19941117 CHI 2
Perdue Will perduwi01 7 19941117 CHI 2
Blount Corie blounco01 4 19941117 CHI 2
Kukoč Toni kukocto01 7 19941117 CHI 2
Kerr Steve kerrst01 2 19941117 CHI 2
Foster Greg fostegr01 10 19941117 CHI 2
Wennington Bill wennibi01 6 19941117 CHI 2
English Jo_Jo englijo01 4 19941117 CHI 2
Buechler Jud buechju01 4 19941117 CHI 2
Simpkins Dickey simpkdi01 0 19941117 CHI 2
Olajuwon Hakeem olajuha01 29 19941117 HOU 1
Thorpe Otis thorpot01 19 19941117 HOU 1
Smith Kenny smithke01 19 19941117 HOU 1
Maxwell Vernon maxweve01 3 19941117 HOU 1
Horry Robert horryro01 14 19941117 HOU 1
Elie Mario eliema01 0 19941117 HOU 1
Cassell Sam cassesa01 10 19941117 HOU 1
Herrera Carl herreca01 6 19941117 HOU 1
Breaux Tim breauti01 3 19941117 HOU 1
Tabak Žan tabakza01 2 19941117 HOU 1
Caldwell Adrian caldwad01 1 19941117 HOU 1
Brooks Scott brooksc01 0 19941117 HOU 1
Maxwell Vernon maxweve01 16 19941119 HOU 1
Thorpe Otis thorpot01 15 19941119 HOU 1
Horry Robert horryro01 12 19941119 HOU 1
Olajuwon Hakeem olajuha01 26 19941119 HOU 1
Smith Kenny smithke01 4 19941119 HOU 1
Cassell Sam cassesa01 22 19941119 HOU 1
Herrera Carl herreca01 6 19941119 HOU 1
Elie Mario eliema01 8 19941119 HOU 1
Stith Bryant stithbr01 25 19941119 DEN 2
Mutombo Dikembe mutomdi01 8 19941119 DEN 2
Williams Reggie willire01 26 19941119 DEN 2
Rose Jalen roseja01 2 19941119 DEN 2
Rogers Rodney rogerro01 6 19941119 DEN 2
Hammonds Tom hammoto01 11 19941119 DEN 2
Abdul-Rauf Mahmoud abdulma02 21 19941119 DEN 2
Ellis Dale ellisda01 2 19941119 DEN 2
Levingston Cliff levincl01 0 19941119 DEN 2
Robinson James robinja02 12 19941122 POR 1
Robinson Clifford robincl02 29 19941122 POR 1
Dudley Chris dudlech02 5 19941122 POR 1
Drexler Clyde drexlcl01 30 19941122 POR 1
Williams Buck willibu01 4 19941122 POR 1
Bryant Mark bryanma01 11 19941122 POR 1
Grant Harvey grantha01 4 19941122 POR 1
Murray Tracy murratr01 7 19941122 POR 1
Olajuwon Hakeem olajuha01 27 19941122 HOU 0
Thorpe Otis thorpot01 12 19941122 HOU 0
Horry Robert horryro01 6 19941122 HOU 0
Maxwell Vernon maxweve01 20 19941122 HOU 0
Smith Kenny smithke01 16 19941122 HOU 0
Elie Mario eliema01 11 19941122 HOU 0
Cassell Sam cassesa01 0 19941122 HOU 0
Herrera Carl herreca01 2 19941122 HOU 0
Robinson James robinja02 19 19941123 POR 0
Robinson Clifford robincl02 30 19941123 POR 0
Drexler Clyde drexlcl01 18 19941123 POR 0
Williams Buck willibu01 6 19941123 POR 0
Dudley Chris dudlech02 4 19941123 POR 0
Bryant Mark bryanma01 15 19941123 POR 0
Grant Harvey grantha01 2 19941123 POR 0
Edwards James edwarja01 5 19941123 POR 0
Murray Tracy murratr01 6 19941123 POR 0
Henson Steve hensost01 0 19941123 POR 0
Johnson Avery johnsav01 7 19941123 SAS 1
Robinson David robinda01 36 19941123 SAS 1
Reid J.R. reidjr01 16 19941123 SAS 1
Elliott Sean elliose01 13 19941123 SAS 1
Anderson Willie anderwi01 14 19941123 SAS 1
Person Chuck persoch01 15 19941123 SAS 1
Cummings Terry cummite01 5 19941123 SAS 1
Malone Moses malonmo01 2 19941123 SAS 1
Whitney Chris whitnch01 2 19941123 SAS 1
Payton Gary paytoga01 21 19941125 SEA 1
Schrempf Detlef schrede01 20 19941125 SEA 1
Kemp Shawn kempsh01 18 19941125 SEA 1
Gill Kendall gillke01 17 19941125 SEA 1
Cartwright Bill cartwbi01 4 19941125 SEA 1
Askew Vincent askewvi01 12 19941125 SEA 1
Perkins Sam perkisa01 11 19941125 SEA 1
McMillan Nate mcmilna01 0 19941125 SEA 1
Marčiulionis Šarūnas marcisa01 8 19941125 SEA 1
Johnson Ervin johnser02 1 19941125 SEA 1
Wingfield Dontonio wingfdo01 2 19941125 SEA 1
Houston Byron houstby01 0 19941125 SEA 1
Robinson David robinda01 20 19941125 SAS 0
Elliott Sean elliose01 27 19941125 SAS 0
Johnson Avery johnsav01 14 19941125 SAS 0
Reid J.R. reidjr01 9 19941125 SAS 0
Anderson Willie anderwi01 2 19941125 SAS 0
Person Chuck persoch01 4 19941125 SAS 0
Del_Negro Vinny delnevi01 8 19941125 SAS 0
Whitney Chris whitnch01 3 19941125 SAS 0
Nwosu Julius nwosuju01 5 19941125 SAS 0
Crowder Corey crowdco01 1 19941125 SAS 0
Haley Jack haleyja01 1 19941125 SAS 0
Malone Moses malonmo01 0 19941125 SAS 0
Payton Gary paytoga01 17 19941126 SEA 1
Schrempf Detlef schrede01 15 19941126 SEA 1
Kemp Shawn kempsh01 22 19941126 SEA 1
Gill Kendall gillke01 10 19941126 SEA 1
Cartwright Bill cartwbi01 2 19941126 SEA 1
Perkins Sam perkisa01 22 19941126 SEA 1
McMillan Nate mcmilna01 0 19941126 SEA 1
Askew Vincent askewvi01 10 19941126 SEA 1
Maxwell Vernon maxweve01 23 19941126 HOU 2
Olajuwon Hakeem olajuha01 22 19941126 HOU 2
Thorpe Otis thorpot01 19 19941126 HOU 2
Horry Robert horryro01 11 19941126 HOU 2
Smith Kenny smithke01 0 19941126 HOU 2
Cassell Sam cassesa01 15 19941126 HOU 2
Herrera Carl herreca01 2 19941126 HOU 2
Elie Mario eliema01 2 19941126 HOU 2
Tabak Žan tabakza01 0 19941126 HOU 2
McKey Derrick mckeyde01 8 19941128 IND 2
Miller Reggie millere01 20 19941128 IND 2
Smits Rik smitsri01 12 19941128 IND 2
Jackson Mark jacksma01 8 19941128 IND 2
Davis Dale davisda01 7 19941128 IND 2
Scott Byron scottby01 15 19941128 IND 2
Davis Antonio davisan01 5 19941128 IND 2
Mitchell Sam mitchsa01 12 19941128 IND 2
Workman Haywoode workmha01 2 19941128 IND 2
Thompson LaSalle thompla01 4 19941128 IND 2
Ferrell Duane ferredu01 1 19941128 IND 2
Fleming Vern flemive01 5 19941128 IND 2
Gill Kendall gillke01 16 19941128 SEA 1
Schrempf Detlef schrede01 18 19941128 SEA 1
Kemp Shawn kempsh01 16 19941128 SEA 1
Payton Gary paytoga01 28 19941128 SEA 1
Johnson Ervin johnser02 2 19941128 SEA 1
Perkins Sam perkisa01 20 19941128 SEA 1
McMillan Nate mcmilna01 5 19941128 SEA 1
Askew Vincent askewvi01 11 19941128 SEA 1
Wingfield Dontonio wingfdo01 2 19941128 SEA 1
Robinson David robinda01 42 19941130 SAS 2
Del_Negro Vinny delnevi01 19 19941130 SAS 2
Johnson Avery johnsav01 12 19941130 SAS 2
Reid J.R. reidjr01 11 19941130 SAS 2
Elliott Sean elliose01 10 19941130 SAS 2
Person Chuck persoch01 4 19941130 SAS 2
Nwosu Julius nwosuju01 2 19941130 SAS 2
Whitney Chris whitnch01 0 19941130 SAS 2
Payton Gary paytoga01 21 19941130 SEA 1
Schrempf Detlef schrede01 17 19941130 SEA 1
Gill Kendall gillke01 12 19941130 SEA 1
Kemp Shawn kempsh01 14 19941130 SEA 1
Johnson Ervin johnser02 2 19941130 SEA 1
Perkins Sam perkisa01 18 19941130 SEA 1
McMillan Nate mcmilna01 8 19941130 SEA 1
Askew Vincent askewvi01 9 19941130 SEA 1
Marčiulionis Šarūnas marcisa01 8 19941130 SEA 1
Baker Vin bakervi01 21 19941203 MIL 2
Robinson Glenn robingl01 24 19941203 MIL 2
Day Todd dayto01 20 19941203 MIL 2
Mayberry Lee maybele01 13 19941203 MIL 2
Lister Alton listeal01 0 19941203 MIL 2
Conlon Marty conloma01 14 19941203 MIL 2
Murdock Eric murdoer01 11 19941203 MIL 2
Barry Jon barryjo01 4 19941203 MIL 2
Newman Johnny newmajo01 1 19941203 MIL 2
Mobley Eric mobleer01 0 19941203 MIL 2
Pinckney Ed pincked01 0 19941203 MIL 2
Kemp Shawn kempsh01 26 19941203 SEA 1
Gill Kendall gillke01 24 19941203 SEA 1
Payton Gary paytoga01 19 19941203 SEA 1
Schrempf Detlef schrede01 15 19941203 SEA 1
Johnson Ervin johnser02 2 19941203 SEA 1
Perkins Sam perkisa01 9 19941203 SEA 1
McMillan Nate mcmilna01 4 19941203 SEA 1
Askew Vincent askewvi01 10 19941203 SEA 1
Marčiulionis Šarūnas marcisa01 2 19941203 SEA 1
Maxwell Vernon maxweve01 20 19941206 HOU 2
Thorpe Otis thorpot01 21 19941206 HOU 2
Horry Robert horryro01 7 19941206 HOU 2
Smith Kenny smithke01 2 19941206 HOU 2
Herrera Carl herreca01 0 19941206 HOU 2
Elie Mario eliema01 7 19941206 HOU 2
Cassell Sam cassesa01 16 19941206 HOU 2
Chilcutt Pete chilcpe01 9 19941206 HOU 2
Breaux Tim breauti01 3 19941206 HOU 2
Brooks Scott brooksc01 4 19941206 HOU 2
Tabak Žan tabakza01 1 19941206 HOU 2
Payton Gary paytoga01 30 19941206 SEA 1
Schrempf Detlef schrede01 15 19941206 SEA 1
Kemp Shawn kempsh01 8 19941206 SEA 1
Gill Kendall gillke01 6 19941206 SEA 1
Cartwright Bill cartwbi01 3 19941206 SEA 1
Askew Vincent askewvi01 19 19941206 SEA 1
Perkins Sam perkisa01 9 19941206 SEA 1
McMillan Nate mcmilna01 5 19941206 SEA 1
Marčiulionis Šarūnas marcisa01 4 19941206 SEA 1
Johnson Ervin johnser02 2 19941206 SEA 1
Houston Byron houstby01 0 19941206 SEA 1
Wingfield Dontonio wingfdo01 2 19941206 SEA 1
Schrempf Detlef schrede01 16 19941208 SEA 0
Payton Gary paytoga01 15 19941208 SEA 0
Kemp Shawn kempsh01 16 19941208 SEA 0
Johnson Ervin johnser02 7 19941208 SEA 0
Gill Kendall gillke01 2 19941208 SEA 0
Askew Vincent askewvi01 17 19941208 SEA 0
Perkins Sam perkisa01 9 19941208 SEA 0
McMillan Nate mcmilna01 0 19941208 SEA 0
Marčiulionis Šarūnas marcisa01 7 19941208 SEA 0
Houston Byron houstby01 2 19941208 SEA 0
Richmond Mitch richmmi01 26 19941208 SAC 1
Webb Spud webbsp01 17 19941208 SAC 1
Williams Walt williwa02 23 19941208 SAC 1
Polynice Olden polynol01 2 19941208 SAC 1
Causwell Duane causwdu01 1 19941208 SAC 1
Smith Michael smithmi02 10 19941208 SAC 1
Grant Brian grantbr01 12 19941208 SAC 1
Hurley Bobby hurlebo01 0 19941208 SAC 1
Wilson Trevor wilsotr01 4 19941208 SAC 1
Brown Randy brownra02 4 19941208 SAC 1
Abdelnaby Alaa abdelal01 4 19941208 SAC 1
Lee Doug leedo01 0 19941208 SAC 1
Sprewell Latrell sprewla01 20 19941210 GSW 2
Hardaway Tim hardati01 23 19941210 GSW 2
Rozier Clifford roziecl01 13 19941210 GSW 2
Seikaly Rony seikaro01 8 19941210 GSW 2
Gugliotta Tom guglito01 0 19941210 GSW 2
Wood David woodda01 4 19941210 GSW 2
Pierce Ricky piercri01 5 19941210 GSW 2
Jennings Keith jennike01 17 19941210 GSW 2
Rogers Carlos rogerca01 4 19941210 GSW 2
Richmond Mitch richmmi01 24 19941210 SAC 1
Williams Walt williwa02 20 19941210 SAC 1
Polynice Olden polynol01 12 19941210 SAC 1
Webb Spud webbsp01 5 19941210 SAC 1
Causwell Duane causwdu01 4 19941210 SAC 1
Grant Brian grantbr01 23 19941210 SAC 1
Smith Michael smithmi02 9 19941210 SAC 1
Hurley Bobby hurlebo01 3 19941210 SAC 1
Brown Randy brownra02 4 19941210 SAC 1
Abdelnaby Alaa abdelal01 2 19941210 SAC 1
Richmond Mitch richmmi01 17 19941211 SAC 0
Williams Walt williwa02 10 19941211 SAC 0
Webb Spud webbsp01 10 19941211 SAC 0
Polynice Olden polynol01 4 19941211 SAC 0
Causwell Duane causwdu01 8 19941211 SAC 0
Grant Brian grantbr01 17 19941211 SAC 0
Smith Michael smithmi02 8 19941211 SAC 0
Hurley Bobby hurlebo01 5 19941211 SAC 0
Brown Randy brownra02 2 19941211 SAC 0
Wilson Trevor wilsotr01 2 19941211 SAC 0
Abdelnaby Alaa abdelal01 5 19941211 SAC 0
Strickland Rod stricro02 24 19941211 POR 1
Williams Buck willibu01 9 19941211 POR 1
Drexler Clyde drexlcl01 17 19941211 POR 1
Dudley Chris dudlech02 6 19941211 POR 1
Robinson Clifford robincl02 12 19941211 POR 1
Grant Harvey grantha01 15 19941211 POR 1
Bryant Mark bryanma01 2 19941211 POR 1
Robinson James robinja02 8 19941211 POR 1
Henson Steve hensost01 0 19941211 POR 1
Strickland Rod stricro02 17 19941212 POR 0
Robinson Clifford robincl02 6 19941212 POR 0
Robinson James robinja02 10 19941212 POR 0
Dudley Chris dudlech02 11 19941212 POR 0
Williams Buck willibu01 9 19941212 POR 0
Grant Harvey grantha01 16 19941212 POR 0
Bryant Mark bryanma01 2 19941212 POR 0
Henson Steve hensost01 5 19941212 POR 0
Kersey Jerome kerseje01 6 19941212 POR 0
Knight Negele knighne01 3 19941212 POR 0
Murray Tracy murratr01 4 19941212 POR 0
Malone Karl malonka01 27 19941212 UTA 1
Hornacek Jeff hornaje01 13 19941212 UTA 1
Stockton John stockjo01 9 19941212 UTA 1
Spencer Felton spencfe01 17 19941212 UTA 1
Benoit David benoida01 6 19941212 UTA 1
Russell Bryon russebr01 5 19941212 UTA 1
Carr Antoine carran01 6 19941212 UTA 1
Crotty John crottjo01 5 19941212 UTA 1
Humphries Jay humphja01 3 19941212 UTA 1
Chambers Tom chambto01 6 19941212 UTA 1
Keefe Adam keefead01 2 19941212 UTA 1
Watson Jamie watsoja01 2 19941212 UTA 1
Malone Karl malonka01 31 19941214 UTA 1
Stockton John stockjo01 17 19941214 UTA 1
Benoit David benoida01 11 19941214 UTA 1
Spencer Felton spencfe01 13 19941214 UTA 1
Hornacek Jeff hornaje01 18 19941214 UTA 1
Carr Antoine carran01 5 19941214 UTA 1
Humphries Jay humphja01 3 19941214 UTA 1
Crotty John crottjo01 3 19941214 UTA 1
Keefe Adam keefead01 2 19941214 UTA 1
Russell Bryon russebr01 0 19941214 UTA 1
Watson Jamie watsoja01 0 19941214 UTA 1
Chambers Tom chambto01 0 19941214 UTA 1
Laettner Christian laettch01 16 19941214 MIN 2
West Doug westdo01 14 19941214 MIN 2
Rooks Sean rooksse01 14 19941214 MIN 2
Rider Isaiah rideris01 24 19941214 MIN 2
Garland Winston garlawi01 7 19941214 MIN 2
Marshall Donyell marshdo01 5 19941214 MIN 2
Smith Chris smithch03 5 19941214 MIN 2
Guibert Andrés guibean01 5 19941214 MIN 2
Durham Pat durhapa01 5 19941214 MIN 2
Brown Mike brownmi01 0 19941214 MIN 2
Malone Karl malonka01 17 19941215 UTA 1
Benoit David benoida01 15 19941215 UTA 1
Hornacek Jeff hornaje01 22 19941215 UTA 1
Stockton John stockjo01 12 19941215 UTA 1
Spencer Felton spencfe01 3 19941215 UTA 1
Carr Antoine carran01 15 19941215 UTA 1
Crotty John crottjo01 4 19941215 UTA 1
Keefe Adam keefead01 2 19941215 UTA 1
Humphries Jay humphja01 0 19941215 UTA 1
Chambers Tom chambto01 5 19941215 UTA 1
Webber Chris webbech01 21 19941215 WSB 2
Cheaney Calbert cheanca01 15 19941215 WSB 2
Skiles Scott skilesc01 11 19941215 WSB 2
Duckworth Kevin duckwke01 4 19941215 WSB 2
Tucker Anthony tuckean01 0 19941215 WSB 2
Howard Juwan howarju01 14 19941215 WSB 2
Butler Mitchell butlemi02 13 19941215 WSB 2
Overton Doug overtdo01 3 19941215 WSB 2
Mureșan Gheorghe muresgh01 4 19941215 WSB 2
Malone Karl malonka01 30 19941217 UTA 1
Hornacek Jeff hornaje01 14 19941217 UTA 1
Benoit David benoida01 8 19941217 UTA 1
Stockton John stockjo01 16 19941217 UTA 1
Spencer Felton spencfe01 4 19941217 UTA 1
Carr Antoine carran01 9 19941217 UTA 1
Chambers Tom chambto01 6 19941217 UTA 1
Crotty John crottjo01 4 19941217 UTA 1
Russell Bryon russebr01 4 19941217 UTA 1
Humphries Jay humphja01 0 19941217 UTA 1
Keefe Adam keefead01 2 19941217 UTA 1
Armstrong B.J. armstbj01 16 19941217 CHI 2
Pippen Scottie pippesc01 17 19941217 CHI 2
Krystkowiak Larry krystla01 6 19941217 CHI 2
Harper Ron harpero01 2 19941217 CHI 2
Perdue Will perduwi01 4 19941217 CHI 2
Kukoč Toni kukocto01 19 19941217 CHI 2
Kerr Steve kerrst01 12 19941217 CHI 2
Wennington Bill wennibi01 10 19941217 CHI 2
Simpkins Dickey simpkdi01 2 19941217 CHI 2
Myers Pete myerspe01 0 19941217 CHI 2
Blount Corie blounco01 1 19941217 CHI 2
Buechler Jud buechju01 0 19941217 CHI 2
Stockton John stockjo01 12 19941218 UTA 1
Malone Karl malonka01 27 19941218 UTA 1
Hornacek Jeff hornaje01 20 19941218 UTA 1
Benoit David benoida01 9 19941218 UTA 1
Spencer Felton spencfe01 7 19941218 UTA 1
Carr Antoine carran01 10 19941218 UTA 1
Chambers Tom chambto01 5 19941218 UTA 1
Russell Bryon russebr01 4 19941218 UTA 1
Humphries Jay humphja01 0 19941218 UTA 1
Crotty John crottjo01 7 19941218 UTA 1
Keefe Adam keefead01 0 19941218 UTA 1
Baker Vin bakervi01 12 19941218 MIL 2
Robinson Glenn robingl01 18 19941218 MIL 2
Day Todd dayto01 23 19941218 MIL 2
Lister Alton listeal01 5 19941218 MIL 2
Mayberry Lee maybele01 8 19941218 MIL 2
Murdock Eric murdoer01 19 19941218 MIL 2
Newman Johnny newmajo01 4 19941218 MIL 2
Conlon Marty conloma01 7 19941218 MIL 2
Barry Jon barryjo01 0 19941218 MIL 2
Pinckney Ed pincked01 2 19941218 MIL 2
Malone Karl malonka01 24 19941220 UTA 1
Stockton John stockjo01 11 19941220 UTA 1
Hornacek Jeff hornaje01 17 19941220 UTA 1
Spencer Felton spencfe01 16 19941220 UTA 1
Benoit David benoida01 4 19941220 UTA 1
Russell Bryon russebr01 4 19941220 UTA 1
Keefe Adam keefead01 2 19941220 UTA 1
Chambers Tom chambto01 4 19941220 UTA 1
Watson Jamie watsoja01 2 19941220 UTA 1
Carr Antoine carran01 5 19941220 UTA 1
Crotty John crottjo01 2 19941220 UTA 1
Barros Dana barroda01 24 19941220 PHI 2
Weatherspoon Clarence weathcl01 19 19941220 PHI 2
Bradley Shawn bradlsh01 6 19941220 PHI 2
Williams Scott willisc01 3 19941220 PHI 2
Tyler B.J. tylerbj01 7 19941220 PHI 2
Graham Greg grahagr01 20 19941220 PHI 2
Wright Sharone wrighsh01 4 19941220 PHI 2
Perry Tim perryti01 5 19941220 PHI 2
Jackson Jaren jacksja01 0 19941220 PHI 2
Spencer Felton spencfe01 13 19941222 UTA 1
Stockton John stockjo01 14 19941222 UTA 1
Malone Karl malonka01 20 19941222 UTA 1
Hornacek Jeff hornaje01 24 19941222 UTA 1
Russell Bryon russebr01 11 19941222 UTA 1
Watson Jamie watsoja01 5 19941222 UTA 1
Keefe Adam keefead01 8 19941222 UTA 1
Carr Antoine carran01 4 19941222 UTA 1
Crotty John crottjo01 4 19941222 UTA 1
Chambers Tom chambto01 0 19941222 UTA 1
Long Grant longgr01 8 19941222 ATL 2
Norman Ken normake01 22 19941222 ATL 2
Blaylock Mookie blaylmo01 9 19941222 ATL 2
Augmon Stacey augmost01 11 19941222 ATL 2
Koncak Jon koncajo01 5 19941222 ATL 2
Smith Steve smithst01 17 19941222 ATL 2
Lang Andrew langan01 10 19941222 ATL 2
Ehlo Craig ehlocr01 3 19941222 ATL 2
Corbin Tyrone corbity01 6 19941222 ATL 2
Anderson Greg andergr01 0 19941222 ATL 2
Les Jim lesji01 2 19941222 ATL 2
Edwards Doug edwardo01 1 19941222 ATL 2
McKey Derrick mckeyde01 9 19941228 IND 2
Jackson Mark jacksma01 6 19941228 IND 2
Miller Reggie millere01 18 19941228 IND 2
Smits Rik smitsri01 11 19941228 IND 2
Davis Dale davisda01 3 19941228 IND 2
Scott Byron scottby01 16 19941228 IND 2
Mitchell Sam mitchsa01 15 19941228 IND 2
Williams John willijo02 0 19941228 IND 2
Fleming Vern flemive01 7 19941228 IND 2
Thompson LaSalle thompla01 3 19941228 IND 2
Workman Haywoode workmha01 0 19941228 IND 2
Ferrell Duane ferredu01 7 19941228 IND 2
Hornacek Jeff hornaje01 22 19941228 UTA 1
Stockton John stockjo01 18 19941228 UTA 1
Malone Karl malonka01 21 19941228 UTA 1
Spencer Felton spencfe01 6 19941228 UTA 1
Russell Bryon russebr01 6 19941228 UTA 1
Carr Antoine carran01 11 19941228 UTA 1
Chambers Tom chambto01 10 19941228 UTA 1
Crotty John crottjo01 4 19941228 UTA 1
Humphries Jay humphja01 2 19941228 UTA 1
Keefe Adam keefead01 7 19941228 UTA 1
Watson Jamie watsoja01 10 19941228 UTA 1
Olajuwon Hakeem olajuha01 37 19941230 HOU 1
Horry Robert horryro01 13 19941230 HOU 1
Smith Kenny smithke01 10 19941230 HOU 1
Herrera Carl herreca01 4 19941230 HOU 1
Maxwell Vernon maxweve01 16 19941230 HOU 1
Chilcutt Pete chilcpe01 10 19941230 HOU 1
Elie Mario eliema01 9 19941230 HOU 1
Cassell Sam cassesa01 8 19941230 HOU 1
Brooks Scott brooksc01 4 19941230 HOU 1
Breaux Tim breauti01 0 19941230 HOU 1
Stockton John stockjo01 17 19941230 UTA 0
Malone Karl malonka01 25 19941230 UTA 0
Russell Bryon russebr01 12 19941230 UTA 0
Hornacek Jeff hornaje01 13 19941230 UTA 0
Spencer Felton spencfe01 3 19941230 UTA 0
Chambers Tom chambto01 14 19941230 UTA 0
Carr Antoine carran01 9 19941230 UTA 0
Watson Jamie watsoja01 4 19941230 UTA 0
Crotty John crottjo01 4 19941230 UTA 0
Keefe Adam keefead01 2 19941230 UTA 0
