Wright Dorell wrighdo01 17 20110103 GSW 2
Ellis Monta ellismo01 20 20110103 GSW 2
Curry Stephen curryst01 15 20110103 GSW 2
Radmanović Vladimir radmavl01 9 20110103 GSW 2
Amundson Lou amundlo01 5 20110103 GSW 2
Udoh Ekpe udohek01 6 20110103 GSW 2
Wright Brandan wrighbr03 7 20110103 GSW 2
Williams Reggie willire02 7 20110103 GSW 2
Law Acie lawac01 0 20110103 GSW 2
Gadzuric Dan gadzuda01 4 20110103 GSW 2
Howard Dwight howardw01 22 20110103 ORL 1
Richardson Jason richaja01 20 20110103 ORL 1
Türkoğlu Hedo turkohe01 10 20110103 ORL 1
Bass Brandon bassbr01 10 20110103 ORL 1
Nelson Jameer nelsoja01 11 20110103 ORL 1
Redick J.J. redicjj01 13 20110103 ORL 1
Arenas Gilbert arenagi01 11 20110103 ORL 1
Anderson Ryan anderry01 13 20110103 ORL 1
Richardson Quentin richaqu01 0 20110103 ORL 1
Salmons John salmojo01 13 20110105 MIL 2
Bogut Andrew bogutan01 6 20110105 MIL 2
Dooling Keyon doolike01 0 20110105 MIL 2
Mbah_a_Moute Luc mbahalu01 6 20110105 MIL 2
İlyasova Ersan ilyaser01 5 20110105 MIL 2
Sanders Larry sandela01 15 20110105 MIL 2
Douglas-Roberts Chris douglch01 7 20110105 MIL 2
Boykins Earl boykiea01 12 20110105 MIL 2
Maggette Corey maggeco01 21 20110105 MIL 2
Brockman Jon brockjo01 2 20110105 MIL 2
Howard Dwight howardw01 28 20110105 ORL 1
Nelson Jameer nelsoja01 10 20110105 ORL 1
Richardson Jason richaja01 13 20110105 ORL 1
Türkoğlu Hedo turkohe01 13 20110105 ORL 1
Bass Brandon bassbr01 10 20110105 ORL 1
Redick J.J. redicjj01 10 20110105 ORL 1
Anderson Ryan anderry01 7 20110105 ORL 1
Arenas Gilbert arenagi01 6 20110105 ORL 1
Scola Luis scolalu01 14 20110107 HOU 2
Martin Kevin martike02 27 20110107 HOU 2
Battier Shane battish01 10 20110107 HOU 2
Lowry Kyle lowryky01 0 20110107 HOU 2
Hill Jordan hilljo01 6 20110107 HOU 2
Budinger Chase budinch01 10 20110107 HOU 2
Lee Courtney leeco01 1 20110107 HOU 2
Patterson Patrick pattepa01 12 20110107 HOU 2
Williams Terrence willite01 11 20110107 HOU 2
Jeffries Jared jeffrja01 2 20110107 HOU 2
Miller Brad millebr01 2 20110107 HOU 2
Smith Ish smithis01 0 20110107 HOU 2
Türkoğlu Hedo turkohe01 12 20110107 ORL 1
Richardson Jason richaja01 18 20110107 ORL 1
Howard Dwight howardw01 13 20110107 ORL 1
Bass Brandon bassbr01 18 20110107 ORL 1
Nelson Jameer nelsoja01 10 20110107 ORL 1
Redick J.J. redicjj01 7 20110107 ORL 1
Anderson Ryan anderry01 16 20110107 ORL 1
Arenas Gilbert arenagi01 8 20110107 ORL 1
Clark Earl clarkea01 8 20110107 ORL 1
Duhon Chris duhonch01 0 20110107 ORL 1
Richardson Quentin richaqu01 0 20110107 ORL 1
Howard Dwight howardw01 23 20110108 ORL 1
Türkoğlu Hedo turkohe01 13 20110108 ORL 1
Richardson Jason richaja01 20 20110108 ORL 1
Nelson Jameer nelsoja01 16 20110108 ORL 1
Bass Brandon bassbr01 11 20110108 ORL 1
Redick J.J. redicjj01 9 20110108 ORL 1
Anderson Ryan anderry01 11 20110108 ORL 1
Arenas Gilbert arenagi01 14 20110108 ORL 1
Terry Jason terryja01 16 20110108 DAL 2
Stevenson DeShawn stevede01 24 20110108 DAL 2
Kidd Jason kiddja01 6 20110108 DAL 2
Marion Shawn mariosh01 18 20110108 DAL 2
Chandler Tyson chandty01 6 20110108 DAL 2
Barea J.J. bareajo01 9 20110108 DAL 2
Haywood Brendan haywobr01 5 20110108 DAL 2
Cardinal Brian cardibr01 9 20110108 DAL 2
Jones Dominique jonesdo02 4 20110108 DAL 2
Mahinmi Ian mahinia01 5 20110108 DAL 2
Ajinça Alexis ajincal01 5 20110108 DAL 2
Howard Dwight howardw01 29 20110112 ORL 0
Richardson Jason richaja01 21 20110112 ORL 0
Nelson Jameer nelsoja01 2 20110112 ORL 0
Türkoğlu Hedo turkohe01 8 20110112 ORL 0
Bass Brandon bassbr01 6 20110112 ORL 0
Redick J.J. redicjj01 5 20110112 ORL 0
Anderson Ryan anderry01 14 20110112 ORL 0
Arenas Gilbert arenagi01 4 20110112 ORL 0
Okafor Emeka okafoem01 18 20110112 NOH 1
Ariza Trevor arizatr01 16 20110112 NOH 1
Paul Chris paulch01 12 20110112 NOH 1
West David westda01 13 20110112 NOH 1
Belinelli Marco belinma01 0 20110112 NOH 1
Thornton Marcus thornma01 22 20110112 NOH 1
Green Willie greenwi01 7 20110112 NOH 1
Pondexter Quincy pondequ01 0 20110112 NOH 1
Jack Jarrett jackja01 2 20110112 NOH 1
Smith Jason smithja02 0 20110112 NOH 1
Gray Aaron grayaa01 2 20110112 NOH 1
Okafor Emeka okafoem01 17 20110114 NOH 1
West David westda01 29 20110114 NOH 1
Paul Chris paulch01 11 20110114 NOH 1
Ariza Trevor arizatr01 14 20110114 NOH 1
Green Willie greenwi01 6 20110114 NOH 1
Jack Jarrett jackja01 23 20110114 NOH 1
Smith Jason smithja02 6 20110114 NOH 1
Thornton Marcus thornma01 0 20110114 NOH 1
Pondexter Quincy pondequ01 0 20110114 NOH 1
Gray Aaron grayaa01 4 20110114 NOH 1
Lowry Kyle lowryky01 28 20110114 HOU 2
Scola Luis scolalu01 14 20110114 HOU 2
Martin Kevin martike02 26 20110114 HOU 2
Hayes Chuck hayesch01 9 20110114 HOU 2
Battier Shane battish01 13 20110114 HOU 2
Brooks Aaron brookaa01 9 20110114 HOU 2
Lee Courtney leeco01 2 20110114 HOU 2
Patterson Patrick pattepa01 2 20110114 HOU 2
Budinger Chase budinch01 0 20110114 HOU 2
Hill Jordan hilljo01 2 20110114 HOU 2
Jeffries Jared jeffrja01 0 20110114 HOU 2
Ariza Trevor arizatr01 11 20110115 NOH 1
West David westda01 26 20110115 NOH 1
Okafor Emeka okafoem01 10 20110115 NOH 1
Paul Chris paulch01 19 20110115 NOH 1
Green Willie greenwi01 8 20110115 NOH 1
Jack Jarrett jackja01 2 20110115 NOH 1
Thornton Marcus thornma01 7 20110115 NOH 1
Pondexter Quincy pondequ01 3 20110115 NOH 1
Smith Jason smithja02 2 20110115 NOH 1
Gray Aaron grayaa01 0 20110115 NOH 1
Wallace Gerald wallage01 15 20110115 CHA 2
Jackson Stephen jacksst02 15 20110115 CHA 2
Diaw Boris diawbo01 9 20110115 CHA 2
Augustin D.J. augusdj01 12 20110115 CHA 2
Brown Kwame brownkw01 12 20110115 CHA 2
Thomas Tyrus thomaty01 8 20110115 CHA 2
Livingston Shaun livinsh01 2 20110115 CHA 2
Henderson Gerald hendege02 6 20110115 CHA 2
Mohammed Nazr mohamna01 2 20110115 CHA 2
Bargnani Andrea bargnan01 11 20110117 TOR 2
Calderón José caldejo01 0 20110117 TOR 2
DeRozan DeMar derozde01 23 20110117 TOR 2
Johnson Amir johnsam01 17 20110117 TOR 2
Wright Julian wrighju01 11 20110117 TOR 2
Davis Ed davised01 11 20110117 TOR 2
Gaines Sundiata gainesu01 7 20110117 TOR 2
Dorsey Joey dorsejo01 1 20110117 TOR 2
West David westda01 23 20110117 NOH 1
Okafor Emeka okafoem01 17 20110117 NOH 1
Ariza Trevor arizatr01 5 20110117 NOH 1
Paul Chris paulch01 6 20110117 NOH 1
Belinelli Marco belinma01 2 20110117 NOH 1
Jack Jarrett jackja01 17 20110117 NOH 1
Green Willie greenwi01 6 20110117 NOH 1
Thornton Marcus thornma01 8 20110117 NOH 1
Smith Jason smithja02 1 20110117 NOH 1
Pondexter Quincy pondequ01 0 20110117 NOH 1
Andersen David anderda03 0 20110117 NOH 1
Gay Rudy gayru01 22 20110119 MEM 2
Randolph Zach randoza01 17 20110119 MEM 2
Gasol Marc gasolma01 12 20110119 MEM 2
Conley Mike conlemi01 22 20110119 MEM 2
Young Sam youngsa01 6 20110119 MEM 2
Mayo O.J. mayooj01 10 20110119 MEM 2
Vásquez Greivis vasqugr01 7 20110119 MEM 2
Arthur Darrell arthuda01 4 20110119 MEM 2
Thabeet Hasheem thabeha01 2 20110119 MEM 2
Ariza Trevor arizatr01 11 20110119 NOH 1
West David westda01 19 20110119 NOH 1
Okafor Emeka okafoem01 11 20110119 NOH 1
Paul Chris paulch01 20 20110119 NOH 1
Belinelli Marco belinma01 8 20110119 NOH 1
Thornton Marcus thornma01 17 20110119 NOH 1
Jack Jarrett jackja01 4 20110119 NOH 1
Smith Jason smithja02 4 20110119 NOH 1
Green Willie greenwi01 6 20110119 NOH 1
Gray Aaron grayaa01 0 20110119 NOH 1
Pondexter Quincy pondequ01 3 20110119 NOH 1
Paul Chris paulch01 16 20110121 NOH 1
West David westda01 15 20110121 NOH 1
Pondexter Quincy pondequ01 7 20110121 NOH 1
Okafor Emeka okafoem01 4 20110121 NOH 1
Belinelli Marco belinma01 15 20110121 NOH 1
Green Willie greenwi01 6 20110121 NOH 1
Ilunga-Mbenga Didier mbengdj01 6 20110121 NOH 1
Thornton Marcus thornma01 11 20110121 NOH 1
Jack Jarrett jackja01 8 20110121 NOH 1
Smith Jason smithja02 5 20110121 NOH 1
Andersen David anderda03 7 20110121 NOH 1
Evans Maurice evansma01 5 20110121 ATL 2
Smith Josh smithjo03 13 20110121 ATL 2
Johnson Joe johnsjo02 9 20110121 ATL 2
Bibby Mike bibbymi01 0 20110121 ATL 2
Collins Jason collija04 2 20110121 ATL 2
Crawford Jamal crawfja01 14 20110121 ATL 2
Pachulia Zaza pachuza01 2 20110121 ATL 2
Crawford Jordan crawfjo02 6 20110121 ATL 2
Teague Jeff teaguje01 0 20110121 ATL 2
Wilkins Damien wilkida02 4 20110121 ATL 2
Thomas Etan thomaet01 4 20110121 ATL 2
Powell Josh poweljo01 0 20110121 ATL 2
Jefferson Richard jefferi01 9 20110122 SAS 2
Blair DeJuan blairde01 7 20110122 SAS 2
Parker Tony parketo01 10 20110122 SAS 2
Duncan Tim duncati01 6 20110122 SAS 2
Ginóbili Manu ginobma01 4 20110122 SAS 2
Neal Gary nealga01 8 20110122 SAS 2
Splitter Tiago splitti01 11 20110122 SAS 2
Hill George hillge01 8 20110122 SAS 2
Quinn Chris quinnch01 4 20110122 SAS 2
Owens Larry owensla01 5 20110122 SAS 2
McDyess Antonio mcdyean01 0 20110122 SAS 2
Paul Chris paulch01 11 20110122 NOH 1
Okafor Emeka okafoem01 9 20110122 NOH 1
West David westda01 18 20110122 NOH 1
Ariza Trevor arizatr01 15 20110122 NOH 1
Belinelli Marco belinma01 7 20110122 NOH 1
Thornton Marcus thornma01 18 20110122 NOH 1
Jack Jarrett jackja01 9 20110122 NOH 1
Smith Jason smithja02 0 20110122 NOH 1
Pondexter Quincy pondequ01 7 20110122 NOH 1
Ilunga-Mbenga Didier mbengdj01 2 20110122 NOH 1
Green Willie greenwi01 0 20110122 NOH 1
Andersen David anderda03 0 20110122 NOH 1
Green Jeff greenje02 19 20110124 OKC 2
Durant Kevin duranke01 22 20110124 OKC 2
Westbrook Russell westbru01 18 20110124 OKC 2
Krstić Nenad krstine01 6 20110124 OKC 2
Sefolosha Thabo sefolth01 2 20110124 OKC 2
Ibaka Serge ibakase01 9 20110124 OKC 2
Collison Nick collini01 2 20110124 OKC 2
Harden James hardeja01 5 20110124 OKC 2
Maynor Eric maynoer01 6 20110124 OKC 2
Ariza Trevor arizatr01 8 20110124 NOH 1
Okafor Emeka okafoem01 11 20110124 NOH 1
Paul Chris paulch01 24 20110124 NOH 1
West David westda01 20 20110124 NOH 1
Belinelli Marco belinma01 2 20110124 NOH 1
Thornton Marcus thornma01 10 20110124 NOH 1
Jack Jarrett jackja01 3 20110124 NOH 1
Smith Jason smithja02 4 20110124 NOH 1
Pondexter Quincy pondequ01 0 20110124 NOH 1
Ilunga-Mbenga Didier mbengdj01 5 20110124 NOH 1
Green Willie greenwi01 4 20110124 NOH 1
Ariza Trevor arizatr01 19 20110126 NOH 1
Okafor Emeka okafoem01 13 20110126 NOH 1
Paul Chris paulch01 18 20110126 NOH 1
West David westda01 22 20110126 NOH 1
Belinelli Marco belinma01 11 20110126 NOH 1
Thornton Marcus thornma01 8 20110126 NOH 1
Green Willie greenwi01 8 20110126 NOH 1
Jack Jarrett jackja01 4 20110126 NOH 1
Andersen David anderda03 5 20110126 NOH 1
Smith Jason smithja02 4 20110126 NOH 1
Ilunga-Mbenga Didier mbengdj01 0 20110126 NOH 1
Pondexter Quincy pondequ01 0 20110126 NOH 1
Wright Dorell wrighdo01 25 20110126 GSW 2
Curry Stephen curryst01 20 20110126 GSW 2
Ellis Monta ellismo01 26 20110126 GSW 2
Lee David leeda02 16 20110126 GSW 2
Biedriņš Andris biedran01 2 20110126 GSW 2
Radmanović Vladimir radmavl01 2 20110126 GSW 2
Udoh Ekpe udohek01 4 20110126 GSW 2
Williams Reggie willire02 2 20110126 GSW 2
Law Acie lawac01 6 20110126 GSW 2
Amundson Lou amundlo01 0 20110126 GSW 2
Okafor Emeka okafoem01 15 20110129 NOH 0
West David westda01 21 20110129 NOH 0
Paul Chris paulch01 19 20110129 NOH 0
Ariza Trevor arizatr01 12 20110129 NOH 0
Belinelli Marco belinma01 5 20110129 NOH 0
Thornton Marcus thornma01 16 20110129 NOH 0
Smith Jason smithja02 0 20110129 NOH 0
Jack Jarrett jackja01 5 20110129 NOH 0
Green Willie greenwi01 3 20110129 NOH 0
Ilunga-Mbenga Didier mbengdj01 0 20110129 NOH 0
Pondexter Quincy pondequ01 0 20110129 NOH 0
Udrih Beno udrihbe01 14 20110129 SAC 1
Casspi Omri casspom01 6 20110129 SAC 1
Cousins DeMarcus couside01 25 20110129 SAC 1
Evans Tyreke evansty01 18 20110129 SAC 1
Thompson Jason thompja02 3 20110129 SAC 1
Dalembert Samuel dalemsa01 16 20110129 SAC 1
Landry Carl landrca01 5 20110129 SAC 1
Jeter Eugene jetereu01 5 20110129 SAC 1
Greene Donté greendo01 5 20110129 SAC 1
Head Luther headlu01 5 20110129 SAC 1
Jackson Darnell jacksda01 0 20110129 SAC 1
Allen Ray allenra02 22 20110201 BOS 1
Pierce Paul piercpa01 15 20110201 BOS 1
Garnett Kevin garneke01 12 20110201 BOS 1
Rondo Rajon rondora01 17 20110201 BOS 1
O'Neal Shaquille onealsh01 3 20110201 BOS 1
Perkins Kendrick perkike01 8 20110201 BOS 1
Davis Glen davisgl01 14 20110201 BOS 1
Robinson Nate robinna01 4 20110201 BOS 1
Daniels Marquis daniema01 0 20110201 BOS 1
Wafer Von wafervo01 0 20110201 BOS 1
Cousins DeMarcus couside01 20 20110201 SAC 0
Dalembert Samuel dalemsa01 4 20110201 SAC 0
Evans Tyreke evansty01 20 20110201 SAC 0
Casspi Omri casspom01 8 20110201 SAC 0
Udrih Beno udrihbe01 12 20110201 SAC 0
Greene Donté greendo01 15 20110201 SAC 0
Landry Carl landrca01 3 20110201 SAC 0
Jeter Eugene jetereu01 8 20110201 SAC 0
Jackson Darnell jacksda01 0 20110201 SAC 0
Chandler Tyson chandty01 14 20110204 DAL 1
Kidd Jason kiddja01 10 20110204 DAL 1
Nowitzki Dirk nowitdi01 29 20110204 DAL 1
Stevenson DeShawn stevede01 7 20110204 DAL 1
Barea J.J. bareajo01 11 20110204 DAL 1
Terry Jason terryja01 17 20110204 DAL 1
Marion Shawn mariosh01 13 20110204 DAL 1
Haywood Brendan haywobr01 0 20110204 DAL 1
Mahinmi Ian mahinia01 0 20110204 DAL 1
Cardinal Brian cardibr01 0 20110204 DAL 1
Pierce Paul piercpa01 12 20110204 BOS 0
Rondo Rajon rondora01 8 20110204 BOS 0
Garnett Kevin garneke01 16 20110204 BOS 0
Allen Ray allenra02 24 20110204 BOS 0
Perkins Kendrick perkike01 13 20110204 BOS 0
Davis Glen davisgl01 2 20110204 BOS 0
Daniels Marquis daniema01 10 20110204 BOS 0
Robinson Nate robinna01 6 20110204 BOS 0
Erden Semih erdense01 4 20110204 BOS 0
Wafer Von wafervo01 2 20110204 BOS 0
Kidd Jason kiddja01 13 20110205 DAL 1
Chandler Tyson chandty01 9 20110205 DAL 1
Nowitzki Dirk nowitdi01 25 20110205 DAL 1
Stevenson DeShawn stevede01 5 20110205 DAL 1
Barea J.J. bareajo01 15 20110205 DAL 1
Terry Jason terryja01 21 20110205 DAL 1
Marion Shawn mariosh01 10 20110205 DAL 1
Haywood Brendan haywobr01 3 20110205 DAL 1
Cardinal Brian cardibr01 0 20110205 DAL 1
Wallace Gerald wallage01 13 20110205 CHA 2
Jackson Stephen jacksst02 17 20110205 CHA 2
Diaw Boris diawbo01 11 20110205 CHA 2
Augustin D.J. augusdj01 21 20110205 CHA 2
Brown Kwame brownkw01 10 20110205 CHA 2
Nájera Eduardo najered01 4 20110205 CHA 2
Livingston Shaun livinsh01 10 20110205 CHA 2
Henderson Gerald hendege02 2 20110205 CHA 2
Mohammed Nazr mohamna01 4 20110205 CHA 2
Sessions Ramon sessira01 19 20110207 CLE 2
Jamison Antawn jamisan01 18 20110207 CLE 2
Hickson J.J. hicksjj01 26 20110207 CLE 2
Parker Anthony parkean01 7 20110207 CLE 2
Eyenga Christian eyengch01 15 20110207 CLE 2
Gibson Daniel gibsoda01 2 20110207 CLE 2
Moon Jamario moonja01 4 20110207 CLE 2
Hollins Ryan holliry01 5 20110207 CLE 2
Graham Joey grahajo01 0 20110207 CLE 2
Harris Manny harrima01 0 20110207 CLE 2
Kidd Jason kiddja01 6 20110207 DAL 1
Chandler Tyson chandty01 10 20110207 DAL 1
Nowitzki Dirk nowitdi01 12 20110207 DAL 1
Stojaković Peja stojape01 8 20110207 DAL 1
Stevenson DeShawn stevede01 3 20110207 DAL 1
Terry Jason terryja01 23 20110207 DAL 1
Marion Shawn mariosh01 17 20110207 DAL 1
Barea J.J. bareajo01 9 20110207 DAL 1
Mahinmi Ian mahinia01 11 20110207 DAL 1
Cardinal Brian cardibr01 0 20110207 DAL 1
Nowitzki Dirk nowitdi01 10 20110209 DAL 1
Kidd Jason kiddja01 14 20110209 DAL 1
Chandler Tyson chandty01 13 20110209 DAL 1
Stojaković Peja stojape01 4 20110209 DAL 1
Stevenson DeShawn stevede01 3 20110209 DAL 1
Terry Jason terryja01 22 20110209 DAL 1
Marion Shawn mariosh01 6 20110209 DAL 1
Barea J.J. bareajo01 20 20110209 DAL 1
Haywood Brendan haywobr01 7 20110209 DAL 1
Cardinal Brian cardibr01 3 20110209 DAL 1
Evans Tyreke evansty01 16 20110209 SAC 2
Cousins DeMarcus couside01 19 20110209 SAC 2
Udrih Beno udrihbe01 7 20110209 SAC 2
Casspi Omri casspom01 8 20110209 SAC 2
Thompson Jason thompja02 8 20110209 SAC 2
Head Luther headlu01 12 20110209 SAC 2
Landry Carl landrca01 4 20110209 SAC 2
Dalembert Samuel dalemsa01 20 20110209 SAC 2
Jeter Eugene jetereu01 2 20110209 SAC 2
Greene Donté greendo01 4 20110209 SAC 2
Nowitzki Dirk nowitdi01 16 20110210 DAL 0
Kidd Jason kiddja01 10 20110210 DAL 0
Chandler Tyson chandty01 20 20110210 DAL 0
Stojaković Peja stojape01 2 20110210 DAL 0
Stevenson DeShawn stevede01 0 20110210 DAL 0
Terry Jason terryja01 25 20110210 DAL 0
Marion Shawn mariosh01 19 20110210 DAL 0
Barea J.J. bareajo01 17 20110210 DAL 0
Cardinal Brian cardibr01 3 20110210 DAL 0
Haywood Brendan haywobr01 4 20110210 DAL 0
Mahinmi Ian mahinia01 4 20110210 DAL 0
Anthony Carmelo anthoca01 42 20110210 DEN 1
Billups Chauncey billuch01 30 20110210 DEN 1
Afflalo Arron afflaar01 24 20110210 DEN 1
Martin Kenyon martike01 6 20110210 DEN 1
Hilário Nenê hilarne01 7 20110210 DEN 1
Lawson Ty lawsoty01 7 20110210 DEN 1
Harrington Al harrial01 2 20110210 DEN 1
Smith J.R. smithjr01 0 20110210 DEN 1
Andersen Chris anderch01 2 20110210 DEN 1
Forbes Gary forbega01 1 20110210 DEN 1
Anthony Carmelo anthoca01 28 20110213 DEN 0
Afflalo Arron afflaar01 4 20110213 DEN 0
Hilário Nenê hilarne01 14 20110213 DEN 0
Billups Chauncey billuch01 13 20110213 DEN 0
Martin Kenyon martike01 12 20110213 DEN 0
Smith J.R. smithjr01 14 20110213 DEN 0
Lawson Ty lawsoty01 14 20110213 DEN 0
Harrington Al harrial01 5 20110213 DEN 0
Andersen Chris anderch01 4 20110213 DEN 0
Gay Rudy gayru01 23 20110213 MEM 1
Conley Mike conlemi01 17 20110213 MEM 1
Randolph Zach randoza01 14 20110213 MEM 1
Young Sam youngsa01 6 20110213 MEM 1
Gasol Marc gasolma01 15 20110213 MEM 1
Arthur Darrell arthuda01 24 20110213 MEM 1
Allen Tony allento01 17 20110213 MEM 1
Williams Jason willija02 0 20110213 MEM 1
Vásquez Greivis vasqugr01 0 20110213 MEM 1
Holiday Jrue holidjr01 10 20110215 PHI 2
Brand Elton brandel01 13 20110215 PHI 2
Iguodala Andre iguodan01 9 20110215 PHI 2
Hawes Spencer hawessp01 6 20110215 PHI 2
Meeks Jodie meeksjo01 8 20110215 PHI 2
Young Thaddeus youngth01 23 20110215 PHI 2
Turner Evan turneev01 2 20110215 PHI 2
Williams Lou willilo02 18 20110215 PHI 2
Songaila Darius songada01 2 20110215 PHI 2
Randolph Zach randoza01 21 20110215 MEM 1
Conley Mike conlemi01 22 20110215 MEM 1
Young Sam youngsa01 12 20110215 MEM 1
Gasol Marc gasolma01 9 20110215 MEM 1
Gay Rudy gayru01 11 20110215 MEM 1
Allen Tony allento01 10 20110215 MEM 1
Arthur Darrell arthuda01 9 20110215 MEM 1
Williams Jason willija02 3 20110215 MEM 1
Vásquez Greivis vasqugr01 2 20110215 MEM 1
Mayo O.J. mayooj01 3 20110215 MEM 1
Henry Xavier henryxa01 0 20110215 MEM 1
Allen Tony allento01 26 20110222 MEM 0
Conley Mike conlemi01 10 20110222 MEM 0
Young Sam youngsa01 10 20110222 MEM 0
Randolph Zach randoza01 12 20110222 MEM 0
Gasol Marc gasolma01 10 20110222 MEM 0
Mayo O.J. mayooj01 21 20110222 MEM 0
Arthur Darrell arthuda01 10 20110222 MEM 0
Williams Jason willija02 0 20110222 MEM 0
Thabeet Hasheem thabeha01 2 20110222 MEM 0
Henry Xavier henryxa01 4 20110222 MEM 0
Carroll DeMarre carrode01 2 20110222 MEM 0
Vásquez Greivis vasqugr01 0 20110222 MEM 0
Smith J.R. smithjr01 26 20110222 DEN 1
Afflalo Arron afflaar01 21 20110222 DEN 1
Lawson Ty lawsoty01 21 20110222 DEN 1
Hilário Nenê hilarne01 15 20110222 DEN 1
Martin Kenyon martike01 5 20110222 DEN 1
Harrington Al harrial01 7 20110222 DEN 1
Forbes Gary forbega01 10 20110222 DEN 1
Andersen Chris anderch01 15 20110222 DEN 1
Rondo Rajon rondora01 5 20110224 BOS 2
Garnett Kevin garneke01 14 20110224 BOS 2
Davis Glen davisgl01 11 20110224 BOS 2
Allen Ray allenra02 10 20110224 BOS 2
Pierce Paul piercpa01 17 20110224 BOS 2
West Delonte westde01 10 20110224 BOS 2
Johnson Chris johnsch03 6 20110224 BOS 2
Wafer Von wafervo01 2 20110224 BOS 2
Bradley Avery bradlav01 0 20110224 BOS 2
Hilário Nenê hilarne01 12 20110224 DEN 1
Afflalo Arron afflaar01 13 20110224 DEN 1
Martin Kenyon martike01 18 20110224 DEN 1
Lawson Ty lawsoty01 4 20110224 DEN 1
Gallinari Danilo gallida01 2 20110224 DEN 1
Felton Raymond feltora01 4 20110224 DEN 1
Smith J.R. smithjr01 12 20110224 DEN 1
Chandler Wilson chandwi01 16 20110224 DEN 1
Harrington Al harrial01 5 20110224 DEN 1
Andersen Chris anderch01 3 20110224 DEN 1
Gallinari Danilo gallida01 30 20110225 DEN 0
Hilário Nenê hilarne01 12 20110225 DEN 0
Afflalo Arron afflaar01 19 20110225 DEN 0
Chandler Wilson chandwi01 20 20110225 DEN 0
Lawson Ty lawsoty01 6 20110225 DEN 0
Felton Raymond feltora01 7 20110225 DEN 0
Smith J.R. smithjr01 8 20110225 DEN 0
Harrington Al harrial01 4 20110225 DEN 0
Andersen Chris anderch01 0 20110225 DEN 0
Aldridge LaMarcus aldrila01 24 20110225 POR 1
Matthews Wesley matthwe02 16 20110225 POR 1
Fernández Rudy fernaru01 18 20110225 POR 1
Miller Andre millean02 18 20110225 POR 1
Batum Nicolas batumni01 8 20110225 POR 1
Roy Brandon roybr01 18 20110225 POR 1
Mills Patty millspa02 5 20110225 POR 1
Babbitt Luke babbilu01 0 20110225 POR 1
Johnson Armon johnsar02 0 20110225 POR 1
Smith Josh smithjo03 14 20110227 ATL 1
Johnson Joe johnsjo02 22 20110227 ATL 1
Williams Marvin willima02 11 20110227 ATL 1
Horford Al horfoal01 6 20110227 ATL 1
Teague Jeff teaguje01 2 20110227 ATL 1
Crawford Jamal crawfja01 23 20110227 ATL 1
Hinrich Kirk hinriki01 8 20110227 ATL 1
Pachulia Zaza pachuza01 2 20110227 ATL 1
Wilkins Damien wilkida02 0 20110227 ATL 1
Powell Josh poweljo01 2 20110227 ATL 1
Miller Andre millean02 20 20110227 POR 0
Aldridge LaMarcus aldrila01 19 20110227 POR 0
Batum Nicolas batumni01 9 20110227 POR 0
Matthews Wesley matthwe02 12 20110227 POR 0
Camby Marcus cambyma01 0 20110227 POR 0
Wallace Gerald wallage01 9 20110227 POR 0
Fernández Rudy fernaru01 5 20110227 POR 0
Roy Brandon roybr01 6 20110227 POR 0
Mills Patty millspa02 3 20110227 POR 0
Horford Al horfoal01 21 20110228 ATL 0
Johnson Joe johnsjo02 22 20110228 ATL 0
Williams Marvin willima02 13 20110228 ATL 0
Teague Jeff teaguje01 7 20110228 ATL 0
Smith Josh smithjo03 10 20110228 ATL 0
Crawford Jamal crawfja01 11 20110228 ATL 0
Pachulia Zaza pachuza01 4 20110228 ATL 0
Wilkins Damien wilkida02 0 20110228 ATL 0
Powell Josh poweljo01 2 20110228 ATL 0
Afflalo Arron afflaar01 8 20110228 DEN 1
Hilário Nenê hilarne01 13 20110228 DEN 1
Chandler Wilson chandwi01 15 20110228 DEN 1
Martin Kenyon martike01 14 20110228 DEN 1
Lawson Ty lawsoty01 6 20110228 DEN 1
Felton Raymond feltora01 16 20110228 DEN 1
Smith J.R. smithjr01 19 20110228 DEN 1
Andersen Chris anderch01 6 20110228 DEN 1
Harrington Al harrial01 3 20110228 DEN 1
Henderson Gerald hendege02 9 20110302 CHA 2
Diaw Boris diawbo01 2 20110302 CHA 2
Augustin D.J. augusdj01 13 20110302 CHA 2
Jackson Stephen jacksst02 7 20110302 CHA 2
Brown Kwame brownkw01 6 20110302 CHA 2
Livingston Shaun livinsh01 12 20110302 CHA 2
Carroll Matt carroma01 19 20110302 CHA 2
White D.J. whitedj01 6 20110302 CHA 2
Nájera Eduardo najered01 5 20110302 CHA 2
Przybilla Joel przybjo01 0 20110302 CHA 2
Cunningham Dante cunnida01 1 20110302 CHA 2
Chandler Wilson chandwi01 16 20110302 DEN 1
Lawson Ty lawsoty01 14 20110302 DEN 1
Martin Kenyon martike01 10 20110302 DEN 1
Hilário Nenê hilarne01 14 20110302 DEN 1
Afflalo Arron afflaar01 11 20110302 DEN 1
Smith J.R. smithjr01 14 20110302 DEN 1
Felton Raymond feltora01 7 20110302 DEN 1
Harrington Al harrial01 8 20110302 DEN 1
Andersen Chris anderch01 14 20110302 DEN 1
Forbes Gary forbega01 4 20110302 DEN 1
Mozgov Timofey mozgoti01 6 20110302 DEN 1
Koufos Kosta koufoko01 2 20110302 DEN 1
Afflalo Arron afflaar01 19 20110303 DEN 1
Hilário Nenê hilarne01 13 20110303 DEN 1
Lawson Ty lawsoty01 23 20110303 DEN 1
Martin Kenyon martike01 11 20110303 DEN 1
Chandler Wilson chandwi01 6 20110303 DEN 1
Felton Raymond feltora01 8 20110303 DEN 1
Smith J.R. smithjr01 8 20110303 DEN 1
Harrington Al harrial01 2 20110303 DEN 1
Andersen Chris anderch01 13 20110303 DEN 1
Jefferson Al jeffeal01 19 20110303 UTA 2
Millsap Paul millspa01 10 20110303 UTA 2
Kirilenko Andrei kirilan01 12 20110303 UTA 2
Harris Devin harride01 21 20110303 UTA 2
Bell Raja bellra01 6 20110303 UTA 2
Miles C.J. milescj01 22 20110303 UTA 2
Hayward Gordon haywago01 6 20110303 UTA 2
Watson Earl watsoea01 3 20110303 UTA 2
Elson Francisco elsonfr01 0 20110303 UTA 2
Fesenko Kyrylo fesenky01 2 20110303 UTA 2
Lawson Ty lawsoty01 11 20110305 DEN 0
Chandler Wilson chandwi01 7 20110305 DEN 0
Hilário Nenê hilarne01 25 20110305 DEN 0
Martin Kenyon martike01 11 20110305 DEN 0
Afflalo Arron afflaar01 6 20110305 DEN 0
Felton Raymond feltora01 18 20110305 DEN 0
Smith J.R. smithjr01 5 20110305 DEN 0
Harrington Al harrial01 0 20110305 DEN 0
Andersen Chris anderch01 5 20110305 DEN 0
Forbes Gary forbega01 4 20110305 DEN 0
Mozgov Timofey mozgoti01 2 20110305 DEN 0
Griffin Blake griffbl01 18 20110305 LAC 1
Williams Mo willima01 17 20110305 LAC 1
Jordan DeAndre jordade01 10 20110305 LAC 1
Gomes Ryan gomesry01 4 20110305 LAC 1
Gordon Eric gordoer01 5 20110305 LAC 1
Foye Randy foyera01 13 20110305 LAC 1
Kaman Chris kamanch01 6 20110305 LAC 1
Bledsoe Eric bledser01 20 20110305 LAC 1
Aminu Al-Farouq aminual01 4 20110305 LAC 1
Moon Jamario moonja01 2 20110305 LAC 1
Smith Craig smithcr01 1 20110305 LAC 1
Griffin Blake griffbl01 17 20110307 LAC 1
Foye Randy foyera01 10 20110307 LAC 1
Williams Mo willima01 17 20110307 LAC 1
Gomes Ryan gomesry01 8 20110307 LAC 1
Jordan DeAndre jordade01 0 20110307 LAC 1
Kaman Chris kamanch01 16 20110307 LAC 1
Aminu Al-Farouq aminual01 2 20110307 LAC 1
Bledsoe Eric bledser01 13 20110307 LAC 1
Smith Craig smithcr01 7 20110307 LAC 1
Moon Jamario moonja01 2 20110307 LAC 1
Diaw Boris diawbo01 19 20110307 CHA 2
Henderson Gerald hendege02 20 20110307 CHA 2
Augustin D.J. augusdj01 13 20110307 CHA 2
McGuire Dominic mcguido01 2 20110307 CHA 2
Brown Kwame brownkw01 7 20110307 CHA 2
White D.J. whitedj01 9 20110307 CHA 2
Livingston Shaun livinsh01 17 20110307 CHA 2
Przybilla Joel przybjo01 0 20110307 CHA 2
Carroll Matt carroma01 0 20110307 CHA 2
Nájera Eduardo najered01 0 20110307 CHA 2
Williams Mo willima01 28 20110309 LAC 1
Griffin Blake griffbl01 12 20110309 LAC 1
Foye Randy foyera01 9 20110309 LAC 1
Jordan DeAndre jordade01 21 20110309 LAC 1
Gomes Ryan gomesry01 12 20110309 LAC 1
Kaman Chris kamanch01 10 20110309 LAC 1
Bledsoe Eric bledser01 7 20110309 LAC 1
Aminu Al-Farouq aminual01 6 20110309 LAC 1
Moon Jamario moonja01 3 20110309 LAC 1
Smith Craig smithcr01 0 20110309 LAC 1
Rondo Rajon rondora01 13 20110309 BOS 2
Krstić Nenad krstine01 20 20110309 BOS 2
Allen Ray allenra02 23 20110309 BOS 2
Pierce Paul piercpa01 19 20110309 BOS 2
Garnett Kevin garneke01 16 20110309 BOS 2
Green Jeff greenje02 6 20110309 BOS 2
Arroyo Carlos arroyca01 4 20110309 BOS 2
Pavlović Sasha pavloal01 2 20110309 BOS 2
Murphy Troy murphtr01 0 20110309 BOS 2
Bradley Avery bradlav01 0 20110309 BOS 2
Foye Randy foyera01 19 20110311 LAC 0
Griffin Blake griffbl01 23 20110311 LAC 0
Williams Mo willima01 9 20110311 LAC 0
Gomes Ryan gomesry01 2 20110311 LAC 0
Jordan DeAndre jordade01 8 20110311 LAC 0
Kaman Chris kamanch01 23 20110311 LAC 0
Aminu Al-Farouq aminual01 8 20110311 LAC 0
Bledsoe Eric bledser01 0 20110311 LAC 0
Smith Craig smithcr01 3 20110311 LAC 0
Moon Jamario moonja01 3 20110311 LAC 0
Lopez Brook lopezbr01 24 20110311 NJN 1
Morrow Anthony morroan01 9 20110311 NJN 1
Humphries Kris humphkr01 19 20110311 NJN 1
Farmar Jordan farmajo01 24 20110311 NJN 1
Vujačić Sasha vujacsa01 6 20110311 NJN 1
Outlaw Travis outlatr01 9 20110311 NJN 1
Gaines Sundiata gainesu01 9 20110311 NJN 1
Petro Johan petrojo01 0 20110311 NJN 1
Gadzuric Dan gadzuda01 0 20110311 NJN 1
Graham Stephen grahast01 2 20110311 NJN 1
Uzoh Ben uzohbe01 0 20110311 NJN 1
Allen Ray allenra02 19 20110314 BOS 2
Rondo Rajon rondora01 2 20110314 BOS 2
Pierce Paul piercpa01 7 20110314 BOS 2
Garnett Kevin garneke01 18 20110314 BOS 2
Krstić Nenad krstine01 6 20110314 BOS 2
Davis Glen davisgl01 16 20110314 BOS 2
Green Jeff greenje02 7 20110314 BOS 2
Arroyo Carlos arroyca01 4 20110314 BOS 2
Murphy Troy murphtr01 0 20110314 BOS 2
Pavlović Sasha pavloal01 0 20110314 BOS 2
Lopez Brook lopezbr01 20 20110314 NJN 1
Morrow Anthony morroan01 15 20110314 NJN 1
Humphries Kris humphkr01 16 20110314 NJN 1
Williams Deron willide01 16 20110314 NJN 1
Vujačić Sasha vujacsa01 3 20110314 NJN 1
Outlaw Travis outlatr01 12 20110314 NJN 1
Farmar Jordan farmajo01 0 20110314 NJN 1
Petro Johan petrojo01 0 20110314 NJN 1
Gaines Sundiata gainesu01 6 20110314 NJN 1
Deng Luol denglu01 19 20110317 CHI 1
Rose Derrick rosede01 21 20110317 CHI 1
Noah Joakim noahjo01 5 20110317 CHI 1
Thomas Kurt thomaku01 4 20110317 CHI 1
Bogans Keith boganke01 3 20110317 CHI 1
Aşık Ömer asikom01 11 20110317 CHI 1
Brewer Ronnie brewero02 0 20110317 CHI 1
Gibson Taj gibsota01 7 20110317 CHI 1
Korver Kyle korveky01 12 20110317 CHI 1
Watson C.J. watsocj01 2 20110317 CHI 1
Humphries Kris humphkr01 13 20110317 NJN 0
Lopez Brook lopezbr01 22 20110317 NJN 0
Williams Deron willide01 5 20110317 NJN 0
Morrow Anthony morroan01 8 20110317 NJN 0
James Damion jamesda01 6 20110317 NJN 0
Vujačić Sasha vujacsa01 13 20110317 NJN 0
Outlaw Travis outlatr01 4 20110317 NJN 0
Farmar Jordan farmajo01 0 20110317 NJN 0
Gaines Sundiata gainesu01 0 20110317 NJN 0
Petro Johan petrojo01 2 20110317 NJN 0
Wright Brandan wrighbr03 0 20110317 NJN 0
Deng Luol denglu01 21 20110318 CHI 0
Rose Derrick rosede01 42 20110318 CHI 0
Noah Joakim noahjo01 17 20110318 CHI 0
Thomas Kurt thomaku01 3 20110318 CHI 0
Bogans Keith boganke01 0 20110318 CHI 0
Gibson Taj gibsota01 8 20110318 CHI 0
Korver Kyle korveky01 3 20110318 CHI 0
Aşık Ömer asikom01 5 20110318 CHI 0
Brewer Ronnie brewero02 2 20110318 CHI 0
Watson C.J. watsocj01 7 20110318 CHI 0
Collison Darren collida01 17 20110318 IND 1
Hansbrough Tyler hansbty01 29 20110318 IND 1
Granger Danny grangda01 19 20110318 IND 1
Hibbert Roy hibbero01 15 20110318 IND 1
George Paul georgpa01 6 20110318 IND 1
Rush Brandon rushbr01 6 20110318 IND 1
Foster Jeff fosteje01 4 20110318 IND 1
Jones Dahntay jonesda02 3 20110318 IND 1
McRoberts Josh mcrobjo01 8 20110318 IND 1
Price A.J. priceaj01 8 20110318 IND 1
George Paul georgpa01 6 20110319 IND 0
Hansbrough Tyler hansbty01 14 20110319 IND 0
Granger Danny grangda01 17 20110319 IND 0
Collison Darren collida01 17 20110319 IND 0
Hibbert Roy hibbero01 2 20110319 IND 0
Jones Dahntay jonesda02 2 20110319 IND 0
McRoberts Josh mcrobjo01 4 20110319 IND 0
Price A.J. priceaj01 7 20110319 IND 0
Foster Jeff fosteje01 4 20110319 IND 0
Rush Brandon rushbr01 4 20110319 IND 0
Stephenson Lance stephla01 1 20110319 IND 0
Conley Mike conlemi01 17 20110319 MEM 1
Randolph Zach randoza01 17 20110319 MEM 1
Allen Tony allento01 19 20110319 MEM 1
Young Sam youngsa01 6 20110319 MEM 1
Gasol Marc gasolma01 10 20110319 MEM 1
Arthur Darrell arthuda01 8 20110319 MEM 1
Mayo O.J. mayooj01 7 20110319 MEM 1
Battier Shane battish01 2 20110319 MEM 1
Powe Leon powele01 9 20110319 MEM 1
Vásquez Greivis vasqugr01 2 20110319 MEM 1
Smith Ish smithis01 2 20110319 MEM 1
Jefferson Al jeffeal01 12 20110321 UTA 2
Millsap Paul millspa01 15 20110321 UTA 2
Miles C.J. milescj01 10 20110321 UTA 2
Kirilenko Andrei kirilan01 5 20110321 UTA 2
Harris Devin harride01 3 20110321 UTA 2
Bell Raja bellra01 5 20110321 UTA 2
Hayward Gordon haywago01 8 20110321 UTA 2
Watson Earl watsoea01 9 20110321 UTA 2
Price Ronnie pricero01 4 20110321 UTA 2
Evans Jeremy evansje01 8 20110321 UTA 2
Favors Derrick favorde01 6 20110321 UTA 2
Fesenko Kyrylo fesenky01 0 20110321 UTA 2
Conley Mike conlemi01 11 20110321 MEM 1
Randolph Zach randoza01 19 20110321 MEM 1
Allen Tony allento01 12 20110321 MEM 1
Young Sam youngsa01 4 20110321 MEM 1
Gasol Marc gasolma01 11 20110321 MEM 1
Mayo O.J. mayooj01 11 20110321 MEM 1
Battier Shane battish01 2 20110321 MEM 1
Arthur Darrell arthuda01 14 20110321 MEM 1
Vásquez Greivis vasqugr01 3 20110321 MEM 1
Haddadi Hamed haddaha01 10 20110321 MEM 1
Powe Leon powele01 6 20110321 MEM 1
Conley Mike conlemi01 9 20110323 MEM 1
Randolph Zach randoza01 13 20110323 MEM 1
Allen Tony allento01 8 20110323 MEM 1
Gasol Marc gasolma01 11 20110323 MEM 1
Young Sam youngsa01 11 20110323 MEM 1
Battier Shane battish01 0 20110323 MEM 1
Arthur Darrell arthuda01 10 20110323 MEM 1
Mayo O.J. mayooj01 11 20110323 MEM 1
Powe Leon powele01 13 20110323 MEM 1
Vásquez Greivis vasqugr01 4 20110323 MEM 1
Rondo Rajon rondora01 6 20110323 BOS 2
Allen Ray allenra02 14 20110323 BOS 2
Pierce Paul piercpa01 22 20110323 BOS 2
Garnett Kevin garneke01 10 20110323 BOS 2
Krstić Nenad krstine01 6 20110323 BOS 2
Davis Glen davisgl01 12 20110323 BOS 2
Green Jeff greenje02 10 20110323 BOS 2
West Delonte westde01 7 20110323 BOS 2
Murphy Troy murphtr01 0 20110323 BOS 2
Pavlović Sasha pavloal01 0 20110323 BOS 2
Bradley Avery bradlav01 0 20110323 BOS 2
Conley Mike conlemi01 12 20110325 MEM 0
Randolph Zach randoza01 16 20110325 MEM 0
Allen Tony allento01 13 20110325 MEM 0
Gasol Marc gasolma01 14 20110325 MEM 0
Young Sam youngsa01 7 20110325 MEM 0
Mayo O.J. mayooj01 9 20110325 MEM 0
Arthur Darrell arthuda01 10 20110325 MEM 0
Battier Shane battish01 2 20110325 MEM 0
Powe Leon powele01 11 20110325 MEM 0
Vásquez Greivis vasqugr01 2 20110325 MEM 0
Deng Luol denglu01 23 20110325 CHI 1
Rose Derrick rosede01 24 20110325 CHI 1
Noah Joakim noahjo01 5 20110325 CHI 1
Boozer Carlos boozeca01 12 20110325 CHI 1
Bogans Keith boganke01 6 20110325 CHI 1
Korver Kyle korveky01 5 20110325 CHI 1
Brewer Ronnie brewero02 7 20110325 CHI 1
Gibson Taj gibsota01 6 20110325 CHI 1
Thomas Kurt thomaku01 0 20110325 CHI 1
Watson C.J. watsocj01 5 20110325 CHI 1
Aşık Ömer asikom01 6 20110325 CHI 1
Rose Derrick rosede01 30 20110326 CHI 1
Deng Luol denglu01 6 20110326 CHI 1
Noah Joakim noahjo01 12 20110326 CHI 1
Boozer Carlos boozeca01 14 20110326 CHI 1
Bogans Keith boganke01 8 20110326 CHI 1
Brewer Ronnie brewero02 10 20110326 CHI 1
Korver Kyle korveky01 4 20110326 CHI 1
Gibson Taj gibsota01 2 20110326 CHI 1
Watson C.J. watsocj01 5 20110326 CHI 1
Aşık Ömer asikom01 2 20110326 CHI 1
Thomas Kurt thomaku01 2 20110326 CHI 1
Jennings Brandon jennibr01 13 20110326 MIL 2
Delfino Carlos delfica01 23 20110326 MIL 2
Salmons John salmojo01 25 20110326 MIL 2
Bogut Andrew bogutan01 9 20110326 MIL 2
Mbah_a_Moute Luc mbahalu01 10 20110326 MIL 2
Sanders Larry sandela01 5 20110326 MIL 2
Dooling Keyon doolike01 0 20110326 MIL 2
Brockman Jon brockjo01 2 20110326 MIL 2
Brand Elton brandel01 13 20110328 PHI 1
Iguodala Andre iguodan01 19 20110328 PHI 1
Holiday Jrue holidjr01 12 20110328 PHI 1
Meeks Jodie meeksjo01 8 20110328 PHI 1
Hawes Spencer hawessp01 14 20110328 PHI 1
Williams Lou willilo02 10 20110328 PHI 1
Young Thaddeus youngth01 21 20110328 PHI 1
Turner Evan turneev01 0 20110328 PHI 1
Speights Marreese speigma01 0 20110328 PHI 1
Rose Derrick rosede01 31 20110328 CHI 0
Deng Luol denglu01 10 20110328 CHI 0
Noah Joakim noahjo01 10 20110328 CHI 0
Boozer Carlos boozeca01 15 20110328 CHI 0
Bogans Keith boganke01 5 20110328 CHI 0
Watson C.J. watsocj01 2 20110328 CHI 0
Brewer Ronnie brewero02 4 20110328 CHI 0
Gibson Taj gibsota01 4 20110328 CHI 0
Aşık Ömer asikom01 0 20110328 CHI 0
Korver Kyle korveky01 4 20110328 CHI 0
Budinger Chase budinch01 15 20110330 HOU 2
Hayes Chuck hayesch01 8 20110330 HOU 2
Lowry Kyle lowryky01 19 20110330 HOU 2
Martin Kevin martike02 18 20110330 HOU 2
Scola Luis scolalu01 17 20110330 HOU 2
Patterson Patrick pattepa01 8 20110330 HOU 2
Lee Courtney leeco01 2 20110330 HOU 2
Dragić Goran dragigo01 8 20110330 HOU 2
Hill Jordan hilljo01 2 20110330 HOU 2
Harris Mike harrimi01 0 20110330 HOU 2
Carroll DeMarre carrode01 0 20110330 HOU 2
Holiday Jrue holidjr01 24 20110330 PHI 1
Iguodala Andre iguodan01 9 20110330 PHI 1
Meeks Jodie meeksjo01 12 20110330 PHI 1
Hawes Spencer hawessp01 12 20110330 PHI 1
Brand Elton brandel01 8 20110330 PHI 1
Young Thaddeus youngth01 22 20110330 PHI 1
Williams Lou willilo02 15 20110330 PHI 1
Nocioni Andrés nocioan01 6 20110330 PHI 1
Lopez Brook lopezbr01 11 20110401 NJN 2
Outlaw Travis outlatr01 8 20110401 NJN 2
Williams Deron willide01 4 20110401 NJN 2
Morrow Anthony morroan01 5 20110401 NJN 2
Petro Johan petrojo01 6 20110401 NJN 2
Wright Brandan wrighbr03 15 20110401 NJN 2
Graham Stephen grahast01 2 20110401 NJN 2
Vujačić Sasha vujacsa01 10 20110401 NJN 2
Farmar Jordan farmajo01 7 20110401 NJN 2
Gadzuric Dan gadzuda01 7 20110401 NJN 2
West Mario westma02 13 20110401 NJN 2
Uzoh Ben uzohbe01 2 20110401 NJN 2
Iguodala Andre iguodan01 14 20110401 PHI 1
Holiday Jrue holidjr01 17 20110401 PHI 1
Brand Elton brandel01 21 20110401 PHI 1
Meeks Jodie meeksjo01 2 20110401 PHI 1
Hawes Spencer hawessp01 8 20110401 PHI 1
Young Thaddeus youngth01 22 20110401 PHI 1
Williams Lou willilo02 13 20110401 PHI 1
Nocioni Andrés nocioan01 8 20110401 PHI 1
Turner Evan turneev01 4 20110401 PHI 1
Speights Marreese speigma01 6 20110401 PHI 1
Kapono Jason kaponja01 0 20110401 PHI 1
Battie Tony battito01 0 20110401 PHI 1
Holiday Jrue holidjr01 15 20110402 PHI 0
Meeks Jodie meeksjo01 13 20110402 PHI 0
Iguodala Andre iguodan01 7 20110402 PHI 0
Brand Elton brandel01 20 20110402 PHI 0
Hawes Spencer hawessp01 12 20110402 PHI 0
Young Thaddeus youngth01 14 20110402 PHI 0
Williams Lou willilo02 3 20110402 PHI 0
Nocioni Andrés nocioan01 3 20110402 PHI 0
Speights Marreese speigma01 0 20110402 PHI 0
Kapono Jason kaponja01 0 20110402 PHI 0
Salmons John salmojo01 19 20110402 MIL 1
Jennings Brandon jennibr01 13 20110402 MIL 1
Bogut Andrew bogutan01 10 20110402 MIL 1
Mbah_a_Moute Luc mbahalu01 12 20110402 MIL 1
Maggette Corey maggeco01 8 20110402 MIL 1
Gooden Drew goodedr01 12 20110402 MIL 1
Dooling Keyon doolike01 8 20110402 MIL 1
Douglas-Roberts Chris douglch01 7 20110402 MIL 1
Sanders Larry sandela01 0 20110402 MIL 1
Redd Michael reddmi01 4 20110402 MIL 1
Jennings Brandon jennibr01 8 20110405 MIL 0
Delfino Carlos delfica01 7 20110405 MIL 0
Salmons John salmojo01 9 20110405 MIL 0
Mbah_a_Moute Luc mbahalu01 2 20110405 MIL 0
Bogut Andrew bogutan01 2 20110405 MIL 0
Gooden Drew goodedr01 18 20110405 MIL 0
Dooling Keyon doolike01 10 20110405 MIL 0
Maggette Corey maggeco01 8 20110405 MIL 0
Boykins Earl boykiea01 2 20110405 MIL 0
Sanders Larry sandela01 1 20110405 MIL 0
Redd Michael reddmi01 2 20110405 MIL 0
Douglas-Roberts Chris douglch01 3 20110405 MIL 0
Howard Dwight howardw01 18 20110405 ORL 1
Nelson Jameer nelsoja01 17 20110405 ORL 1
Bass Brandon bassbr01 13 20110405 ORL 1
Türkoğlu Hedo turkohe01 12 20110405 ORL 1
Richardson Jason richaja01 8 20110405 ORL 1
Anderson Ryan anderry01 3 20110405 ORL 1
Arenas Gilbert arenagi01 6 20110405 ORL 1
Richardson Quentin richaqu01 1 20110405 ORL 1
Duhon Chris duhonch01 0 20110405 ORL 1
Arenas Gilbert arenagi01 25 20110406 ORL 1
Türkoğlu Hedo turkohe01 17 20110406 ORL 1
Howard Dwight howardw01 15 20110406 ORL 1
Bass Brandon bassbr01 19 20110406 ORL 1
Nelson Jameer nelsoja01 18 20110406 ORL 1
Richardson Quentin richaqu01 3 20110406 ORL 1
Anderson Ryan anderry01 10 20110406 ORL 1
Duhon Chris duhonch01 0 20110406 ORL 1
Clark Earl clarkea01 4 20110406 ORL 1
Cunningham Dante cunnida01 16 20110406 CHA 2
Henderson Gerald hendege02 32 20110406 CHA 2
Brown Kwame brownkw01 14 20110406 CHA 2
Diaw Boris diawbo01 17 20110406 CHA 2
Augustin D.J. augusdj01 6 20110406 CHA 2
White D.J. whitedj01 8 20110406 CHA 2
Temple Garrett templga01 2 20110406 CHA 2
Carroll Matt carroma01 5 20110406 CHA 2
McGuire Dominic mcguido01 2 20110406 CHA 2
Deng Luol denglu01 15 20110410 CHI 1
Rose Derrick rosede01 39 20110410 CHI 1
Boozer Carlos boozeca01 12 20110410 CHI 1
Bogans Keith boganke01 8 20110410 CHI 1
Noah Joakim noahjo01 4 20110410 CHI 1
Gibson Taj gibsota01 9 20110410 CHI 1
Brewer Ronnie brewero02 6 20110410 CHI 1
Korver Kyle korveky01 5 20110410 CHI 1
Aşık Ömer asikom01 2 20110410 CHI 1
Watson C.J. watsocj01 2 20110410 CHI 1
Bass Brandon bassbr01 5 20110410 ORL 0
Richardson Jason richaja01 24 20110410 ORL 0
Türkoğlu Hedo turkohe01 9 20110410 ORL 0
Anderson Ryan anderry01 28 20110410 ORL 0
Nelson Jameer nelsoja01 17 20110410 ORL 0
Arenas Gilbert arenagi01 5 20110410 ORL 0
Allen Malik allenma01 2 20110410 ORL 0
Duhon Chris duhonch01 7 20110410 ORL 0
Clark Earl clarkea01 2 20110410 ORL 0
Deng Luol denglu01 23 20110412 CHI 1
Rose Derrick rosede01 26 20110412 CHI 1
Boozer Carlos boozeca01 14 20110412 CHI 1
Noah Joakim noahjo01 13 20110412 CHI 1
Bogans Keith boganke01 8 20110412 CHI 1
Gibson Taj gibsota01 4 20110412 CHI 1
Korver Kyle korveky01 4 20110412 CHI 1
Watson C.J. watsocj01 9 20110412 CHI 1
Aşık Ömer asikom01 2 20110412 CHI 1
Brewer Ronnie brewero02 0 20110412 CHI 1
Anthony Carmelo anthoca01 21 20110412 NYK 2
Williams Shawne willish03 10 20110412 NYK 2
Billups Chauncey billuch01 10 20110412 NYK 2
Fields Landry fieldla01 8 20110412 NYK 2
Turiaf Ronny turiaro01 6 20110412 NYK 2
Douglas Toney douglto01 13 20110412 NYK 2
Walker Henry walkebi01 18 20110412 NYK 2
Jeffries Jared jeffrja01 2 20110412 NYK 2
Carter Anthony cartean01 2 20110412 NYK 2
Brown Derrick brownde04 0 20110412 NYK 2
Williams Shelden willish02 0 20110412 NYK 2
Vujačić Sasha vujacsa01 10 20110413 NJN 2
Farmar Jordan farmajo01 21 20110413 NJN 2
Lopez Brook lopezbr01 17 20110413 NJN 2
Graham Stephen grahast01 11 20110413 NJN 2
Gadzuric Dan gadzuda01 5 20110413 NJN 2
Outlaw Travis outlatr01 9 20110413 NJN 2
Petro Johan petrojo01 13 20110413 NJN 2
Wright Brandan wrighbr03 4 20110413 NJN 2
Uzoh Ben uzohbe01 2 20110413 NJN 2
Deng Luol denglu01 11 20110413 CHI 1
Rose Derrick rosede01 15 20110413 CHI 1
Boozer Carlos boozeca01 8 20110413 CHI 1
Noah Joakim noahjo01 10 20110413 CHI 1
Bogans Keith boganke01 3 20110413 CHI 1
Korver Kyle korveky01 19 20110413 CHI 1
Gibson Taj gibsota01 9 20110413 CHI 1
Thomas Kurt thomaku01 2 20110413 CHI 1
Watson C.J. watsocj01 8 20110413 CHI 1
Butler Rasual butlera01 10 20110413 CHI 1
Aşık Ömer asikom01 2 20110413 CHI 1
Granger Danny grangda01 24 20110416 IND 2
Hansbrough Tyler hansbty01 22 20110416 IND 2
Collison Darren collida01 17 20110416 IND 2
Hibbert Roy hibbero01 11 20110416 IND 2
George Paul georgpa01 2 20110416 IND 2
Rush Brandon rushbr01 7 20110416 IND 2
Foster Jeff fosteje01 4 20110416 IND 2
Dunleavy Mike dunlemi02 0 20110416 IND 2
Price A.J. priceaj01 8 20110416 IND 2
McRoberts Josh mcrobjo01 4 20110416 IND 2
Deng Luol denglu01 18 20110416 CHI 1
Rose Derrick rosede01 39 20110416 CHI 1
Noah Joakim noahjo01 10 20110416 CHI 1
Boozer Carlos boozeca01 12 20110416 CHI 1
Bogans Keith boganke01 0 20110416 CHI 1
Thomas Kurt thomaku01 6 20110416 CHI 1
Korver Kyle korveky01 13 20110416 CHI 1
Brewer Ronnie brewero02 2 20110416 CHI 1
Gibson Taj gibsota01 2 20110416 CHI 1
Watson C.J. watsocj01 2 20110416 CHI 1
Aşık Ömer asikom01 0 20110416 CHI 1
Hansbrough Tyler hansbty01 6 20110418 IND 2
George Paul georgpa01 6 20110418 IND 2
Granger Danny grangda01 19 20110418 IND 2
Hibbert Roy hibbero01 8 20110418 IND 2
Collison Darren collida01 8 20110418 IND 2
Price A.J. priceaj01 13 20110418 IND 2
Foster Jeff fosteje01 9 20110418 IND 2
McRoberts Josh mcrobjo01 6 20110418 IND 2
Rush Brandon rushbr01 2 20110418 IND 2
Dunleavy Mike dunlemi02 8 20110418 IND 2
Ford T.J. fordtj01 5 20110418 IND 2
Boozer Carlos boozeca01 17 20110418 CHI 1
Rose Derrick rosede01 36 20110418 CHI 1
Deng Luol denglu01 14 20110418 CHI 1
Noah Joakim noahjo01 4 20110418 CHI 1
Bogans Keith boganke01 3 20110418 CHI 1
Korver Kyle korveky01 5 20110418 CHI 1
Brewer Ronnie brewero02 4 20110418 CHI 1
Gibson Taj gibsota01 2 20110418 CHI 1
Thomas Kurt thomaku01 4 20110418 CHI 1
Watson C.J. watsocj01 7 20110418 CHI 1
Aşık Ömer asikom01 0 20110418 CHI 1
Deng Luol denglu01 21 20110421 CHI 1
Rose Derrick rosede01 23 20110421 CHI 1
Noah Joakim noahjo01 11 20110421 CHI 1
Boozer Carlos boozeca01 4 20110421 CHI 1
Bogans Keith boganke01 9 20110421 CHI 1
Gibson Taj gibsota01 6 20110421 CHI 1
Korver Kyle korveky01 12 20110421 CHI 1
Brewer Ronnie brewero02 2 20110421 CHI 1
Watson C.J. watsocj01 0 20110421 CHI 1
Thomas Kurt thomaku01 0 20110421 CHI 1
Aşık Ömer asikom01 0 20110421 CHI 1
Granger Danny grangda01 21 20110421 IND 2
Collison Darren collida01 9 20110421 IND 2
Hansbrough Tyler hansbty01 10 20110421 IND 2
George Paul georgpa01 6 20110421 IND 2
Hibbert Roy hibbero01 6 20110421 IND 2
Foster Jeff fosteje01 2 20110421 IND 2
McRoberts Josh mcrobjo01 9 20110421 IND 2
Jones Dahntay jonesda02 11 20110421 IND 2
Dunleavy Mike dunlemi02 6 20110421 IND 2
Price A.J. priceaj01 4 20110421 IND 2
Rush Brandon rushbr01 0 20110421 IND 2
Deng Luol denglu01 16 20110423 CHI 0
Rose Derrick rosede01 15 20110423 CHI 0
Boozer Carlos boozeca01 15 20110423 CHI 0
Noah Joakim noahjo01 21 20110423 CHI 0
Bogans Keith boganke01 0 20110423 CHI 0
Korver Kyle korveky01 9 20110423 CHI 0
Gibson Taj gibsota01 0 20110423 CHI 0
Brewer Ronnie brewero02 2 20110423 CHI 0
Thomas Kurt thomaku01 4 20110423 CHI 0
Watson C.J. watsocj01 2 20110423 CHI 0
Aşık Ömer asikom01 0 20110423 CHI 0
Granger Danny grangda01 24 20110423 IND 1
Collison Darren collida01 6 20110423 IND 1
Hibbert Roy hibbero01 16 20110423 IND 1
Hansbrough Tyler hansbty01 4 20110423 IND 1
George Paul georgpa01 9 20110423 IND 1
McRoberts Josh mcrobjo01 6 20110423 IND 1
Jones Dahntay jonesda02 5 20110423 IND 1
Foster Jeff fosteje01 2 20110423 IND 1
Price A.J. priceaj01 10 20110423 IND 1
Dunleavy Mike dunlemi02 7 20110423 IND 1
Rush Brandon rushbr01 0 20110423 IND 1
Granger Danny grangda01 20 20110426 IND 0
Hansbrough Tyler hansbty01 14 20110426 IND 0
Collison Darren collida01 7 20110426 IND 0
George Paul georgpa01 7 20110426 IND 0
Hibbert Roy hibbero01 11 20110426 IND 0
Foster Jeff fosteje01 0 20110426 IND 0
Dunleavy Mike dunlemi02 4 20110426 IND 0
Rush Brandon rushbr01 7 20110426 IND 0
Price A.J. priceaj01 7 20110426 IND 0
Jones Dahntay jonesda02 10 20110426 IND 0
McRoberts Josh mcrobjo01 0 20110426 IND 0
Ford T.J. fordtj01 2 20110426 IND 0
Deng Luol denglu01 24 20110426 CHI 1
Noah Joakim noahjo01 14 20110426 CHI 1
Rose Derrick rosede01 25 20110426 CHI 1
Bogans Keith boganke01 15 20110426 CHI 1
Boozer Carlos boozeca01 2 20110426 CHI 1
Gibson Taj gibsota01 10 20110426 CHI 1
Korver Kyle korveky01 13 20110426 CHI 1
Watson C.J. watsocj01 6 20110426 CHI 1
Aşık Ömer asikom01 2 20110426 CHI 1
Brewer Ronnie brewero02 2 20110426 CHI 1
Butler Rasual butlera01 3 20110426 CHI 1
Johnson Joe johnsjo02 34 20110502 ATL 1
Teague Jeff teaguje01 10 20110502 ATL 1
Horford Al horfoal01 9 20110502 ATL 1
Smith Josh smithjo03 8 20110502 ATL 1
Williams Marvin willima02 5 20110502 ATL 1
Crawford Jamal crawfja01 22 20110502 ATL 1
Pachulia Zaza pachuza01 6 20110502 ATL 1
Collins Jason collija04 5 20110502 ATL 1
Wilkins Damien wilkida02 4 20110502 ATL 1
Deng Luol denglu01 21 20110502 CHI 0
Rose Derrick rosede01 24 20110502 CHI 0
Noah Joakim noahjo01 11 20110502 CHI 0
Boozer Carlos boozeca01 14 20110502 CHI 0
Bogans Keith boganke01 3 20110502 CHI 0
Korver Kyle korveky01 9 20110502 CHI 0
Brewer Ronnie brewero02 6 20110502 CHI 0
Gibson Taj gibsota01 2 20110502 CHI 0
Watson C.J. watsocj01 5 20110502 CHI 0
Aşık Ömer asikom01 0 20110502 CHI 0
Thomas Kurt thomaku01 0 20110502 CHI 0
Horford Al horfoal01 6 20110504 ATL 0
Johnson Joe johnsjo02 16 20110504 ATL 0
Teague Jeff teaguje01 21 20110504 ATL 0
Smith Josh smithjo03 13 20110504 ATL 0
Williams Marvin willima02 4 20110504 ATL 0
Crawford Jamal crawfja01 11 20110504 ATL 0
Pachulia Zaza pachuza01 0 20110504 ATL 0
Wilkins Damien wilkida02 2 20110504 ATL 0
Collins Jason collija04 0 20110504 ATL 0
Armstrong Hilton armsthi01 0 20110504 ATL 0
Powell Josh poweljo01 0 20110504 ATL 0
Sy Pape sypa01 0 20110504 ATL 0
Deng Luol denglu01 14 20110504 CHI 1
Rose Derrick rosede01 25 20110504 CHI 1
Noah Joakim noahjo01 19 20110504 CHI 1
Boozer Carlos boozeca01 8 20110504 CHI 1
Bogans Keith boganke01 6 20110504 CHI 1
Korver Kyle korveky01 5 20110504 CHI 1
Gibson Taj gibsota01 2 20110504 CHI 1
Brewer Ronnie brewero02 2 20110504 CHI 1
Watson C.J. watsocj01 3 20110504 CHI 1
Thomas Kurt thomaku01 2 20110504 CHI 1
Aşık Ömer asikom01 0 20110504 CHI 1
Deng Luol denglu01 7 20110506 CHI 1
Rose Derrick rosede01 44 20110506 CHI 1
Noah Joakim noahjo01 2 20110506 CHI 1
Boozer Carlos boozeca01 6 20110506 CHI 1
Bogans Keith boganke01 6 20110506 CHI 1
Gibson Taj gibsota01 13 20110506 CHI 1
Korver Kyle korveky01 11 20110506 CHI 1
Brewer Ronnie brewero02 2 20110506 CHI 1
Aşık Ömer asikom01 0 20110506 CHI 1
Watson C.J. watsocj01 8 20110506 CHI 1
Butler Rasual butlera01 0 20110506 CHI 1
Teague Jeff teaguje01 21 20110506 ATL 2
Smith Josh smithjo03 17 20110506 ATL 2
Johnson Joe johnsjo02 10 20110506 ATL 2
Horford Al horfoal01 10 20110506 ATL 2
Williams Marvin willima02 10 20110506 ATL 2
Crawford Jamal crawfja01 7 20110506 ATL 2
Pachulia Zaza pachuza01 1 20110506 ATL 2
Wilkins Damien wilkida02 4 20110506 ATL 2
Armstrong Hilton armsthi01 1 20110506 ATL 2
Powell Josh poweljo01 0 20110506 ATL 2
Sy Pape sypa01 1 20110506 ATL 2
Collins Jason collija04 0 20110506 ATL 2
Deng Luol denglu01 13 20110508 CHI 0
Rose Derrick rosede01 34 20110508 CHI 0
Noah Joakim noahjo01 6 20110508 CHI 0
Boozer Carlos boozeca01 18 20110508 CHI 0
Bogans Keith boganke01 3 20110508 CHI 0
Korver Kyle korveky01 2 20110508 CHI 0
Gibson Taj gibsota01 9 20110508 CHI 0
Brewer Ronnie brewero02 0 20110508 CHI 0
Aşık Ömer asikom01 3 20110508 CHI 0
Watson C.J. watsocj01 0 20110508 CHI 0
Smith Josh smithjo03 23 20110508 ATL 1
Johnson Joe johnsjo02 24 20110508 ATL 1
Teague Jeff teaguje01 12 20110508 ATL 1
Horford Al horfoal01 20 20110508 ATL 1
Collins Jason collija04 4 20110508 ATL 1
Crawford Jamal crawfja01 12 20110508 ATL 1
Pachulia Zaza pachuza01 5 20110508 ATL 1
Williams Marvin willima02 0 20110508 ATL 1
Wilkins Damien wilkida02 0 20110508 ATL 1
Horford Al horfoal01 12 20110510 ATL 0
Teague Jeff teaguje01 21 20110510 ATL 0
Johnson Joe johnsjo02 15 20110510 ATL 0
Smith Josh smithjo03 16 20110510 ATL 0
Collins Jason collija04 0 20110510 ATL 0
Crawford Jamal crawfja01 2 20110510 ATL 0
Pachulia Zaza pachuza01 13 20110510 ATL 0
Williams Marvin willima02 2 20110510 ATL 0
Powell Josh poweljo01 2 20110510 ATL 0
Armstrong Hilton armsthi01 0 20110510 ATL 0
Wilkins Damien wilkida02 0 20110510 ATL 0
Sy Pape sypa01 0 20110510 ATL 0
Deng Luol denglu01 23 20110510 CHI 1
Rose Derrick rosede01 33 20110510 CHI 1
Boozer Carlos boozeca01 11 20110510 CHI 1
Noah Joakim noahjo01 0 20110510 CHI 1
Bogans Keith boganke01 11 20110510 CHI 1
Brewer Ronnie brewero02 4 20110510 CHI 1
Gibson Taj gibsota01 11 20110510 CHI 1
Aşık Ömer asikom01 0 20110510 CHI 1
Watson C.J. watsocj01 2 20110510 CHI 1
Korver Kyle korveky01 0 20110510 CHI 1
Butler Rasual butlera01 0 20110510 CHI 1
Deng Luol denglu01 13 20110512 CHI 1
Rose Derrick rosede01 19 20110512 CHI 1
Boozer Carlos boozeca01 23 20110512 CHI 1
Noah Joakim noahjo01 11 20110512 CHI 1
Bogans Keith boganke01 3 20110512 CHI 1
Aşık Ömer asikom01 5 20110512 CHI 1
Korver Kyle korveky01 7 20110512 CHI 1
Brewer Ronnie brewero02 2 20110512 CHI 1
Gibson Taj gibsota01 10 20110512 CHI 1
Watson C.J. watsocj01 0 20110512 CHI 1
Johnson Joe johnsjo02 19 20110512 ATL 2
Smith Josh smithjo03 18 20110512 ATL 2
Horford Al horfoal01 7 20110512 ATL 2
Teague Jeff teaguje01 4 20110512 ATL 2
Collins Jason collija04 4 20110512 ATL 2
Crawford Jamal crawfja01 8 20110512 ATL 2
Pachulia Zaza pachuza01 1 20110512 ATL 2
Williams Marvin willima02 0 20110512 ATL 2
Sy Pape sypa01 5 20110512 ATL 2
Armstrong Hilton armsthi01 3 20110512 ATL 2
Powell Josh poweljo01 2 20110512 ATL 2
Wilkins Damien wilkida02 2 20110512 ATL 2
James LeBron jamesle01 15 20110515 MIA 2
Wade Dwyane wadedw01 18 20110515 MIA 2
Bosh Chris boshch01 30 20110515 MIA 2
Anthony Joel anthojo01 0 20110515 MIA 2
Bibby Mike bibbymi01 4 20110515 MIA 2
Jones James jonesja02 4 20110515 MIA 2
Chalmers Mario chalmma01 9 20110515 MIA 2
Magloire Jamaal magloja01 2 20110515 MIA 2
Haslem Udonis hasleud01 0 20110515 MIA 2
Miller Mike millemi01 0 20110515 MIA 2
Howard Juwan howarju01 0 20110515 MIA 2
House Eddie houseed01 0 20110515 MIA 2
Deng Luol denglu01 21 20110515 CHI 1
Rose Derrick rosede01 28 20110515 CHI 1
Noah Joakim noahjo01 9 20110515 CHI 1
Boozer Carlos boozeca01 14 20110515 CHI 1
Bogans Keith boganke01 3 20110515 CHI 1
Gibson Taj gibsota01 9 20110515 CHI 1
Brewer Ronnie brewero02 8 20110515 CHI 1
Korver Kyle korveky01 3 20110515 CHI 1
Aşık Ömer asikom01 5 20110515 CHI 1
Watson C.J. watsocj01 3 20110515 CHI 1
James LeBron jamesle01 29 20110518 MIA 1
Bosh Chris boshch01 10 20110518 MIA 1
Wade Dwyane wadedw01 24 20110518 MIA 1
Bibby Mike bibbymi01 5 20110518 MIA 1
Anthony Joel anthojo01 0 20110518 MIA 1
Haslem Udonis hasleud01 13 20110518 MIA 1
Miller Mike millemi01 2 20110518 MIA 1
Chalmers Mario chalmma01 0 20110518 MIA 1
Magloire Jamaal magloja01 2 20110518 MIA 1
Jones James jonesja02 0 20110518 MIA 1
Howard Juwan howarju01 0 20110518 MIA 1
Deng Luol denglu01 13 20110518 CHI 0
Rose Derrick rosede01 21 20110518 CHI 0
Noah Joakim noahjo01 9 20110518 CHI 0
Boozer Carlos boozeca01 7 20110518 CHI 0
Bogans Keith boganke01 5 20110518 CHI 0
Gibson Taj gibsota01 8 20110518 CHI 0
Korver Kyle korveky01 3 20110518 CHI 0
Aşık Ömer asikom01 0 20110518 CHI 0
Brewer Ronnie brewero02 7 20110518 CHI 0
Watson C.J. watsocj01 2 20110518 CHI 0
Deng Luol denglu01 14 20110522 CHI 2
Boozer Carlos boozeca01 26 20110522 CHI 2
Rose Derrick rosede01 20 20110522 CHI 2
Noah Joakim noahjo01 1 20110522 CHI 2
Bogans Keith boganke01 4 20110522 CHI 2
Brewer Ronnie brewero02 4 20110522 CHI 2
Aşık Ömer asikom01 0 20110522 CHI 2
Gibson Taj gibsota01 11 20110522 CHI 2
Korver Kyle korveky01 3 20110522 CHI 2
Watson C.J. watsocj01 2 20110522 CHI 2
James LeBron jamesle01 22 20110522 MIA 1
Bosh Chris boshch01 34 20110522 MIA 1
Wade Dwyane wadedw01 17 20110522 MIA 1
Anthony Joel anthojo01 3 20110522 MIA 1
Bibby Mike bibbymi01 6 20110522 MIA 1
Haslem Udonis hasleud01 8 20110522 MIA 1
Chalmers Mario chalmma01 6 20110522 MIA 1
Miller Mike millemi01 0 20110522 MIA 1
Boozer Carlos boozeca01 20 20110524 CHI 2
Rose Derrick rosede01 23 20110524 CHI 2
Noah Joakim noahjo01 6 20110524 CHI 2
Deng Luol denglu01 20 20110524 CHI 2
Bogans Keith boganke01 6 20110524 CHI 2
Brewer Ronnie brewero02 7 20110524 CHI 2
Korver Kyle korveky01 5 20110524 CHI 2
Gibson Taj gibsota01 0 20110524 CHI 2
Watson C.J. watsocj01 6 20110524 CHI 2
Aşık Ömer asikom01 0 20110524 CHI 2
James LeBron jamesle01 35 20110524 MIA 1
Bosh Chris boshch01 22 20110524 MIA 1
Wade Dwyane wadedw01 14 20110524 MIA 1
Anthony Joel anthojo01 2 20110524 MIA 1
Bibby Mike bibbymi01 5 20110524 MIA 1
Haslem Udonis hasleud01 2 20110524 MIA 1
Miller Mike millemi01 12 20110524 MIA 1
Chalmers Mario chalmma01 9 20110524 MIA 1
James LeBron jamesle01 28 20110526 MIA 1
Bosh Chris boshch01 20 20110526 MIA 1
Wade Dwyane wadedw01 21 20110526 MIA 1
Anthony Joel anthojo01 3 20110526 MIA 1
Bibby Mike bibbymi01 0 20110526 MIA 1
Haslem Udonis hasleud01 0 20110526 MIA 1
Miller Mike millemi01 7 20110526 MIA 1
Chalmers Mario chalmma01 4 20110526 MIA 1
Rose Derrick rosede01 25 20110526 CHI 2
Deng Luol denglu01 18 20110526 CHI 2
Noah Joakim noahjo01 5 20110526 CHI 2
Boozer Carlos boozeca01 5 20110526 CHI 2
Bogans Keith boganke01 5 20110526 CHI 2
Brewer Ronnie brewero02 10 20110526 CHI 2
Gibson Taj gibsota01 0 20110526 CHI 2
Thomas Kurt thomaku01 4 20110526 CHI 2
Korver Kyle korveky01 5 20110526 CHI 2
Watson C.J. watsocj01 3 20110526 CHI 2
Nowitzki Dirk nowitdi01 27 20110531 DAL 2
Kidd Jason kiddja01 9 20110531 DAL 2
Marion Shawn mariosh01 16 20110531 DAL 2
Chandler Tyson chandty01 9 20110531 DAL 2
Stevenson DeShawn stevede01 6 20110531 DAL 2
Terry Jason terryja01 12 20110531 DAL 2
Barea J.J. bareajo01 2 20110531 DAL 2
Stojaković Peja stojape01 0 20110531 DAL 2
Haywood Brendan haywobr01 3 20110531 DAL 2
James LeBron jamesle01 24 20110531 MIA 1
Bosh Chris boshch01 19 20110531 MIA 1
Wade Dwyane wadedw01 22 20110531 MIA 1
Anthony Joel anthojo01 0 20110531 MIA 1
Bibby Mike bibbymi01 0 20110531 MIA 1
Haslem Udonis hasleud01 7 20110531 MIA 1
Chalmers Mario chalmma01 12 20110531 MIA 1
Miller Mike millemi01 6 20110531 MIA 1
Howard Juwan howarju01 2 20110531 MIA 1
Nowitzki Dirk nowitdi01 24 20110602 DAL 1
Marion Shawn mariosh01 20 20110602 DAL 1
Chandler Tyson chandty01 13 20110602 DAL 1
Kidd Jason kiddja01 6 20110602 DAL 1
Stevenson DeShawn stevede01 9 20110602 DAL 1
Terry Jason terryja01 16 20110602 DAL 1
Barea J.J. bareajo01 5 20110602 DAL 1
Haywood Brendan haywobr01 2 20110602 DAL 1
Stojaković Peja stojape01 0 20110602 DAL 1
Cardinal Brian cardibr01 0 20110602 DAL 1
Wade Dwyane wadedw01 36 20110602 MIA 0
Bosh Chris boshch01 12 20110602 MIA 0
James LeBron jamesle01 20 20110602 MIA 0
Anthony Joel anthojo01 0 20110602 MIA 0
Bibby Mike bibbymi01 14 20110602 MIA 0
Haslem Udonis hasleud01 2 20110602 MIA 0
Chalmers Mario chalmma01 9 20110602 MIA 0
Miller Mike millemi01 0 20110602 MIA 0
James LeBron jamesle01 17 20110605 MIA 1
Wade Dwyane wadedw01 29 20110605 MIA 1
Bosh Chris boshch01 18 20110605 MIA 1
Anthony Joel anthojo01 2 20110605 MIA 1
Bibby Mike bibbymi01 3 20110605 MIA 1
Haslem Udonis hasleud01 6 20110605 MIA 1
Chalmers Mario chalmma01 12 20110605 MIA 1
Miller Mike millemi01 0 20110605 MIA 1
Howard Juwan howarju01 1 20110605 MIA 1
Marion Shawn mariosh01 10 20110605 DAL 0
Nowitzki Dirk nowitdi01 34 20110605 DAL 0
Chandler Tyson chandty01 5 20110605 DAL 0
Kidd Jason kiddja01 9 20110605 DAL 0
Stevenson DeShawn stevede01 3 20110605 DAL 0
Terry Jason terryja01 15 20110605 DAL 0
Barea J.J. bareajo01 6 20110605 DAL 0
Mahinmi Ian mahinia01 2 20110605 DAL 0
Stojaković Peja stojape01 2 20110605 DAL 0
Cardinal Brian cardibr01 0 20110605 DAL 0
James LeBron jamesle01 8 20110607 MIA 0
Bosh Chris boshch01 24 20110607 MIA 0
Wade Dwyane wadedw01 32 20110607 MIA 0
Anthony Joel anthojo01 4 20110607 MIA 0
Bibby Mike bibbymi01 0 20110607 MIA 0
Chalmers Mario chalmma01 5 20110607 MIA 0
Haslem Udonis hasleud01 4 20110607 MIA 0
Miller Mike millemi01 6 20110607 MIA 0
Howard Juwan howarju01 0 20110607 MIA 0
Chandler Tyson chandty01 13 20110607 DAL 1
Nowitzki Dirk nowitdi01 21 20110607 DAL 1
Kidd Jason kiddja01 0 20110607 DAL 1
Marion Shawn mariosh01 16 20110607 DAL 1
Barea J.J. bareajo01 8 20110607 DAL 1
Terry Jason terryja01 17 20110607 DAL 1
Stevenson DeShawn stevede01 11 20110607 DAL 1
Cardinal Brian cardibr01 0 20110607 DAL 1
Haywood Brendan haywobr01 0 20110607 DAL 1
Stojaković Peja stojape01 0 20110607 DAL 1
James LeBron jamesle01 17 20110609 MIA 2
Bosh Chris boshch01 19 20110609 MIA 2
Wade Dwyane wadedw01 23 20110609 MIA 2
Anthony Joel anthojo01 2 20110609 MIA 2
Bibby Mike bibbymi01 2 20110609 MIA 2
Haslem Udonis hasleud01 10 20110609 MIA 2
Chalmers Mario chalmma01 15 20110609 MIA 2
Miller Mike millemi01 9 20110609 MIA 2
Howard Juwan howarju01 6 20110609 MIA 2
House Eddie houseed01 0 20110609 MIA 2
Kidd Jason kiddja01 13 20110609 DAL 1
Nowitzki Dirk nowitdi01 29 20110609 DAL 1
Chandler Tyson chandty01 13 20110609 DAL 1
Marion Shawn mariosh01 8 20110609 DAL 1
Barea J.J. bareajo01 17 20110609 DAL 1
Terry Jason terryja01 21 20110609 DAL 1
Stevenson DeShawn stevede01 4 20110609 DAL 1
Cardinal Brian cardibr01 4 20110609 DAL 1
Mahinmi Ian mahinia01 3 20110609 DAL 1
Nowitzki Dirk nowitdi01 21 20110612 DAL 1
Kidd Jason kiddja01 9 20110612 DAL 1
Marion Shawn mariosh01 12 20110612 DAL 1
Chandler Tyson chandty01 5 20110612 DAL 1
Barea J.J. bareajo01 15 20110612 DAL 1
Terry Jason terryja01 27 20110612 DAL 1
Stevenson DeShawn stevede01 9 20110612 DAL 1
Cardinal Brian cardibr01 3 20110612 DAL 1
Mahinmi Ian mahinia01 4 20110612 DAL 1
Wade Dwyane wadedw01 17 20110612 MIA 2
James LeBron jamesle01 21 20110612 MIA 2
Bosh Chris boshch01 19 20110612 MIA 2
Chalmers Mario chalmma01 18 20110612 MIA 2
Anthony Joel anthojo01 0 20110612 MIA 2
Haslem Udonis hasleud01 11 20110612 MIA 2
House Eddie houseed01 9 20110612 MIA 2
Miller Mike millemi01 0 20110612 MIA 2
Howard Juwan howarju01 0 20110612 MIA 2
James LeBron jamesle01 37 20111225 MIA 1
Wade Dwyane wadedw01 26 20111225 MIA 1
Anthony Joel anthojo01 6 20111225 MIA 1
Chalmers Mario chalmma01 3 20111225 MIA 1
Bosh Chris boshch01 4 20111225 MIA 1
Haslem Udonis hasleud01 9 20111225 MIA 1
Cole Norris coleno01 7 20111225 MIA 1
Jones James jonesja02 9 20111225 MIA 1
Howard Juwan howarju01 4 20111225 MIA 1
Battier Shane battish01 0 20111225 MIA 1
Harris Terrel harrite01 0 20111225 MIA 1
Gladness Mickell gladnmi01 0 20111225 MIA 1
Pittman Dexter pittmde01 0 20111225 MIA 1
Marion Shawn mariosh01 12 20111225 DAL 0
Nowitzki Dirk nowitdi01 21 20111225 DAL 0
Kidd Jason kiddja01 9 20111225 DAL 0
Carter Vince cartevi01 5 20111225 DAL 0
Haywood Brendan haywobr01 0 20111225 DAL 0
Terry Jason terryja01 23 20111225 DAL 0
West Delonte westde01 10 20111225 DAL 0
Mahinmi Ian mahinia01 2 20111225 DAL 0
Cardinal Brian cardibr01 4 20111225 DAL 0
Odom Lamar odomla01 4 20111225 DAL 0
Wright Brandan wrighbr03 0 20111225 DAL 0
Beaubois Rodrigue beaubro01 0 20111225 DAL 0
Jones Dominique jonesdo02 4 20111225 DAL 0
Rondo Rajon rondora01 22 20111227 BOS 2
Allen Ray allenra02 28 20111227 BOS 2
Garnett Kevin garneke01 12 20111227 BOS 2
O'Neal Jermaine onealje01 0 20111227 BOS 2
Pavlović Sasha pavloal01 5 20111227 BOS 2
Bass Brandon bassbr01 13 20111227 BOS 2
Dooling Keyon doolike01 18 20111227 BOS 2
Daniels Marquis daniema01 9 20111227 BOS 2
Wilcox Chris wilcoch01 0 20111227 BOS 2
Bradley Avery bradlav01 0 20111227 BOS 2
Bosh Chris boshch01 18 20111227 MIA 1
Wade Dwyane wadedw01 24 20111227 MIA 1
James LeBron jamesle01 26 20111227 MIA 1
Anthony Joel anthojo01 4 20111227 MIA 1
Chalmers Mario chalmma01 4 20111227 MIA 1
Haslem Udonis hasleud01 4 20111227 MIA 1
Cole Norris coleno01 20 20111227 MIA 1
Battier Shane battish01 4 20111227 MIA 1
Jones James jonesja02 9 20111227 MIA 1
Howard Juwan howarju01 2 20111227 MIA 1
Bosh Chris boshch01 25 20111228 MIA 1
James LeBron jamesle01 35 20111228 MIA 1
Wade Dwyane wadedw01 10 20111228 MIA 1
Chalmers Mario chalmma01 15 20111228 MIA 1
Anthony Joel anthojo01 0 20111228 MIA 1
Haslem Udonis hasleud01 4 20111228 MIA 1
Battier Shane battish01 0 20111228 MIA 1
Cole Norris coleno01 5 20111228 MIA 1
Jones James jonesja02 2 20111228 MIA 1
Howard Juwan howarju01 0 20111228 MIA 1
Henderson Gerald hendege02 21 20111228 CHA 2
Diaw Boris diawbo01 16 20111228 CHA 2
White D.J. whitedj01 8 20111228 CHA 2
Augustin D.J. augusdj01 20 20111228 CHA 2
Maggette Corey maggeco01 6 20111228 CHA 2
Walker Kemba walkeke02 14 20111228 CHA 2
Brown Derrick brownde04 0 20111228 CHA 2
Biyombo Bismack biyombi01 2 20111228 CHA 2
Mullens Byron mulleby01 6 20111228 CHA 2
Carroll Matt carroma01 2 20111228 CHA 2
Wade Dwyane wadedw01 19 20111230 MIA 1
James LeBron jamesle01 34 20111230 MIA 1
Bosh Chris boshch01 20 20111230 MIA 1
Anthony Joel anthojo01 0 20111230 MIA 1
Chalmers Mario chalmma01 9 20111230 MIA 1
Cole Norris coleno01 12 20111230 MIA 1
Haslem Udonis hasleud01 9 20111230 MIA 1
Battier Shane battish01 0 20111230 MIA 1
Howard Juwan howarju01 0 20111230 MIA 1
Jones James jonesja02 0 20111230 MIA 1
Love Kevin loveke01 25 20111230 MIN 2
Beasley Michael beaslmi01 4 20111230 MIN 2
Miličić Darko milicda01 3 20111230 MIN 2
Ridnour Luke ridnolu01 6 20111230 MIN 2
Johnson Wesley johnswe01 6 20111230 MIN 2
Rubio Ricky rubiori01 12 20111230 MIN 2
Ellington Wayne ellinwa01 11 20111230 MIN 2
Tolliver Anthony tollian01 10 20111230 MIN 2
Randolph Anthony randoan01 14 20111230 MIN 2
Williams Derrick willide02 10 20111230 MIN 2
